시군,시도,용도지역구분,용도지역,건폐율_값,건폐율_단위,건폐율_출처조문,용적률_값,용적률_단위,용적률_출처조문,시행일,조례번호,조회일
남해군,경남,도시지역-주거,제1종전용주거지역,50,% 이하,제40조제1항,100,% 이하,제45조제1항,2026.4.7,2897,2026-09-21
남해군,경남,도시지역-주거,제2종전용주거지역,50,% 이하,제40조제1항,150,% 이하,제45조제1항,2026.4.7,2897,2026-09-21
남해군,경남,도시지역-주거,제1종일반주거지역,60,% 이하,제40조제1항,200,% 이하,제45조제1항,2026.4.7,2897,2026-09-21
남해군,경남,도시지역-주거,제2종일반주거지역,60,% 이하,제40조제1항,250,% 이하,제45조제1항,2026.4.7,2897,2026-09-21
남해군,경남,도시지역-주거,제3종일반주거지역,50,% 이하,제40조제1항,300,% 이하,제45조제1항,2026.4.7,2897,2026-09-21
남해군,경남,도시지역-주거,준주거지역,70,% 이하,제40조제1항,500,% 이하,제45조제1항,2026.4.7,2897,2026-09-21
남해군,경남,도시지역-상업,중심상업지역,90,% 이하,제40조제1항,1500,% 이하,제45조제1항,2026.4.7,2897,2026-09-21
남해군,경남,도시지역-상업,일반상업지역,80,% 이하,제40조제1항,1300,% 이하,제45조제1항,2026.4.7,2897,2026-09-21
남해군,경남,도시지역-상업,근린상업지역,70,% 이하,제40조제1항,900,% 이하,제45조제1항,2026.4.7,2897,2026-09-21
남해군,경남,도시지역-상업,유통상업지역,80,% 이하,제40조제1항,1100,% 이하,제45조제1항,2026.4.7,2897,2026-09-21
남해군,경남,도시지역-공업,전용공업지역,70,% 이하,제40조제1항,300,% 이하,제45조제1항,2026.4.7,2897,2026-09-21
남해군,경남,도시지역-공업,일반공업지역,70,% 이하,제40조제1항,350,% 이하,제45조제1항,2026.4.7,2897,2026-09-21
남해군,경남,도시지역-공업,준공업지역,70,% 이하,제40조제1항,400,% 이하,제45조제1항,2026.4.7,2897,2026-09-21
남해군,경남,도시지역-녹지,보전녹지지역,20,% 이하,제40조제1항,80,% 이하,제45조제1항,2026.4.7,2897,2026-09-21
남해군,경남,도시지역-녹지,생산녹지지역,20,% 이하,제40조제1항,100,% 이하,제45조제1항,2026.4.7,2897,2026-09-21
남해군,경남,도시지역-녹지,자연녹지지역,20,% 이하,제40조제1항,100,% 이하,제45조제1항,2026.4.7,2897,2026-09-21
남해군,경남,관리지역,보전관리지역,20,% 이하,제40조제1항,80,% 이하,제45조제1항,2026.4.7,2897,2026-09-21
남해군,경남,관리지역,생산관리지역,20,% 이하,제40조제1항,80,% 이하,제45조제1항,2026.4.7,2897,2026-09-21
남해군,경남,관리지역,계획관리지역,40,% 이하,제40조제1항,100,% 이하,제45조제1항,2026.4.7,2897,2026-09-21
남해군,경남,농림지역,농림지역,20,% 이하,제40조제1항,80,% 이하,제45조제1항,2026.4.7,2897,2026-09-21
남해군,경남,자연환경보전지역,자연환경보전지역,20,% 이하,제40조제1항,80,% 이하,제45조제1항,2026.4.7,2897,2026-09-21
하동군,경남,도시지역-주거,제1종전용주거지역,50,% 이하,제30조제1항,100,% 이하,제33조제1항,2026.4.24,2741,2026-09-21
하동군,경남,도시지역-주거,제2종전용주거지역,50,% 이하,제30조제1항,150,% 이하,제33조제1항,2026.4.24,2741,2026-09-21
하동군,경남,도시지역-주거,제1종일반주거지역,60,% 이하,제30조제1항,200,% 이하,제33조제1항,2026.4.24,2741,2026-09-21
하동군,경남,도시지역-주거,제2종일반주거지역,60,% 이하,제30조제1항,250,% 이하,제33조제1항,2026.4.24,2741,2026-09-21
하동군,경남,도시지역-주거,제3종일반주거지역,50,% 이하,제30조제1항,300,% 이하,제33조제1항,2026.4.24,2741,2026-09-21
하동군,경남,도시지역-주거,준주거지역,70,% 이하,제30조제1항,400,% 이하,제33조제1항,2026.4.24,2741,2026-09-21
하동군,경남,도시지역-상업,중심상업지역,90,% 이하,제30조제1항,800,% 이하,제33조제1항,2026.4.24,2741,2026-09-21
하동군,경남,도시지역-상업,일반상업지역,80,% 이하,제30조제1항,800,% 이하,제33조제1항,2026.4.24,2741,2026-09-21
하동군,경남,도시지역-상업,근린상업지역,70,% 이하,제30조제1항,600,% 이하,제33조제1항,2026.4.24,2741,2026-09-21
하동군,경남,도시지역-상업,유통상업지역,80,% 이하,제30조제1항,600,% 이하,제33조제1항,2026.4.24,2741,2026-09-21
하동군,경남,도시지역-공업,전용공업지역,70,% 이하,제30조제1항,300,% 이하,제33조제1항,2026.4.24,2741,2026-09-21
하동군,경남,도시지역-공업,일반공업지역,70,% 이하,제30조제1항,350,% 이하,제33조제1항,2026.4.24,2741,2026-09-21
하동군,경남,도시지역-공업,준공업지역,70,% 이하,제30조제1항,400,% 이하,제33조제1항,2026.4.24,2741,2026-09-21
하동군,경남,도시지역-녹지,보전녹지지역,20,% 이하,제30조제1항,80,% 이하,제33조제1항,2026.4.24,2741,2026-09-21
하동군,경남,도시지역-녹지,생산녹지지역,20,% 이하,제30조제1항,100,% 이하,제33조제1항,2026.4.24,2741,2026-09-21
하동군,경남,도시지역-녹지,자연녹지지역,20,% 이하,제30조제1항,100,% 이하,제33조제1항,2026.4.24,2741,2026-09-21
하동군,경남,관리지역,보전관리지역,20,% 이하,제30조제1항,80,% 이하,제33조제1항,2026.4.24,2741,2026-09-21
하동군,경남,관리지역,생산관리지역,20,% 이하,제30조제1항,80,% 이하,제33조제1항,2026.4.24,2741,2026-09-21
하동군,경남,관리지역,계획관리지역,40,% 이하,제30조제1항,100,% 이하,제33조제1항,2026.4.24,2741,2026-09-21
하동군,경남,농림지역,농림지역,20,% 이하,제30조제1항,80,% 이하,제33조제1항,2026.4.24,2741,2026-09-21
하동군,경남,자연환경보전지역,자연환경보전지역,20,% 이하,제30조제1항,80,% 이하,제33조제1항,2026.4.24,2741,2026-09-21
수원시,경기,도시지역-주거,제1종전용주거지역,40,% 이하,제66조제1항,100,% 이하,제70조제1항,2025.12.31,4816,2026-09-21
수원시,경기,도시지역-주거,제2종전용주거지역,30,% 이하,제66조제1항,150,% 이하,제70조제1항,2025.12.31,4816,2026-09-21
수원시,경기,도시지역-주거,제1종일반주거지역,60,% 이하,제66조제1항,200,% 이하,제70조제1항,2025.12.31,4816,2026-09-21
수원시,경기,도시지역-주거,제2종일반주거지역,60,% 이하,제66조제1항,250,% 이하,제70조제1항,2025.12.31,4816,2026-09-21
수원시,경기,도시지역-주거,제3종일반주거지역,40,% 이하,제66조제1항,300,% 이하,제70조제1항,2025.12.31,4816,2026-09-21
수원시,경기,도시지역-주거,준주거지역,70,% 이하,제66조제1항,400,% 이하,제70조제1항,2025.12.31,4816,2026-09-21
수원시,경기,도시지역-상업,중심상업지역,90,% 이하,제66조제1항,1000,% 이하,제70조제1항,2025.12.31,4816,2026-09-21
수원시,경기,도시지역-상업,일반상업지역,80,% 이하,제66조제1항,800,% 이하,제70조제1항,2025.12.31,4816,2026-09-21
수원시,경기,도시지역-상업,근린상업지역,70,% 이하,제66조제1항,600,% 이하,제70조제1항,2025.12.31,4816,2026-09-21
수원시,경기,도시지역-상업,유통상업지역,60,% 이하,제66조제1항,400,% 이하,제70조제1항,2025.12.31,4816,2026-09-21
수원시,경기,도시지역-공업,전용공업지역,70,% 이하,제66조제1항,300,% 이하,제70조제1항,2025.12.31,4816,2026-09-21
수원시,경기,도시지역-공업,일반공업지역,60,% 이하,제66조제1항,350,% 이하,제70조제1항,2025.12.31,4816,2026-09-21
수원시,경기,도시지역-공업,준공업지역,60,% 이하,제66조제1항,400,% 이하,제70조제1항,2025.12.31,4816,2026-09-21
수원시,경기,도시지역-녹지,보전녹지지역,20,% 이하,제66조제1항,50,% 이하,제70조제1항,2025.12.31,4816,2026-09-21
수원시,경기,도시지역-녹지,생산녹지지역,20,% 이하,제66조제1항,100,% 이하,제70조제1항,2025.12.31,4816,2026-09-21
수원시,경기,도시지역-녹지,자연녹지지역,20,% 이하,제66조제1항,100,% 이하,제70조제1항,2025.12.31,4816,2026-09-21
고양시,경기,도시지역-주거,제1종전용주거지역,50,% 이하,제56조제1항,100,% 이하,제61조제1항,2025.11.14,2967,2026-09-21
고양시,경기,도시지역-주거,제2종전용주거지역,50,% 이하,제56조제1항,150,% 이하,제61조제1항,2025.11.14,2967,2026-09-21
고양시,경기,도시지역-주거,제1종일반주거지역,60,% 이하,제56조제1항,180,% 이하,제61조제1항,2025.11.14,2967,2026-09-21
고양시,경기,도시지역-주거,제2종일반주거지역,60,% 이하,제56조제1항,230,% 이하,제61조제1항,2025.11.14,2967,2026-09-21
고양시,경기,도시지역-주거,제3종일반주거지역,50,% 이하,제56조제1항,250,% 이하,제61조제1항,2025.11.14,2967,2026-09-21
고양시,경기,도시지역-주거,준주거지역,60,% 이하,제56조제1항,380,% 이하,제61조제1항,2025.11.14,2967,2026-09-21
고양시,경기,도시지역-상업,중심상업지역,80,% 이하,제56조제1항,1200,% 이하,제61조제1항,2025.11.14,2967,2026-09-21
고양시,경기,도시지역-상업,일반상업지역,70,% 이하,제56조제1항,900,% 이하,제61조제1항,2025.11.14,2967,2026-09-21
고양시,경기,도시지역-상업,근린상업지역,60,% 이하,제56조제1항,700,% 이하,제61조제1항,2025.11.14,2967,2026-09-21
고양시,경기,도시지역-상업,유통상업지역,70,% 이하,제56조제1항,400,% 이하,제61조제1항,2025.11.14,2967,2026-09-21
고양시,경기,도시지역-공업,전용공업지역,70,% 이하,제56조제1항,300,% 이하,제61조제1항,2025.11.14,2967,2026-09-21
고양시,경기,도시지역-공업,일반공업지역,70,% 이하,제56조제1항,350,% 이하,제61조제1항,2025.11.14,2967,2026-09-21
고양시,경기,도시지역-공업,준공업지역,70,% 이하,제56조제1항,400,% 이하,제61조제1항,2025.11.14,2967,2026-09-21
고양시,경기,도시지역-녹지,보전녹지지역,20,% 이하,제56조제1항,50,% 이하,제61조제1항,2025.11.14,2967,2026-09-21
고양시,경기,도시지역-녹지,생산녹지지역,20,% 이하,제56조제1항,90,% 이하,제61조제1항,2025.11.14,2967,2026-09-21
고양시,경기,도시지역-녹지,자연녹지지역,20,% 이하,제56조제1항,100,% 이하,제61조제1항,2025.11.14,2967,2026-09-21
고양시,경기,관리지역,보전관리지역,20,% 이하,제56조제1항,80,% 이하,제61조제1항,2025.11.14,2967,2026-09-21
고양시,경기,관리지역,생산관리지역,20,% 이하,제56조제1항,80,% 이하,제61조제1항,2025.11.14,2967,2026-09-21
고양시,경기,관리지역,계획관리지역,40,% 이하,제56조제1항,100,% 이하,제61조제1항,2025.11.14,2967,2026-09-21
고양시,경기,농림지역,농림지역,20,% 이하,제56조제1항,80,% 이하,제61조제1항,2025.11.14,2967,2026-09-21
고양시,경기,자연환경보전지역,자연환경보전지역,20,% 이하,제56조제1항,,,제61조제1항,2025.11.14,2967,2026-09-21
산청군,경남,도시지역-주거,제1종전용주거지역,50,% 이하,제32조제1항,100,% 이하,제36조제1항,2025.11.27,2839,2026-09-21
산청군,경남,도시지역-주거,제2종전용주거지역,50,% 이하,제32조제1항,150,% 이하,제36조제1항,2025.11.27,2839,2026-09-21
산청군,경남,도시지역-주거,제1종일반주거지역,60,% 이하,제32조제1항,200,% 이하,제36조제1항,2025.11.27,2839,2026-09-21
산청군,경남,도시지역-주거,제2종일반주거지역,60,% 이하,제32조제1항,250,% 이하,제36조제1항,2025.11.27,2839,2026-09-21
산청군,경남,도시지역-주거,제3종일반주거지역,50,% 이하,제32조제1항,300,% 이하,제36조제1항,2025.11.27,2839,2026-09-21
산청군,경남,도시지역-주거,준주거지역,70,% 이하,제32조제1항,500,% 이하,제36조제1항,2025.11.27,2839,2026-09-21
산청군,경남,도시지역-상업,중심상업지역,90,% 이하,제32조제1항,1500,% 이하,제36조제1항,2025.11.27,2839,2026-09-21
산청군,경남,도시지역-상업,일반상업지역,80,% 이하,제32조제1항,1300,% 이하,제36조제1항,2025.11.27,2839,2026-09-21
산청군,경남,도시지역-상업,근린상업지역,70,% 이하,제32조제1항,900,% 이하,제36조제1항,2025.11.27,2839,2026-09-21
산청군,경남,도시지역-상업,유통상업지역,80,% 이하,제32조제1항,1100,% 이하,제36조제1항,2025.11.27,2839,2026-09-21
산청군,경남,도시지역-공업,전용공업지역,70,% 이하,제32조제1항,300,% 이하,제36조제1항,2025.11.27,2839,2026-09-21
산청군,경남,도시지역-공업,일반공업지역,70,% 이하,제32조제1항,350,% 이하,제36조제1항,2025.11.27,2839,2026-09-21
산청군,경남,도시지역-공업,준공업지역,70,% 이하,제32조제1항,400,% 이하,제36조제1항,2025.11.27,2839,2026-09-21
산청군,경남,도시지역-녹지,보전녹지지역,20,% 이하,제32조제1항,80,% 이하,제36조제1항,2025.11.27,2839,2026-09-21
산청군,경남,도시지역-녹지,생산녹지지역,20,% 이하,제32조제1항,100,% 이하,제36조제1항,2025.11.27,2839,2026-09-21
산청군,경남,도시지역-녹지,자연녹지지역,20,% 이하,제32조제1항,100,% 이하,제36조제1항,2025.11.27,2839,2026-09-21
산청군,경남,관리지역,보전관리지역,20,% 이하,제32조제1항,80,% 이하,제36조제1항,2025.11.27,2839,2026-09-21
산청군,경남,관리지역,생산관리지역,20,% 이하,제32조제1항,80,% 이하,제36조제1항,2025.11.27,2839,2026-09-21
산청군,경남,관리지역,계획관리지역,40,% 이하,제32조제1항,100,% 이하,제36조제1항,2025.11.27,2839,2026-09-21
산청군,경남,농림지역,농림지역,20,% 이하,제32조제1항,80,% 이하,제36조제1항,2025.11.27,2839,2026-09-21
산청군,경남,자연환경보전지역,자연환경보전지역,20,% 이하,제32조제1항,80,% 이하,제36조제1항,2025.11.27,2839,2026-09-21
함양군,경남,도시지역-주거,제1종전용주거지역,50,% 이하,제29조제1항,80,% 이하,제30조제1항,2026.8.6,2835,2026-09-21
함양군,경남,도시지역-주거,제2종전용주거지역,50,% 이하,제29조제1항,120,% 이하,제30조제1항,2026.8.6,2835,2026-09-21
함양군,경남,도시지역-주거,제1종일반주거지역,60,% 이하,제29조제1항,200,% 이하,제30조제1항,2026.8.6,2835,2026-09-21
함양군,경남,도시지역-주거,제2종일반주거지역,60,% 이하,제29조제1항,250,% 이하,제30조제1항,2026.8.6,2835,2026-09-21
함양군,경남,도시지역-주거,제3종일반주거지역,50,% 이하,제29조제1항,300,% 이하,제30조제1항,2026.8.6,2835,2026-09-21
함양군,경남,도시지역-주거,준주거지역,70,% 이하,제29조제1항,500,% 이하,제30조제1항,2026.8.6,2835,2026-09-21
함양군,경남,도시지역-상업,중심상업지역,90,% 이하,제29조제1항,1000,% 이하,제30조제1항,2026.8.6,2835,2026-09-21
함양군,경남,도시지역-상업,일반상업지역,80,% 이하,제29조제1항,800,% 이하,제30조제1항,2026.8.6,2835,2026-09-21
함양군,경남,도시지역-상업,근린상업지역,70,% 이하,제29조제1항,600,% 이하,제30조제1항,2026.8.6,2835,2026-09-21
함양군,경남,도시지역-상업,유통상업지역,80,% 이하,제29조제1항,600,% 이하,제30조제1항,2026.8.6,2835,2026-09-21
함양군,경남,도시지역-공업,전용공업지역,70,% 이하,제29조제1항,300,% 이하,제30조제1항,2026.8.6,2835,2026-09-21
함양군,경남,도시지역-공업,일반공업지역,70,% 이하,제29조제1항,350,% 이하,제30조제1항,2026.8.6,2835,2026-09-21
함양군,경남,도시지역-공업,준공업지역,70,% 이하,제29조제1항,400,% 이하,제30조제1항,2026.8.6,2835,2026-09-21
함양군,경남,도시지역-녹지,보전녹지지역,20,% 이하,제29조제1항,80,% 이하,제30조제1항,2026.8.6,2835,2026-09-21
함양군,경남,도시지역-녹지,생산녹지지역,20,% 이하,제29조제1항,100,% 이하,제30조제1항,2026.8.6,2835,2026-09-21
함양군,경남,도시지역-녹지,자연녹지지역,20,% 이하,제29조제1항,100,% 이하,제30조제1항,2026.8.6,2835,2026-09-21
함양군,경남,관리지역,보전관리지역,20,% 이하,제29조제1항,80,% 이하,제30조제1항,2026.8.6,2835,2026-09-21
함양군,경남,관리지역,생산관리지역,20,% 이하,제29조제1항,80,% 이하,제30조제1항,2026.8.6,2835,2026-09-21
함양군,경남,관리지역,계획관리지역,40,% 이하,제29조제1항,100,% 이하,제30조제1항,2026.8.6,2835,2026-09-21
함양군,경남,농림지역,농림지역,20,% 이하,제29조제1항,80,% 이하,제30조제1항,2026.8.6,2835,2026-09-21
함양군,경남,자연환경보전지역,자연환경보전지역,20,% 이하,제29조제1항,80,% 이하,제30조제1항,2026.8.6,2835,2026-09-21
용인시,경기,도시지역-주거,제1종전용주거지역,50,% 이하,제50조제1항,100,% 이하,제55조제1항,2025.12.31,2714,2026-09-21
용인시,경기,도시지역-주거,제2종전용주거지역,50,% 이하,제50조제1항,150,% 이하,제55조제1항,2025.12.31,2714,2026-09-21
용인시,경기,도시지역-주거,제1종일반주거지역,60,% 이하,제50조제1항,200,% 이하,제55조제1항,2025.12.31,2714,2026-09-21
용인시,경기,도시지역-주거,제2종일반주거지역,60,% 이하,제50조제1항,240,% 이하,제55조제1항,2025.12.31,2714,2026-09-21
용인시,경기,도시지역-주거,제3종일반주거지역,50,% 이하,제50조제1항,290,% 이하,제55조제1항,2025.12.31,2714,2026-09-21
용인시,경기,도시지역-주거,준주거지역,70,% 이하,제50조제1항,450,% 이하,제55조제1항,2025.12.31,2714,2026-09-21
용인시,경기,도시지역-상업,중심상업지역,90,% 이하,제50조제1항,1100,% 이하,제55조제1항,2025.12.31,2714,2026-09-21
용인시,경기,도시지역-상업,일반상업지역,80,% 이하,제50조제1항,900,% 이하,제55조제1항,2025.12.31,2714,2026-09-21
용인시,경기,도시지역-상업,근린상업지역,70,% 이하,제50조제1항,700,% 이하,제55조제1항,2025.12.31,2714,2026-09-21
용인시,경기,도시지역-상업,유통상업지역,80,% 이하,제50조제1항,800,% 이하,제55조제1항,2025.12.31,2714,2026-09-21
용인시,경기,도시지역-공업,전용공업지역,70,% 이하,제50조제1항,250,% 이하,제55조제1항,2025.12.31,2714,2026-09-21
용인시,경기,도시지역-공업,일반공업지역,70,% 이하,제50조제1항,300,% 이하,제55조제1항,2025.12.31,2714,2026-09-21
용인시,경기,도시지역-공업,준공업지역,70,% 이하,제50조제1항,350,% 이하,제55조제1항,2025.12.31,2714,2026-09-21
용인시,경기,도시지역-녹지,보전녹지지역,20,% 이하,제50조제1항,70,% 이하,제55조제1항,2025.12.31,2714,2026-09-21
용인시,경기,도시지역-녹지,생산녹지지역,20,% 이하,제50조제1항,100,% 이하,제55조제1항,2025.12.31,2714,2026-09-21
용인시,경기,도시지역-녹지,자연녹지지역,20,% 이하,제50조제1항,100,% 이하,제55조제1항,2025.12.31,2714,2026-09-21
용인시,경기,관리지역,보전관리지역,20,% 이하,제50조제1항,80,% 이하,제55조제1항,2025.12.31,2714,2026-09-21
용인시,경기,관리지역,생산관리지역,20,% 이하,제50조제1항,80,% 이하,제55조제1항,2025.12.31,2714,2026-09-21
용인시,경기,관리지역,계획관리지역,40,% 이하,제50조제1항,100,% 이하,제55조제1항,2025.12.31,2714,2026-09-21
용인시,경기,농림지역,농림지역,20,% 이하,제50조제1항,70,% 이하,제55조제1항,2025.12.31,2714,2026-09-21
용인시,경기,자연환경보전지역,자연환경보전지역,20,% 이하,제50조제1항,70,% 이하,제55조제1항,2025.12.31,2714,2026-09-21
성남시,경기,도시지역-주거,제1종전용주거지역,50,% 이하,제66조제1항,100,% 이하,제67조제1항,2026.2.24,4356,2026-09-21
성남시,경기,도시지역-주거,제2종전용주거지역,50,% 이하,제66조제1항,120,% 이하,제67조제1항,2026.2.24,4356,2026-09-21
성남시,경기,도시지역-주거,제1종일반주거지역,60,% 이하,제66조제1항,160,% 이하,제67조제1항,2026.2.24,4356,2026-09-21
성남시,경기,도시지역-주거,제2종일반주거지역,60,% 이하,제66조제1항,210,% 이하,제67조제1항,2026.2.24,4356,2026-09-21
성남시,경기,도시지역-주거,제3종일반주거지역,50,% 이하,제66조제1항,280,% 이하,제67조제1항,2026.2.24,4356,2026-09-21
성남시,경기,도시지역-주거,준주거지역,70,% 이하,제66조제1항,400,% 이하,제67조제1항,2026.2.24,4356,2026-09-21
성남시,경기,도시지역-상업,중심상업지역,80,% 이하,제66조제1항,1000,% 이하,제67조제1항,2026.2.24,4356,2026-09-21
성남시,경기,도시지역-상업,일반상업지역,80,% 이하,제66조제1항,800,% 이하,제67조제1항,2026.2.24,4356,2026-09-21
성남시,경기,도시지역-상업,근린상업지역,70,% 이하,제66조제1항,600,% 이하,제67조제1항,2026.2.24,4356,2026-09-21
성남시,경기,도시지역-상업,유통상업지역,80,% 이하,제66조제1항,600,% 이하,제67조제1항,2026.2.24,4356,2026-09-21
성남시,경기,도시지역-공업,전용공업지역,70,% 이하,제66조제1항,300,% 이하,제67조제1항,2026.2.24,4356,2026-09-21
성남시,경기,도시지역-공업,일반공업지역,70,% 이하,제66조제1항,350,% 이하,제67조제1항,2026.2.24,4356,2026-09-21
성남시,경기,도시지역-공업,준공업지역,70,% 이하,제66조제1항,400,% 이하,제67조제1항,2026.2.24,4356,2026-09-21
성남시,경기,도시지역-녹지,보전녹지지역,20,% 이하,제66조제1항,70,% 이하,제67조제1항,2026.2.24,4356,2026-09-21
성남시,경기,도시지역-녹지,생산녹지지역,20,% 이하,제66조제1항,50,% 이하,제67조제1항,2026.2.24,4356,2026-09-21
성남시,경기,도시지역-녹지,자연녹지지역,20,% 이하,제66조제1항,100,% 이하,제67조제1항,2026.2.24,4356,2026-09-21
거창군,경남,도시지역-주거,제1종전용주거지역,40,% 이하,제53조제1항,80,% 이하,제58조제1항,2025.12.31,3010,2026-09-21
거창군,경남,도시지역-주거,제2종전용주거지역,40,% 이하,제53조제1항,120,% 이하,제58조제1항,2025.12.31,3010,2026-09-21
거창군,경남,도시지역-주거,제1종일반주거지역,60,% 이하,제53조제1항,200,% 이하,제58조제1항,2025.12.31,3010,2026-09-21
거창군,경남,도시지역-주거,제2종일반주거지역,60,% 이하,제53조제1항,250,% 이하,제58조제1항,2025.12.31,3010,2026-09-21
거창군,경남,도시지역-주거,제3종일반주거지역,50,% 이하,제53조제1항,300,% 이하,제58조제1항,2025.12.31,3010,2026-09-21
거창군,경남,도시지역-주거,준주거지역,70,% 이하,제53조제1항,400,% 이하,제58조제1항,2025.12.31,3010,2026-09-21
거창군,경남,도시지역-상업,중심상업지역,90,% 이하,제53조제1항,1000,% 이하,제58조제1항,2025.12.31,3010,2026-09-21
거창군,경남,도시지역-상업,일반상업지역,80,% 이하,제53조제1항,800,% 이하,제58조제1항,2025.12.31,3010,2026-09-21
거창군,경남,도시지역-상업,근린상업지역,70,% 이하,제53조제1항,600,% 이하,제58조제1항,2025.12.31,3010,2026-09-21
거창군,경남,도시지역-상업,유통상업지역,80,% 이하,제53조제1항,600,% 이하,제58조제1항,2025.12.31,3010,2026-09-21
거창군,경남,도시지역-공업,전용공업지역,70,% 이하,제53조제1항,250,% 이하,제58조제1항,2025.12.31,3010,2026-09-21
거창군,경남,도시지역-공업,일반공업지역,70,% 이하,제53조제1항,300,% 이하,제58조제1항,2025.12.31,3010,2026-09-21
거창군,경남,도시지역-공업,준공업지역,70,% 이하,제53조제1항,350,% 이하,제58조제1항,2025.12.31,3010,2026-09-21
거창군,경남,도시지역-녹지,보전녹지지역,20,% 이하,제53조제1항,50,% 이하,제58조제1항,2025.12.31,3010,2026-09-21
거창군,경남,도시지역-녹지,생산녹지지역,20,% 이하,제53조제1항,80,% 이하,제58조제1항,2025.12.31,3010,2026-09-21
거창군,경남,도시지역-녹지,자연녹지지역,20,% 이하,제53조제1항,80,% 이하,제58조제1항,2025.12.31,3010,2026-09-21
거창군,경남,관리지역,보전관리지역,20,% 이하,제53조제1항,80,% 이하,제58조제1항,2025.12.31,3010,2026-09-21
거창군,경남,관리지역,생산관리지역,20,% 이하,제53조제1항,80,% 이하,제58조제1항,2025.12.31,3010,2026-09-21
거창군,경남,관리지역,계획관리지역,40,% 이하,제53조제1항,100,% 이하,제58조제1항,2025.12.31,3010,2026-09-21
거창군,경남,농림지역,농림지역,20,% 이하,제53조제1항,80,% 이하,제58조제1항,2025.12.31,3010,2026-09-21
거창군,경남,자연환경보전지역,자연환경보전지역,20,% 이하,제53조제1항,80,% 이하,제58조제1항,2025.12.31,3010,2026-09-21
합천군,경남,도시지역-주거,제1종전용주거지역,50,% 이하,제53조제1항,100,% 이하,제58조제1항,2026.4.16,2930,2026-09-21
합천군,경남,도시지역-주거,제2종전용주거지역,50,% 이하,제53조제1항,150,% 이하,제58조제1항,2026.4.16,2930,2026-09-21
합천군,경남,도시지역-주거,제1종일반주거지역,60,% 이하,제53조제1항,200,% 이하,제58조제1항,2026.4.16,2930,2026-09-21
합천군,경남,도시지역-주거,제2종일반주거지역,60,% 이하,제53조제1항,250,% 이하,제58조제1항,2026.4.16,2930,2026-09-21
합천군,경남,도시지역-주거,제3종일반주거지역,50,% 이하,제53조제1항,300,% 이하,제58조제1항,2026.4.16,2930,2026-09-21
합천군,경남,도시지역-주거,준주거지역,70,% 이하,제53조제1항,500,% 이하,제58조제1항,2026.4.16,2930,2026-09-21
합천군,경남,도시지역-상업,중심상업지역,80,% 이하,제53조제1항,900,% 이하,제58조제1항,2026.4.16,2930,2026-09-21
합천군,경남,도시지역-상업,일반상업지역,80,% 이하,제53조제1항,800,% 이하,제58조제1항,2026.4.16,2930,2026-09-21
합천군,경남,도시지역-상업,근린상업지역,70,% 이하,제53조제1항,600,% 이하,제58조제1항,2026.4.16,2930,2026-09-21
합천군,경남,도시지역-상업,유통상업지역,80,% 이하,제53조제1항,700,% 이하,제58조제1항,2026.4.16,2930,2026-09-21
합천군,경남,도시지역-공업,전용공업지역,70,% 이하,제53조제1항,300,% 이하,제58조제1항,2026.4.16,2930,2026-09-21
합천군,경남,도시지역-공업,일반공업지역,70,% 이하,제53조제1항,350,% 이하,제58조제1항,2026.4.16,2930,2026-09-21
합천군,경남,도시지역-공업,준공업지역,70,% 이하,제53조제1항,400,% 이하,제58조제1항,2026.4.16,2930,2026-09-21
합천군,경남,도시지역-녹지,보전녹지지역,20,% 이하,제53조제1항,60,% 이하,제58조제1항,2026.4.16,2930,2026-09-21
합천군,경남,도시지역-녹지,생산녹지지역,20,% 이하,제53조제1항,80,% 이하,제58조제1항,2026.4.16,2930,2026-09-21
합천군,경남,도시지역-녹지,자연녹지지역,20,% 이하,제53조제1항,100,% 이하,제58조제1항,2026.4.16,2930,2026-09-21
합천군,경남,관리지역,보전관리지역,20,% 이하,제53조제1항,80,% 이하,제58조제1항,2026.4.16,2930,2026-09-21
합천군,경남,관리지역,생산관리지역,20,% 이하,제53조제1항,80,% 이하,제58조제1항,2026.4.16,2930,2026-09-21
합천군,경남,관리지역,계획관리지역,40,% 이하,제53조제1항,100,% 이하,제58조제1항,2026.4.16,2930,2026-09-21
합천군,경남,농림지역,농림지역,20,% 이하,제53조제1항,80,% 이하,제58조제1항,2026.4.16,2930,2026-09-21
합천군,경남,자연환경보전지역,자연환경보전지역,20,% 이하,제53조제1항,80,% 이하,제58조제1항,2026.4.16,2930,2026-09-21
부천시,경기,도시지역-주거,제1종전용주거지역,50,% 이하,제54조제1항,100,% 이하,제57조제1항,2026.7.6,4327,2026-09-21
부천시,경기,도시지역-주거,제2종전용주거지역,50,% 이하,제54조제1항,120,% 이하,제57조제1항,2026.7.6,4327,2026-09-21
부천시,경기,도시지역-주거,제1종일반주거지역,60,% 이하,제54조제1항,190,% 이하,제57조제1항,2026.7.6,4327,2026-09-21
부천시,경기,도시지역-주거,제2종일반주거지역,60,% 이하,제54조제1항,230,% 이하,제57조제1항,2026.7.6,4327,2026-09-21
부천시,경기,도시지역-주거,제3종일반주거지역,50,% 이하,제54조제1항,280,% 이하,제57조제1항,2026.7.6,4327,2026-09-21
부천시,경기,도시지역-주거,준주거지역,60,% 이하,제54조제1항,400,% 이하,제57조제1항,2026.7.6,4327,2026-09-21
부천시,경기,도시지역-상업,중심상업지역,80,% 이하,제54조제1항,1000,% 이하,제57조제1항,2026.7.6,4327,2026-09-21
부천시,경기,도시지역-상업,일반상업지역,60,% 이하,제54조제1항,800,% 이하,제57조제1항,2026.7.6,4327,2026-09-21
부천시,경기,도시지역-상업,근린상업지역,60,% 이하,제54조제1항,600,% 이하,제57조제1항,2026.7.6,4327,2026-09-21
부천시,경기,도시지역-상업,유통상업지역,60,% 이하,제54조제1항,600,% 이하,제57조제1항,2026.7.6,4327,2026-09-21
부천시,경기,도시지역-공업,전용공업지역,70,% 이하,제54조제1항,300,% 이하,제57조제1항,2026.7.6,4327,2026-09-21
부천시,경기,도시지역-공업,일반공업지역,60,% 이하,제54조제1항,350,% 이하,제57조제1항,2026.7.6,4327,2026-09-21
부천시,경기,도시지역-공업,준공업지역,60,% 이하,제54조제1항,400,% 이하,제57조제1항,2026.7.6,4327,2026-09-21
부천시,경기,도시지역-녹지,보전녹지지역,20,% 이하,제54조제1항,50,% 이하,제57조제1항,2026.7.6,4327,2026-09-21
부천시,경기,도시지역-녹지,생산녹지지역,20,% 이하,제54조제1항,50,% 이하,제57조제1항,2026.7.6,4327,2026-09-21
부천시,경기,도시지역-녹지,자연녹지지역,20,% 이하,제54조제1항,80,% 이하,제57조제1항,2026.7.6,4327,2026-09-21
화성시,경기,도시지역-주거,제1종전용주거지역,50,% 이하,제52조제1항,80,% 이하,제57조제1항,2026.3.10,2561,2026-09-21
화성시,경기,도시지역-주거,제2종전용주거지역,50,% 이하,제52조제1항,120,% 이하,제57조제1항,2026.3.10,2561,2026-09-21
화성시,경기,도시지역-주거,제1종일반주거지역,60,% 이하,제52조제1항,180,% 이하,제57조제1항,2026.3.10,2561,2026-09-21
화성시,경기,도시지역-주거,제2종일반주거지역,60,% 이하,제52조제1항,250,% 이하,제57조제1항,2026.3.10,2561,2026-09-21
화성시,경기,도시지역-주거,제3종일반주거지역,50,% 이하,제52조제1항,270,% 이하,제57조제1항,2026.3.10,2561,2026-09-21
화성시,경기,도시지역-주거,준주거지역,70,% 이하,제52조제1항,400,% 이하,제57조제1항,2026.3.10,2561,2026-09-21
화성시,경기,도시지역-상업,중심상업지역,80,% 이하,제52조제1항,1000,% 이하,제57조제1항,2026.3.10,2561,2026-09-21
화성시,경기,도시지역-상업,일반상업지역,80,% 이하,제52조제1항,800,% 이하,제57조제1항,2026.3.10,2561,2026-09-21
화성시,경기,도시지역-상업,근린상업지역,70,% 이하,제52조제1항,400,% 이하,제57조제1항,2026.3.10,2561,2026-09-21
화성시,경기,도시지역-상업,유통상업지역,70,% 이하,제52조제1항,400,% 이하,제57조제1항,2026.3.10,2561,2026-09-21
화성시,경기,도시지역-공업,전용공업지역,70,% 이하,제52조제1항,300,% 이하,제57조제1항,2026.3.10,2561,2026-09-21
화성시,경기,도시지역-공업,일반공업지역,70,% 이하,제52조제1항,350,% 이하,제57조제1항,2026.3.10,2561,2026-09-21
화성시,경기,도시지역-공업,준공업지역,70,% 이하,제52조제1항,400,% 이하,제57조제1항,2026.3.10,2561,2026-09-21
화성시,경기,도시지역-녹지,보전녹지지역,20,% 이하,제52조제1항,70,% 이하,제57조제1항,2026.3.10,2561,2026-09-21
화성시,경기,도시지역-녹지,생산녹지지역,20,% 이하,제52조제1항,80,% 이하,제57조제1항,2026.3.10,2561,2026-09-21
화성시,경기,도시지역-녹지,자연녹지지역,20,% 이하,제52조제1항,100,% 이하,제57조제1항,2026.3.10,2561,2026-09-21
화성시,경기,관리지역,보전관리지역,20,% 이하,제52조제1항,80,% 이하,제57조제1항,2026.3.10,2561,2026-09-21
화성시,경기,관리지역,생산관리지역,20,% 이하,제52조제1항,80,% 이하,제57조제1항,2026.3.10,2561,2026-09-21
화성시,경기,관리지역,계획관리지역,40,% 이하,제52조제1항,100,% 이하,제57조제1항,2026.3.10,2561,2026-09-21
화성시,경기,농림지역,농림지역,20,% 이하,제52조제1항,60,% 이하,제57조제1항,2026.3.10,2561,2026-09-21
화성시,경기,자연환경보전지역,자연환경보전지역,20,% 이하,제52조제1항,50,% 이하,제57조제1항,2026.3.10,2561,2026-09-21
서울특별시,광역,도시지역-주거,제1종전용주거지역,50,% 이하,제44조제1항,100,% 이하,제48조제1항,2026.7.13,10139,2026-09-21
서울특별시,광역,도시지역-주거,제2종전용주거지역,40,% 이하,제44조제1항,120,% 이하,제48조제1항,2026.7.13,10139,2026-09-21
서울특별시,광역,도시지역-주거,제1종일반주거지역,60,% 이하,제44조제1항,150,% 이하,제48조제1항,2026.7.13,10139,2026-09-21
서울특별시,광역,도시지역-주거,제2종일반주거지역,60,% 이하,제44조제1항,200,% 이하,제48조제1항,2026.7.13,10139,2026-09-21
서울특별시,광역,도시지역-주거,제3종일반주거지역,50,% 이하,제44조제1항,250,% 이하,제48조제1항,2026.7.13,10139,2026-09-21
서울특별시,광역,도시지역-주거,준주거지역,60,% 이하,제44조제1항,400,% 이하,제48조제1항,2026.7.13,10139,2026-09-21
서울특별시,광역,도시지역-상업,중심상업지역,60,% 이하,제44조제1항,1000,% 이하,제48조제1항,2026.7.13,10139,2026-09-21
서울특별시,광역,도시지역-상업,일반상업지역,60,% 이하,제44조제1항,800,% 이하,제48조제1항,2026.7.13,10139,2026-09-21
서울특별시,광역,도시지역-상업,근린상업지역,60,% 이하,제44조제1항,600,% 이하,제48조제1항,2026.7.13,10139,2026-09-21
서울특별시,광역,도시지역-상업,유통상업지역,60,% 이하,제44조제1항,600,% 이하,제48조제1항,2026.7.13,10139,2026-09-21
서울특별시,광역,도시지역-공업,전용공업지역,60,% 이하,제44조제1항,200,% 이하,제48조제1항,2026.7.13,10139,2026-09-21
서울특별시,광역,도시지역-공업,일반공업지역,60,% 이하,제44조제1항,200,% 이하,제48조제1항,2026.7.13,10139,2026-09-21
서울특별시,광역,도시지역-공업,준공업지역,60,% 이하,제44조제1항,400,% 이하,제48조제1항,2026.7.13,10139,2026-09-21
서울특별시,광역,도시지역-녹지,보전녹지지역,20,% 이하,제44조제1항,50,% 이하,제48조제1항,2026.7.13,10139,2026-09-21
서울특별시,광역,도시지역-녹지,생산녹지지역,20,% 이하,제44조제1항,50,% 이하,제48조제1항,2026.7.13,10139,2026-09-21
서울특별시,광역,도시지역-녹지,자연녹지지역,20,% 이하,제44조제1항,50,% 이하,제48조제1항,2026.7.13,10139,2026-09-21
안산시,경기,도시지역-주거,제1종전용주거지역,40,% 이하,제51조제1항,100,% 이하,제56조제1항,2025.9.19,3019,2026-09-21
안산시,경기,도시지역-주거,제2종전용주거지역,50,% 이하,제51조제1항,150,% 이하,제56조제1항,2025.9.19,3019,2026-09-21
안산시,경기,도시지역-주거,제1종일반주거지역,60,% 이하,제51조제1항,200,% 이하,제56조제1항,2025.9.19,3019,2026-09-21
안산시,경기,도시지역-주거,제2종일반주거지역,60,% 이하,제51조제1항,250,% 이하,제56조제1항,2025.9.19,3019,2026-09-21
안산시,경기,도시지역-주거,제3종일반주거지역,50,% 이하,제51조제1항,300,% 이하,제56조제1항,2025.9.19,3019,2026-09-21
안산시,경기,도시지역-주거,준주거지역,70,% 이하,제51조제1항,500,% 이하,제56조제1항,2025.9.19,3019,2026-09-21
안산시,경기,도시지역-상업,중심상업지역,70,% 이하,제51조제1항,1100,% 이하,제56조제1항,2025.9.19,3019,2026-09-21
안산시,경기,도시지역-상업,일반상업지역,70,% 이하,제51조제1항,1100,% 이하,제56조제1항,2025.9.19,3019,2026-09-21
안산시,경기,도시지역-상업,근린상업지역,70,% 이하,제51조제1항,800,% 이하,제56조제1항,2025.9.19,3019,2026-09-21
안산시,경기,도시지역-상업,유통상업지역,60,% 이하,제51조제1항,1000,% 이하,제56조제1항,2025.9.19,3019,2026-09-21
안산시,경기,도시지역-공업,전용공업지역,70,% 이하,제51조제1항,300,% 이하,제56조제1항,2025.9.19,3019,2026-09-21
안산시,경기,도시지역-공업,일반공업지역,70,% 이하,제51조제1항,350,% 이하,제56조제1항,2025.9.19,3019,2026-09-21
안산시,경기,도시지역-공업,준공업지역,70,% 이하,제51조제1항,400,% 이하,제56조제1항,2025.9.19,3019,2026-09-21
안산시,경기,도시지역-녹지,보전녹지지역,20,% 이하,제51조제1항,50,% 이하,제56조제1항,2025.9.19,3019,2026-09-21
안산시,경기,도시지역-녹지,생산녹지지역,20,% 이하,제51조제1항,80,% 이하,제56조제1항,2025.9.19,3019,2026-09-21
안산시,경기,도시지역-녹지,자연녹지지역,20,% 이하,제51조제1항,80,% 이하,제56조제1항,2025.9.19,3019,2026-09-21
안산시,경기,자연환경보전지역,자연환경보전지역,20,% 이하,제51조제1항,50,% 이하,제56조제1항,2025.9.19,3019,2026-09-21
부산광역시,광역,도시지역-주거,제1종전용주거지역,50,% 이하,제49조제1항,100,% 이하,제50조제1항,2026.4.8,7923,2026-09-21
부산광역시,광역,도시지역-주거,제2종전용주거지역,40,% 이하,제49조제1항,120,% 이하,제50조제1항,2026.4.8,7923,2026-09-21
부산광역시,광역,도시지역-주거,제1종일반주거지역,60,% 이하,제49조제1항,180,% 이하,제50조제1항,2026.4.8,7923,2026-09-21
부산광역시,광역,도시지역-주거,제2종일반주거지역,60,% 이하,제49조제1항,220,% 이하,제50조제1항,2026.4.8,7923,2026-09-21
부산광역시,광역,도시지역-주거,제3종일반주거지역,50,% 이하,제49조제1항,300,% 이하,제50조제1항,2026.4.8,7923,2026-09-21
부산광역시,광역,도시지역-주거,준주거지역,60,% 이하,제49조제1항,400,% 이하,제50조제1항,2026.4.8,7923,2026-09-21
부산광역시,광역,도시지역-상업,중심상업지역,80,% 이하,제49조제1항,1300,% 이하,제50조제1항,2026.4.8,7923,2026-09-21
부산광역시,광역,도시지역-상업,일반상업지역,60,% 이하,제49조제1항,1000,% 이하,제50조제1항,2026.4.8,7923,2026-09-21
부산광역시,광역,도시지역-상업,근린상업지역,60,% 이하,제49조제1항,700,% 이하,제50조제1항,2026.4.8,7923,2026-09-21
부산광역시,광역,도시지역-상업,유통상업지역,60,% 이하,제49조제1항,800,% 이하,제50조제1항,2026.4.8,7923,2026-09-21
부산광역시,광역,도시지역-공업,전용공업지역,70,% 이하,제49조제1항,300,% 이하,제50조제1항,2026.4.8,7923,2026-09-21
부산광역시,광역,도시지역-공업,일반공업지역,70,% 이하,제49조제1항,350,% 이하,제50조제1항,2026.4.8,7923,2026-09-21
부산광역시,광역,도시지역-공업,준공업지역,70,% 이하,제49조제1항,400,% 이하,제50조제1항,2026.4.8,7923,2026-09-21
부산광역시,광역,도시지역-녹지,보전녹지지역,20,% 이하,제49조제1항,60,% 이하,제50조제1항,2026.4.8,7923,2026-09-21
부산광역시,광역,도시지역-녹지,생산녹지지역,20,% 이하,제49조제1항,80,% 이하,제50조제1항,2026.4.8,7923,2026-09-21
부산광역시,광역,도시지역-녹지,자연녹지지역,20,% 이하,제49조제1항,80,% 이하,제50조제1항,2026.4.8,7923,2026-09-21
부산광역시,광역,자연환경보전지역,자연환경보전지역,20,% 이하,제49조제1항,60,% 이하,제50조제1항,2026.4.8,7923,2026-09-21
남양주시,경기,도시지역-주거,제1종전용주거지역,50,% 이하,제41조제1항,100,% 이하,제47조제1항,2025.12.29,2485,2026-09-21
남양주시,경기,도시지역-주거,제2종전용주거지역,50,% 이하,제41조제1항,150,% 이하,제47조제1항,2025.12.29,2485,2026-09-21
남양주시,경기,도시지역-주거,제1종일반주거지역,60,% 이하,제41조제1항,200,% 이하,제47조제1항,2025.12.29,2485,2026-09-21
남양주시,경기,도시지역-주거,제2종일반주거지역,60,% 이하,제41조제1항,250,% 이하,제47조제1항,2025.12.29,2485,2026-09-21
남양주시,경기,도시지역-주거,제3종일반주거지역,50,% 이하,제41조제1항,300,% 이하,제47조제1항,2025.12.29,2485,2026-09-21
남양주시,경기,도시지역-주거,준주거지역,70,% 이하,제41조제1항,500,% 이하,제47조제1항,2025.12.29,2485,2026-09-21
남양주시,경기,도시지역-상업,중심상업지역,90,% 이하,제41조제1항,1500,% 이하,제47조제1항,2025.12.29,2485,2026-09-21
남양주시,경기,도시지역-상업,일반상업지역,80,% 이하,제41조제1항,900,% 이하,제47조제1항,2025.12.29,2485,2026-09-21
남양주시,경기,도시지역-상업,근린상업지역,70,% 이하,제41조제1항,900,% 이하,제47조제1항,2025.12.29,2485,2026-09-21
남양주시,경기,도시지역-상업,유통상업지역,80,% 이하,제41조제1항,900,% 이하,제47조제1항,2025.12.29,2485,2026-09-21
남양주시,경기,도시지역-공업,전용공업지역,70,% 이하,제41조제1항,300,% 이하,제47조제1항,2025.12.29,2485,2026-09-21
남양주시,경기,도시지역-공업,일반공업지역,70,% 이하,제41조제1항,350,% 이하,제47조제1항,2025.12.29,2485,2026-09-21
남양주시,경기,도시지역-공업,준공업지역,70,% 이하,제41조제1항,400,% 이하,제47조제1항,2025.12.29,2485,2026-09-21
남양주시,경기,도시지역-녹지,보전녹지지역,20,% 이하,제41조제1항,80,% 이하,제47조제1항,2025.12.29,2485,2026-09-21
남양주시,경기,도시지역-녹지,생산녹지지역,20,% 이하,제41조제1항,100,% 이하,제47조제1항,2025.12.29,2485,2026-09-21
남양주시,경기,도시지역-녹지,자연녹지지역,20,% 이하,제41조제1항,100,% 이하,제47조제1항,2025.12.29,2485,2026-09-21
남양주시,경기,관리지역,보전관리지역,20,% 이하,제41조제1항,60,% 이하,제47조제1항,2025.12.29,2485,2026-09-21
남양주시,경기,관리지역,생산관리지역,20,% 이하,제41조제1항,80,% 이하,제47조제1항,2025.12.29,2485,2026-09-21
남양주시,경기,관리지역,계획관리지역,40,% 이하,제41조제1항,100,% 이하,제47조제1항,2025.12.29,2485,2026-09-21
남양주시,경기,농림지역,농림지역,20,% 이하,제41조제1항,60,% 이하,제47조제1항,2025.12.29,2485,2026-09-21
남양주시,경기,자연환경보전지역,자연환경보전지역,20,% 이하,제41조제1항,60,% 이하,제47조제1항,2025.12.29,2485,2026-09-21
대구광역시,광역,도시지역-주거,제1종전용주거지역,50,% 이하,제75조제1항,100,% 이하,제80조제1항,2026.5.11,6487,2026-09-21
대구광역시,광역,도시지역-주거,제2종전용주거지역,40,% 이하,제75조제1항,120,% 이하,제80조제1항,2026.5.11,6487,2026-09-21
대구광역시,광역,도시지역-주거,제1종일반주거지역,60,% 이하,제75조제1항,200,% 이하,제80조제1항,2026.5.11,6487,2026-09-21
대구광역시,광역,도시지역-주거,제2종일반주거지역,60,% 이하,제75조제1항,220,% 이하,제80조제1항,2026.5.11,6487,2026-09-21
대구광역시,광역,도시지역-주거,제3종일반주거지역,50,% 이하,제75조제1항,250,% 이하,제80조제1항,2026.5.11,6487,2026-09-21
대구광역시,광역,도시지역-주거,준주거지역,60,% 이하,제75조제1항,400,% 이하,제80조제1항,2026.5.11,6487,2026-09-21
대구광역시,광역,도시지역-상업,중심상업지역,80,% 이하,제75조제1항,1300,% 이하,제80조제1항,2026.5.11,6487,2026-09-21
대구광역시,광역,도시지역-상업,일반상업지역,70,% 이하,제75조제1항,1000,% 이하,제80조제1항,2026.5.11,6487,2026-09-21
대구광역시,광역,도시지역-상업,근린상업지역,70,% 이하,제75조제1항,800,% 이하,제80조제1항,2026.5.11,6487,2026-09-21
대구광역시,광역,도시지역-상업,유통상업지역,70,% 이하,제75조제1항,900,% 이하,제80조제1항,2026.5.11,6487,2026-09-21
대구광역시,광역,도시지역-공업,전용공업지역,70,% 이하,제75조제1항,300,% 이하,제80조제1항,2026.5.11,6487,2026-09-21
대구광역시,광역,도시지역-공업,일반공업지역,70,% 이하,제75조제1항,350,% 이하,제80조제1항,2026.5.11,6487,2026-09-21
대구광역시,광역,도시지역-공업,준공업지역,70,% 이하,제75조제1항,400,% 이하,제80조제1항,2026.5.11,6487,2026-09-21
대구광역시,광역,도시지역-녹지,보전녹지지역,20,% 이하,제75조제1항,60,% 이하,제80조제1항,2026.5.11,6487,2026-09-21
대구광역시,광역,도시지역-녹지,생산녹지지역,20,% 이하,제75조제1항,100,% 이하,제80조제1항,2026.5.11,6487,2026-09-21
대구광역시,광역,도시지역-녹지,자연녹지지역,20,% 이하,제75조제1항,100,% 이하,제80조제1항,2026.5.11,6487,2026-09-21
대구광역시,광역,관리지역,보전관리지역,20,% 이하,제75조제1항,80,% 이하,제80조제1항,2026.5.11,6487,2026-09-21
대구광역시,광역,관리지역,생산관리지역,20,% 이하,제75조제1항,80,% 이하,제80조제1항,2026.5.11,6487,2026-09-21
대구광역시,광역,관리지역,계획관리지역,40,% 이하,제75조제1항,100,% 이하,제80조제1항,2026.5.11,6487,2026-09-21
대구광역시,광역,농림지역,농림지역,20,% 이하,제75조제1항,80,% 이하,제80조제1항,2026.5.11,6487,2026-09-21
대구광역시,광역,자연환경보전지역,자연환경보전지역,20,% 이하,제75조제1항,80,% 이하,제80조제1항,2026.5.11,6487,2026-09-21
안양시,경기,도시지역-주거,제1종전용주거지역,50,% 이하,제49조제1항,100,% 이하,제50조제1항,2026.3.31,3846,2026-09-21
안양시,경기,도시지역-주거,제2종전용주거지역,50,% 이하,제49조제1항,100,% 이하,제50조제1항,2026.3.31,3846,2026-09-21
안양시,경기,도시지역-주거,제1종일반주거지역,60,% 이하,제49조제1항,200,% 이하,제50조제1항,2026.3.31,3846,2026-09-21
안양시,경기,도시지역-주거,제2종일반주거지역,60,% 이하,제49조제1항,250,% 이하,제50조제1항,2026.3.31,3846,2026-09-21
안양시,경기,도시지역-주거,제3종일반주거지역,50,% 이하,제49조제1항,280,% 이하,제50조제1항,2026.3.31,3846,2026-09-21
안양시,경기,도시지역-주거,준주거지역,60,% 이하,제49조제1항,450,% 이하,제50조제1항,2026.3.31,3846,2026-09-21
안양시,경기,도시지역-상업,중심상업지역,80,% 이하,제49조제1항,1000,% 이하,제50조제1항,2026.3.31,3846,2026-09-21
안양시,경기,도시지역-상업,일반상업지역,80,% 이하,제49조제1항,800,% 이하,제50조제1항,2026.3.31,3846,2026-09-21
안양시,경기,도시지역-공업,일반공업지역,70,% 이하,제49조제1항,300,% 이하,제50조제1항,2026.3.31,3846,2026-09-21
안양시,경기,도시지역-공업,준공업지역,70,% 이하,제49조제1항,300,% 이하,제50조제1항,2026.3.31,3846,2026-09-21
안양시,경기,도시지역-녹지,보전녹지지역,20,% 이하,제49조제1항,50,% 이하,제50조제1항,2026.3.31,3846,2026-09-21
안양시,경기,도시지역-녹지,자연녹지지역,20,% 이하,제49조제1항,80,% 이하,제50조제1항,2026.3.31,3846,2026-09-21
인천광역시,광역,도시지역-주거,제1종전용주거지역,50,% 이하,제64조제1항,80,% 이하,제65조제1항,2026.7.13,7763,2026-09-21
인천광역시,광역,도시지역-주거,제2종전용주거지역,50,% 이하,제64조제1항,120,% 이하,제65조제1항,2026.7.13,7763,2026-09-21
인천광역시,광역,도시지역-주거,제1종일반주거지역,60,% 이하,제64조제1항,200,% 이하,제65조제1항,2026.7.13,7763,2026-09-21
인천광역시,광역,도시지역-주거,제2종일반주거지역,60,% 이하,제64조제1항,250,% 이하,제65조제1항,2026.7.13,7763,2026-09-21
인천광역시,광역,도시지역-주거,제3종일반주거지역,50,% 이하,제64조제1항,300,% 이하,제65조제1항,2026.7.13,7763,2026-09-21
인천광역시,광역,도시지역-주거,준주거지역,60,% 이하,제64조제1항,500,% 이하,제65조제1항,2026.7.13,7763,2026-09-21
인천광역시,광역,도시지역-상업,중심상업지역,80,% 이하,제64조제1항,1300,% 이하,제65조제1항,2026.7.13,7763,2026-09-21
인천광역시,광역,도시지역-상업,일반상업지역,70,% 이하,제64조제1항,1000,% 이하,제65조제1항,2026.7.13,7763,2026-09-21
인천광역시,광역,도시지역-상업,근린상업지역,70,% 이하,제64조제1항,700,% 이하,제65조제1항,2026.7.13,7763,2026-09-21
인천광역시,광역,도시지역-상업,유통상업지역,70,% 이하,제64조제1항,800,% 이하,제65조제1항,2026.7.13,7763,2026-09-21
인천광역시,광역,도시지역-공업,전용공업지역,70,% 이하,제64조제1항,300,% 이하,제65조제1항,2026.7.13,7763,2026-09-21
인천광역시,광역,도시지역-공업,일반공업지역,70,% 이하,제64조제1항,350,% 이하,제65조제1항,2026.7.13,7763,2026-09-21
인천광역시,광역,도시지역-공업,준공업지역,70,% 이하,제64조제1항,400,% 이하,제65조제1항,2026.7.13,7763,2026-09-21
인천광역시,광역,도시지역-녹지,보전녹지지역,20,% 이하,제64조제1항,50,% 이하,제65조제1항,2026.7.13,7763,2026-09-21
인천광역시,광역,도시지역-녹지,생산녹지지역,20,% 이하,제64조제1항,80,% 이하,제65조제1항,2026.7.13,7763,2026-09-21
인천광역시,광역,도시지역-녹지,자연녹지지역,20,% 이하,제64조제1항,80,% 이하,제65조제1항,2026.7.13,7763,2026-09-21
인천광역시,광역,관리지역,보전관리지역,20,% 이하,제64조제1항,80,% 이하,제65조제1항,2026.7.13,7763,2026-09-21
인천광역시,광역,관리지역,생산관리지역,20,% 이하,제64조제1항,80,% 이하,제65조제1항,2026.7.13,7763,2026-09-21
인천광역시,광역,관리지역,계획관리지역,40,% 이하,제64조제1항,100,% 이하,제65조제1항,2026.7.13,7763,2026-09-21
인천광역시,광역,농림지역,농림지역,20,% 이하,제64조제1항,80,% 이하,제65조제1항,2026.7.13,7763,2026-09-21
인천광역시,광역,자연환경보전지역,자연환경보전지역,20,% 이하,제64조제1항,80,% 이하,제65조제1항,2026.7.13,7763,2026-09-21
평택시,경기,도시지역-주거,제1종전용주거지역,50,% 이하,제56조제1항,100,% 이하,제61조제1항,2026.5.18,2630,2026-09-21
평택시,경기,도시지역-주거,제2종전용주거지역,50,% 이하,제56조제1항,150,% 이하,제61조제1항,2026.5.18,2630,2026-09-21
평택시,경기,도시지역-주거,제1종일반주거지역,60,% 이하,제56조제1항,200,% 이하,제61조제1항,2026.5.18,2630,2026-09-21
평택시,경기,도시지역-주거,제2종일반주거지역,60,% 이하,제56조제1항,250,% 이하,제61조제1항,2026.5.18,2630,2026-09-21
평택시,경기,도시지역-주거,제3종일반주거지역,50,% 이하,제56조제1항,300,% 이하,제61조제1항,2026.5.18,2630,2026-09-21
평택시,경기,도시지역-주거,준주거지역,70,% 이하,제56조제1항,500,% 이하,제61조제1항,2026.5.18,2630,2026-09-21
평택시,경기,도시지역-상업,중심상업지역,90,% 이하,제56조제1항,1500,% 이하,제61조제1항,2026.5.18,2630,2026-09-21
평택시,경기,도시지역-상업,일반상업지역,80,% 이하,제56조제1항,1300,% 이하,제61조제1항,2026.5.18,2630,2026-09-21
평택시,경기,도시지역-상업,근린상업지역,70,% 이하,제56조제1항,900,% 이하,제61조제1항,2026.5.18,2630,2026-09-21
평택시,경기,도시지역-상업,유통상업지역,60,% 이하,제56조제1항,1100,% 이하,제61조제1항,2026.5.18,2630,2026-09-21
평택시,경기,도시지역-공업,전용공업지역,70,% 이하,제56조제1항,300,% 이하,제61조제1항,2026.5.18,2630,2026-09-21
평택시,경기,도시지역-공업,일반공업지역,70,% 이하,제56조제1항,350,% 이하,제61조제1항,2026.5.18,2630,2026-09-21
평택시,경기,도시지역-공업,준공업지역,70,% 이하,제56조제1항,400,% 이하,제61조제1항,2026.5.18,2630,2026-09-21
평택시,경기,도시지역-녹지,보전녹지지역,20,% 이하,제56조제1항,80,% 이하,제61조제1항,2026.5.18,2630,2026-09-21
평택시,경기,도시지역-녹지,생산녹지지역,20,% 이하,제56조제1항,100,% 이하,제61조제1항,2026.5.18,2630,2026-09-21
평택시,경기,도시지역-녹지,자연녹지지역,20,% 이하,제56조제1항,100,% 이하,제61조제1항,2026.5.18,2630,2026-09-21
평택시,경기,관리지역,보전관리지역,20,% 이하,제56조제1항,80,% 이하,제61조제1항,2026.5.18,2630,2026-09-21
평택시,경기,관리지역,생산관리지역,20,% 이하,제56조제1항,80,% 이하,제61조제1항,2026.5.18,2630,2026-09-21
평택시,경기,관리지역,계획관리지역,40,% 이하,제56조제1항,100,% 이하,제61조제1항,2026.5.18,2630,2026-09-21
평택시,경기,농림지역,농림지역,20,% 이하,제56조제1항,80,% 이하,제61조제1항,2026.5.18,2630,2026-09-21
평택시,경기,자연환경보전지역,자연환경보전지역,20,% 이하,제56조제1항,80,% 이하,제61조제1항,2026.5.18,2630,2026-09-21
대전광역시,광역,도시지역-주거,제1종전용주거지역,50,% 이하,제45조제1항,100,% 이하,제50조제1항,2026.2.13,6595,2026-09-21
대전광역시,광역,도시지역-주거,제2종전용주거지역,40,% 이하,제45조제1항,120,% 이하,제50조제1항,2026.2.13,6595,2026-09-21
대전광역시,광역,도시지역-주거,제1종일반주거지역,60,% 이하,제45조제1항,150,% 이하,제50조제1항,2026.2.13,6595,2026-09-21
대전광역시,광역,도시지역-주거,제2종일반주거지역,60,% 이하,제45조제1항,200,% 이하,제50조제1항,2026.2.13,6595,2026-09-21
대전광역시,광역,도시지역-주거,제3종일반주거지역,50,% 이하,제45조제1항,250,% 이하,제50조제1항,2026.2.13,6595,2026-09-21
대전광역시,광역,도시지역-주거,준주거지역,60,% 이하,제45조제1항,400,% 이하,제50조제1항,2026.2.13,6595,2026-09-21
대전광역시,광역,도시지역-상업,중심상업지역,80,% 이하,제45조제1항,1300,% 이하,제50조제1항,2026.2.13,6595,2026-09-21
대전광역시,광역,도시지역-상업,일반상업지역,70,% 이하,제45조제1항,1100,% 이하,제50조제1항,2026.2.13,6595,2026-09-21
대전광역시,광역,도시지역-상업,근린상업지역,60,% 이하,제45조제1항,700,% 이하,제50조제1항,2026.2.13,6595,2026-09-21
대전광역시,광역,도시지역-상업,유통상업지역,70,% 이하,제45조제1항,900,% 이하,제50조제1항,2026.2.13,6595,2026-09-21
대전광역시,광역,도시지역-공업,전용공업지역,70,% 이하,제45조제1항,300,% 이하,제50조제1항,2026.2.13,6595,2026-09-21
대전광역시,광역,도시지역-공업,일반공업지역,70,% 이하,제45조제1항,350,% 이하,제50조제1항,2026.2.13,6595,2026-09-21
대전광역시,광역,도시지역-공업,준공업지역,70,% 이하,제45조제1항,400,% 이하,제50조제1항,2026.2.13,6595,2026-09-21
대전광역시,광역,도시지역-녹지,보전녹지지역,20,% 이하,제45조제1항,60,% 이하,제50조제1항,2026.2.13,6595,2026-09-21
대전광역시,광역,도시지역-녹지,생산녹지지역,20,% 이하,제45조제1항,70,% 이하,제50조제1항,2026.2.13,6595,2026-09-21
대전광역시,광역,도시지역-녹지,자연녹지지역,20,% 이하,제45조제1항,80,% 이하,제50조제1항,2026.2.13,6595,2026-09-21
대전광역시,광역,관리지역,보전관리지역,20,% 이하,제45조제1항,60,% 이하,제50조제1항,2026.2.13,6595,2026-09-21
대전광역시,광역,관리지역,생산관리지역,20,% 이하,제45조제1항,70,% 이하,제50조제1항,2026.2.13,6595,2026-09-21
대전광역시,광역,관리지역,계획관리지역,40,% 이하,제45조제1항,80,% 이하,제50조제1항,2026.2.13,6595,2026-09-21
대전광역시,광역,농림지역,농림지역,20,% 이하,제45조제1항,70,% 이하,제50조제1항,2026.2.13,6595,2026-09-21
대전광역시,광역,자연환경보전지역,자연환경보전지역,20,% 이하,제45조제1항,60,% 이하,제50조제1항,2026.2.13,6595,2026-09-21
시흥시,경기,도시지역-주거,제1종전용주거지역,50,% 이하,제30조제1항,100,% 이하,제34조제1항,2026.8.20,2633,2026-09-21
시흥시,경기,도시지역-주거,제2종전용주거지역,50,% 이하,제30조제1항,150,% 이하,제34조제1항,2026.8.20,2633,2026-09-21
시흥시,경기,도시지역-주거,제1종일반주거지역,60,% 이하,제30조제1항,200,% 이하,제34조제1항,2026.8.20,2633,2026-09-21
시흥시,경기,도시지역-주거,제2종일반주거지역,60,% 이하,제30조제1항,250,% 이하,제34조제1항,2026.8.20,2633,2026-09-21
시흥시,경기,도시지역-주거,제3종일반주거지역,50,% 이하,제30조제1항,300,% 이하,제34조제1항,2026.8.20,2633,2026-09-21
시흥시,경기,도시지역-주거,준주거지역,70,% 이하,제30조제1항,500,% 이하,제34조제1항,2026.8.20,2633,2026-09-21
시흥시,경기,도시지역-상업,중심상업지역,90,% 이하,제30조제1항,1500,% 이하,제34조제1항,2026.8.20,2633,2026-09-21
시흥시,경기,도시지역-상업,일반상업지역,80,% 이하,제30조제1항,1300,% 이하,제34조제1항,2026.8.20,2633,2026-09-21
시흥시,경기,도시지역-상업,근린상업지역,70,% 이하,제30조제1항,900,% 이하,제34조제1항,2026.8.20,2633,2026-09-21
시흥시,경기,도시지역-공업,일반공업지역,70,% 이하,제30조제1항,350,% 이하,제34조제1항,2026.8.20,2633,2026-09-21
시흥시,경기,도시지역-공업,준공업지역,70,% 이하,제30조제1항,400,% 이하,제34조제1항,2026.8.20,2633,2026-09-21
시흥시,경기,도시지역-녹지,보전녹지지역,20,% 이하,제30조제1항,80,% 이하,제34조제1항,2026.8.20,2633,2026-09-21
시흥시,경기,도시지역-녹지,자연녹지지역,20,% 이하,제30조제1항,100,% 이하,제34조제1항,2026.8.20,2633,2026-09-21
파주시,경기,도시지역-주거,제1종전용주거지역,40,% 이하,제32조제1항,80,% 이하,제33조제1항,2025.3.20,2204,2026-09-21
파주시,경기,도시지역-주거,제2종전용주거지역,50,% 이하,제32조제1항,120,% 이하,제33조제1항,2025.3.20,2204,2026-09-21
파주시,경기,도시지역-주거,제1종일반주거지역,60,% 이하,제32조제1항,180,% 이하,제33조제1항,2025.3.20,2204,2026-09-21
파주시,경기,도시지역-주거,제2종일반주거지역,60,% 이하,제32조제1항,250,% 이하,제33조제1항,2025.3.20,2204,2026-09-21
파주시,경기,도시지역-주거,제3종일반주거지역,50,% 이하,제32조제1항,300,% 이하,제33조제1항,2025.3.20,2204,2026-09-21
파주시,경기,도시지역-주거,준주거지역,60,% 이하,제32조제1항,300,% 이하,제33조제1항,2025.3.20,2204,2026-09-21
파주시,경기,도시지역-상업,중심상업지역,80,% 이하,제32조제1항,1000,% 이하,제33조제1항,2025.3.20,2204,2026-09-21
파주시,경기,도시지역-상업,일반상업지역,80,% 이하,제32조제1항,900,% 이하,제33조제1항,2025.3.20,2204,2026-09-21
파주시,경기,도시지역-상업,근린상업지역,70,% 이하,제32조제1항,600,% 이하,제33조제1항,2025.3.20,2204,2026-09-21
파주시,경기,도시지역-상업,유통상업지역,70,% 이하,제32조제1항,600,% 이하,제33조제1항,2025.3.20,2204,2026-09-21
파주시,경기,도시지역-공업,전용공업지역,70,% 이하,제32조제1항,200,% 이하,제33조제1항,2025.3.20,2204,2026-09-21
파주시,경기,도시지역-공업,일반공업지역,70,% 이하,제32조제1항,250,% 이하,제33조제1항,2025.3.20,2204,2026-09-21
파주시,경기,도시지역-공업,준공업지역,70,% 이하,제32조제1항,250,% 이하,제33조제1항,2025.3.20,2204,2026-09-21
파주시,경기,도시지역-녹지,보전녹지지역,20,% 이하,제32조제1항,50,% 이하,제33조제1항,2025.3.20,2204,2026-09-21
파주시,경기,도시지역-녹지,생산녹지지역,20,% 이하,제32조제1항,50,% 이하,제33조제1항,2025.3.20,2204,2026-09-21
파주시,경기,도시지역-녹지,자연녹지지역,20,% 이하,제32조제1항,80,% 이하,제33조제1항,2025.3.20,2204,2026-09-21
파주시,경기,관리지역,보전관리지역,20,% 이하,제32조제1항,80,% 이하,제33조제1항,2025.3.20,2204,2026-09-21
파주시,경기,관리지역,생산관리지역,20,% 이하,제32조제1항,80,% 이하,제33조제1항,2025.3.20,2204,2026-09-21
파주시,경기,관리지역,계획관리지역,40,% 이하,제32조제1항,100,% 이하,제33조제1항,2025.3.20,2204,2026-09-21
파주시,경기,농림지역,농림지역,20,% 이하,제32조제1항,50,% 이하,제33조제1항,2025.3.20,2204,2026-09-21
파주시,경기,자연환경보전지역,자연환경보전지역,20,% 이하,제32조제1항,50,% 이하,제33조제1항,2025.3.20,2204,2026-09-21
의정부시,경기,도시지역-주거,제1종전용주거지역,40,% 이하,제42조제1항,80,% 이하,제46조제1항,2025.9.25,3604,2026-09-21
의정부시,경기,도시지역-주거,제2종전용주거지역,50,% 이하,제42조제1항,120,% 이하,제46조제1항,2025.9.25,3604,2026-09-21
의정부시,경기,도시지역-주거,제1종일반주거지역,60,% 이하,제42조제1항,200,% 이하,제46조제1항,2025.9.25,3604,2026-09-21
의정부시,경기,도시지역-주거,제2종일반주거지역,60,% 이하,제42조제1항,250,% 이하,제46조제1항,2025.9.25,3604,2026-09-21
의정부시,경기,도시지역-주거,제3종일반주거지역,50,% 이하,제42조제1항,300,% 이하,제46조제1항,2025.9.25,3604,2026-09-21
의정부시,경기,도시지역-주거,준주거지역,60,% 이하,제42조제1항,500,% 이하,제46조제1항,2025.9.25,3604,2026-09-21
의정부시,경기,도시지역-상업,중심상업지역,80,% 이하,제42조제1항,1000,% 이하,제46조제1항,2025.9.25,3604,2026-09-21
의정부시,경기,도시지역-상업,일반상업지역,80,% 이하,제42조제1항,1000,% 이하,제46조제1항,2025.9.25,3604,2026-09-21
의정부시,경기,도시지역-상업,근린상업지역,60,% 이하,제42조제1항,500,% 이하,제46조제1항,2025.9.25,3604,2026-09-21
의정부시,경기,도시지역-상업,유통상업지역,60,% 이하,제42조제1항,500,% 이하,제46조제1항,2025.9.25,3604,2026-09-21
의정부시,경기,도시지역-공업,전용공업지역,70,% 이하,제42조제1항,300,% 이하,제46조제1항,2025.9.25,3604,2026-09-21
의정부시,경기,도시지역-공업,일반공업지역,70,% 이하,제42조제1항,350,% 이하,제46조제1항,2025.9.25,3604,2026-09-21
의정부시,경기,도시지역-공업,준공업지역,70,% 이하,제42조제1항,400,% 이하,제46조제1항,2025.9.25,3604,2026-09-21
의정부시,경기,도시지역-녹지,보전녹지지역,20,% 이하,제42조제1항,50,% 이하,제46조제1항,2025.9.25,3604,2026-09-21
의정부시,경기,도시지역-녹지,생산녹지지역,20,% 이하,제42조제1항,60,% 이하,제46조제1항,2025.9.25,3604,2026-09-21
의정부시,경기,도시지역-녹지,자연녹지지역,20,% 이하,제42조제1항,80,% 이하,제46조제1항,2025.9.25,3604,2026-09-21
광주광역시,광역,도시지역-주거,제1종전용주거지역,40,% 이하,제67조제1항,80,% 이하,제72조제1항,2025.11.11,6636,2026-09-21
광주광역시,광역,도시지역-주거,제2종전용주거지역,40,% 이하,제67조제1항,120,% 이하,제72조제1항,2025.11.11,6636,2026-09-21
광주광역시,광역,도시지역-주거,제1종일반주거지역,60,% 이하,제67조제1항,150,% 이하,제72조제1항,2025.11.11,6636,2026-09-21
광주광역시,광역,도시지역-주거,제2종일반주거지역,60,% 이하,제67조제1항,220,% 이하,제72조제1항,2025.11.11,6636,2026-09-21
광주광역시,광역,도시지역-주거,제3종일반주거지역,50,% 이하,제67조제1항,250,% 이하,제72조제1항,2025.11.11,6636,2026-09-21
광주광역시,광역,도시지역-주거,준주거지역,60,% 이하,제67조제1항,400,% 이하,제72조제1항,2025.11.11,6636,2026-09-21
광주광역시,광역,도시지역-상업,중심상업지역,70,% 이하,제67조제1항,1300,% 이하,제72조제1항,2025.11.11,6636,2026-09-21
광주광역시,광역,도시지역-상업,일반상업지역,60,% 이하,제67조제1항,1000,% 이하,제72조제1항,2025.11.11,6636,2026-09-21
광주광역시,광역,도시지역-상업,근린상업지역,60,% 이하,제67조제1항,700,% 이하,제72조제1항,2025.11.11,6636,2026-09-21
광주광역시,광역,도시지역-상업,유통상업지역,60,% 이하,제67조제1항,800,% 이하,제72조제1항,2025.11.11,6636,2026-09-21
광주광역시,광역,도시지역-공업,전용공업지역,70,% 이하,제67조제1항,300,% 이하,제72조제1항,2025.11.11,6636,2026-09-21
광주광역시,광역,도시지역-공업,일반공업지역,70,% 이하,제67조제1항,350,% 이하,제72조제1항,2025.11.11,6636,2026-09-21
광주광역시,광역,도시지역-공업,준공업지역,70,% 이하,제67조제1항,400,% 이하,제72조제1항,2025.11.11,6636,2026-09-21
광주광역시,광역,도시지역-녹지,보전녹지지역,20,% 이하,제67조제1항,60,% 이하,제72조제1항,2025.11.11,6636,2026-09-21
광주광역시,광역,도시지역-녹지,생산녹지지역,20,% 이하,제67조제1항,60,% 이하,제72조제1항,2025.11.11,6636,2026-09-21
광주광역시,광역,도시지역-녹지,자연녹지지역,20,% 이하,제67조제1항,60,% 이하,제72조제1항,2025.11.11,6636,2026-09-21
광주광역시,광역,관리지역,보전관리지역,20,% 이하,제67조제1항,80,% 이하,제72조제1항,2025.11.11,6636,2026-09-21
광주광역시,광역,관리지역,생산관리지역,20,% 이하,제67조제1항,80,% 이하,제72조제1항,2025.11.11,6636,2026-09-21
광주광역시,광역,관리지역,계획관리지역,40,% 이하,제67조제1항,90,% 이하,제72조제1항,2025.11.11,6636,2026-09-21
광주광역시,광역,농림지역,농림지역,20,% 이하,제67조제1항,60,% 이하,제72조제1항,2025.11.11,6636,2026-09-21
광주광역시,광역,자연환경보전지역,자연환경보전지역,20,% 이하,제67조제1항,60,% 이하,제72조제1항,2025.11.11,6636,2026-09-21
김포시,경기,도시지역-주거,제1종전용주거지역,50,% 이하,제54조제1항,100,% 이하,제59조제1항,2025.5.12,2216,2026-09-21
김포시,경기,도시지역-주거,제2종전용주거지역,50,% 이하,제54조제1항,150,% 이하,제59조제1항,2025.5.12,2216,2026-09-21
김포시,경기,도시지역-주거,제1종일반주거지역,60,% 이하,제54조제1항,200,% 이하,제59조제1항,2025.5.12,2216,2026-09-21
김포시,경기,도시지역-주거,제2종일반주거지역,60,% 이하,제54조제1항,250,% 이하,제59조제1항,2025.5.12,2216,2026-09-21
김포시,경기,도시지역-주거,제3종일반주거지역,50,% 이하,제54조제1항,300,% 이하,제59조제1항,2025.5.12,2216,2026-09-21
김포시,경기,도시지역-주거,준주거지역,70,% 이하,제54조제1항,500,% 이하,제59조제1항,2025.5.12,2216,2026-09-21
김포시,경기,도시지역-상업,중심상업지역,90,% 이하,제54조제1항,1500,% 이하,제59조제1항,2025.5.12,2216,2026-09-21
김포시,경기,도시지역-상업,일반상업지역,80,% 이하,제54조제1항,1300,% 이하,제59조제1항,2025.5.12,2216,2026-09-21
김포시,경기,도시지역-상업,근린상업지역,70,% 이하,제54조제1항,900,% 이하,제59조제1항,2025.5.12,2216,2026-09-21
김포시,경기,도시지역-상업,유통상업지역,80,% 이하,제54조제1항,1100,% 이하,제59조제1항,2025.5.12,2216,2026-09-21
김포시,경기,도시지역-공업,전용공업지역,70,% 이하,제54조제1항,300,% 이하,제59조제1항,2025.5.12,2216,2026-09-21
김포시,경기,도시지역-공업,일반공업지역,70,% 이하,제54조제1항,350,% 이하,제59조제1항,2025.5.12,2216,2026-09-21
김포시,경기,도시지역-공업,준공업지역,70,% 이하,제54조제1항,400,% 이하,제59조제1항,2025.5.12,2216,2026-09-21
김포시,경기,도시지역-녹지,보전녹지지역,20,% 이하,제54조제1항,80,% 이하,제59조제1항,2025.5.12,2216,2026-09-21
김포시,경기,도시지역-녹지,생산녹지지역,20,% 이하,제54조제1항,100,% 이하,제59조제1항,2025.5.12,2216,2026-09-21
김포시,경기,도시지역-녹지,자연녹지지역,20,% 이하,제54조제1항,100,% 이하,제59조제1항,2025.5.12,2216,2026-09-21
김포시,경기,관리지역,보전관리지역,20,% 이하,제54조제1항,80,% 이하,제59조제1항,2025.5.12,2216,2026-09-21
김포시,경기,관리지역,생산관리지역,20,% 이하,제54조제1항,80,% 이하,제59조제1항,2025.5.12,2216,2026-09-21
김포시,경기,관리지역,계획관리지역,40,% 이하,제54조제1항,100,% 이하,제59조제1항,2025.5.12,2216,2026-09-21
김포시,경기,농림지역,농림지역,20,% 이하,제54조제1항,80,% 이하,제59조제1항,2025.5.12,2216,2026-09-21
김포시,경기,자연환경보전지역,자연환경보전지역,20,% 이하,제54조제1항,80,% 이하,제59조제1항,2025.5.12,2216,2026-09-21
세종특별자치시,광역,도시지역-주거,제1종전용주거지역,50,% 이하,제50조제1항,100,% 이하,제54조제1항,2026.2.27,2978,2026-09-21
세종특별자치시,광역,도시지역-주거,제2종전용주거지역,50,% 이하,제50조제1항,150,% 이하,제54조제1항,2026.2.27,2978,2026-09-21
세종특별자치시,광역,도시지역-주거,제1종일반주거지역,60,% 이하,제50조제1항,200,% 이하,제54조제1항,2026.2.27,2978,2026-09-21
세종특별자치시,광역,도시지역-주거,제2종일반주거지역,60,% 이하,제50조제1항,250,% 이하,제54조제1항,2026.2.27,2978,2026-09-21
세종특별자치시,광역,도시지역-주거,제3종일반주거지역,50,% 이하,제50조제1항,300,% 이하,제54조제1항,2026.2.27,2978,2026-09-21
세종특별자치시,광역,도시지역-주거,준주거지역,70,% 이하,제50조제1항,400,% 이하,제54조제1항,2026.2.27,2978,2026-09-21
세종특별자치시,광역,도시지역-상업,중심상업지역,80,% 이하,제50조제1항,1300,% 이하,제54조제1항,2026.2.27,2978,2026-09-21
세종특별자치시,광역,도시지역-상업,일반상업지역,80,% 이하,제50조제1항,1100,% 이하,제54조제1항,2026.2.27,2978,2026-09-21
세종특별자치시,광역,도시지역-상업,근린상업지역,70,% 이하,제50조제1항,700,% 이하,제54조제1항,2026.2.27,2978,2026-09-21
세종특별자치시,광역,도시지역-상업,유통상업지역,80,% 이하,제50조제1항,900,% 이하,제54조제1항,2026.2.27,2978,2026-09-21
세종특별자치시,광역,도시지역-공업,전용공업지역,70,% 이하,제50조제1항,300,% 이하,제54조제1항,2026.2.27,2978,2026-09-21
세종특별자치시,광역,도시지역-공업,일반공업지역,70,% 이하,제50조제1항,350,% 이하,제54조제1항,2026.2.27,2978,2026-09-21
세종특별자치시,광역,도시지역-공업,준공업지역,70,% 이하,제50조제1항,400,% 이하,제54조제1항,2026.2.27,2978,2026-09-21
세종특별자치시,광역,도시지역-녹지,보전녹지지역,20,% 이하,제50조제1항,80,% 이하,제54조제1항,2026.2.27,2978,2026-09-21
세종특별자치시,광역,도시지역-녹지,생산녹지지역,20,% 이하,제50조제1항,100,% 이하,제54조제1항,2026.2.27,2978,2026-09-21
세종특별자치시,광역,도시지역-녹지,자연녹지지역,20,% 이하,제50조제1항,100,% 이하,제54조제1항,2026.2.27,2978,2026-09-21
세종특별자치시,광역,관리지역,보전관리지역,20,% 이하,제50조제1항,80,% 이하,제54조제1항,2026.2.27,2978,2026-09-21
세종특별자치시,광역,관리지역,생산관리지역,20,% 이하,제50조제1항,80,% 이하,제54조제1항,2026.2.27,2978,2026-09-21
세종특별자치시,광역,관리지역,계획관리지역,40,% 이하,제50조제1항,100,% 이하,제54조제1항,2026.2.27,2978,2026-09-21
세종특별자치시,광역,농림지역,농림지역,20,% 이하,제50조제1항,80,% 이하,제54조제1항,2026.2.27,2978,2026-09-21
세종특별자치시,광역,자연환경보전지역,자연환경보전지역,20,% 이하,제50조제1항,80,% 이하,제54조제1항,2026.2.27,2978,2026-09-21
광주시,경기,도시지역-주거,제1종전용주거지역,50,% 이하,제55조제1항,100,% 이하,제60조제1항,2026.4.15,1776,2026-09-21
광주시,경기,도시지역-주거,제2종전용주거지역,50,% 이하,제55조제1항,150,% 이하,제60조제1항,2026.4.15,1776,2026-09-21
광주시,경기,도시지역-주거,제1종일반주거지역,60,% 이하,제55조제1항,180,% 이하,제60조제1항,2026.4.15,1776,2026-09-21
광주시,경기,도시지역-주거,제2종일반주거지역,60,% 이하,제55조제1항,250,% 이하,제60조제1항,2026.4.15,1776,2026-09-21
광주시,경기,도시지역-주거,제3종일반주거지역,50,% 이하,제55조제1항,300,% 이하,제60조제1항,2026.4.15,1776,2026-09-21
광주시,경기,도시지역-주거,준주거지역,70,% 이하,제55조제1항,450,% 이하,제60조제1항,2026.4.15,1776,2026-09-21
광주시,경기,도시지역-상업,중심상업지역,90,% 이하,제55조제1항,1000,% 이하,제60조제1항,2026.4.15,1776,2026-09-21
광주시,경기,도시지역-상업,일반상업지역,80,% 이하,제55조제1항,900,% 이하,제60조제1항,2026.4.15,1776,2026-09-21
광주시,경기,도시지역-상업,근린상업지역,70,% 이하,제55조제1항,500,% 이하,제60조제1항,2026.4.15,1776,2026-09-21
광주시,경기,도시지역-상업,유통상업지역,60,% 이하,제55조제1항,400,% 이하,제60조제1항,2026.4.15,1776,2026-09-21
광주시,경기,도시지역-공업,전용공업지역,70,% 이하,제55조제1항,300,% 이하,제60조제1항,2026.4.15,1776,2026-09-21
광주시,경기,도시지역-공업,일반공업지역,70,% 이하,제55조제1항,350,% 이하,제60조제1항,2026.4.15,1776,2026-09-21
광주시,경기,도시지역-공업,준공업지역,60,% 이하,제55조제1항,400,% 이하,제60조제1항,2026.4.15,1776,2026-09-21
광주시,경기,도시지역-녹지,보전녹지지역,20,% 이하,제55조제1항,80,% 이하,제60조제1항,2026.4.15,1776,2026-09-21
광주시,경기,도시지역-녹지,생산녹지지역,20,% 이하,제55조제1항,80,% 이하,제60조제1항,2026.4.15,1776,2026-09-21
광주시,경기,도시지역-녹지,자연녹지지역,20,% 이하,제55조제1항,100,% 이하,제60조제1항,2026.4.15,1776,2026-09-21
광주시,경기,관리지역,보전관리지역,20,% 이하,제55조제1항,80,% 이하,제60조제1항,2026.4.15,1776,2026-09-21
광주시,경기,관리지역,생산관리지역,20,% 이하,제55조제1항,80,% 이하,제60조제1항,2026.4.15,1776,2026-09-21
광주시,경기,관리지역,계획관리지역,40,% 이하,제55조제1항,100,% 이하,제60조제1항,2026.4.15,1776,2026-09-21
광주시,경기,농림지역,농림지역,20,% 이하,제55조제1항,50,% 이하,제60조제1항,2026.4.15,1776,2026-09-21
광주시,경기,자연환경보전지역,자연환경보전지역,20,% 이하,제55조제1항,50,% 이하,제60조제1항,2026.4.15,1776,2026-09-21
제주특별자치도,광역,도시지역-주거,제1종전용주거지역,40,% 이하,제60조제1항,80,% 이하,제61조제1항,2025.12.24,4164,2026-09-21
제주특별자치도,광역,도시지역-주거,제2종전용주거지역,40,% 이하,제60조제1항,120,% 이하,제61조제1항,2025.12.24,4164,2026-09-21
제주특별자치도,광역,도시지역-주거,제1종일반주거지역,60,% 이하,제60조제1항,200,% 이하,제61조제1항,2025.12.24,4164,2026-09-21
제주특별자치도,광역,도시지역-주거,제2종일반주거지역,60,% 이하,제60조제1항,250,% 이하,제61조제1항,2025.12.24,4164,2026-09-21
제주특별자치도,광역,도시지역-주거,제3종일반주거지역,50,% 이하,제60조제1항,300,% 이하,제61조제1항,2025.12.24,4164,2026-09-21
제주특별자치도,광역,도시지역-주거,준주거지역,60,% 이하,제60조제1항,500,% 이하,제61조제1항,2025.12.24,4164,2026-09-21
제주특별자치도,광역,도시지역-상업,중심상업지역,80,% 이하,제60조제1항,1300,% 이하,제61조제1항,2025.12.24,4164,2026-09-21
제주특별자치도,광역,도시지역-상업,일반상업지역,80,% 이하,제60조제1항,1000,% 이하,제61조제1항,2025.12.24,4164,2026-09-21
제주특별자치도,광역,도시지역-상업,근린상업지역,60,% 이하,제60조제1항,700,% 이하,제61조제1항,2025.12.24,4164,2026-09-21
제주특별자치도,광역,도시지역-상업,유통상업지역,70,% 이하,제60조제1항,700,% 이하,제61조제1항,2025.12.24,4164,2026-09-21
제주특별자치도,광역,도시지역-공업,전용공업지역,60,% 이하,제60조제1항,200,% 이하,제61조제1항,2025.12.24,4164,2026-09-21
제주특별자치도,광역,도시지역-공업,일반공업지역,60,% 이하,제60조제1항,300,% 이하,제61조제1항,2025.12.24,4164,2026-09-21
제주특별자치도,광역,도시지역-공업,준공업지역,60,% 이하,제60조제1항,300,% 이하,제61조제1항,2025.12.24,4164,2026-09-21
제주특별자치도,광역,도시지역-녹지,보전녹지지역,20,% 이하,제60조제1항,60,% 이하,제61조제1항,2025.12.24,4164,2026-09-21
제주특별자치도,광역,도시지역-녹지,생산녹지지역,20,% 이하,제60조제1항,60,% 이하,제61조제1항,2025.12.24,4164,2026-09-21
제주특별자치도,광역,도시지역-녹지,자연녹지지역,20,% 이하,제60조제1항,80,% 이하,제61조제1항,2025.12.24,4164,2026-09-21
제주특별자치도,광역,관리지역,보전관리지역,20,% 이하,제60조제1항,60,% 이하,제61조제1항,2025.12.24,4164,2026-09-21
제주특별자치도,광역,관리지역,생산관리지역,20,% 이하,제60조제1항,60,% 이하,제61조제1항,2025.12.24,4164,2026-09-21
제주특별자치도,광역,관리지역,계획관리지역,40,% 이하,제60조제1항,80,% 이하,제61조제1항,2025.12.24,4164,2026-09-21
제주특별자치도,광역,농림지역,농림지역,20,% 이하,제60조제1항,50,% 이하,제61조제1항,2025.12.24,4164,2026-09-21
제주특별자치도,광역,자연환경보전지역,자연환경보전지역,20,% 이하,제60조제1항,50,% 이하,제61조제1항,2025.12.24,4164,2026-09-21
광명시,경기,도시지역-주거,제1종전용주거지역,50,% 이하,제41조제1항,80,% 이하,제42조제1항,2026.8.5,3402,2026-09-21
광명시,경기,도시지역-주거,제2종전용주거지역,50,% 이하,제41조제1항,120,% 이하,제42조제1항,2026.8.5,3402,2026-09-21
광명시,경기,도시지역-주거,제1종일반주거지역,60,% 이하,제41조제1항,150,% 이하,제42조제1항,2026.8.5,3402,2026-09-21
광명시,경기,도시지역-주거,제2종일반주거지역,60,% 이하,제41조제1항,240,% 이하,제42조제1항,2026.8.5,3402,2026-09-21
광명시,경기,도시지역-주거,제3종일반주거지역,50,% 이하,제41조제1항,280,% 이하,제42조제1항,2026.8.5,3402,2026-09-21
광명시,경기,도시지역-주거,준주거지역,70,% 이하,제41조제1항,450,% 이하,제42조제1항,2026.8.5,3402,2026-09-21
광명시,경기,도시지역-상업,중심상업지역,80,% 이하,제41조제1항,1100,% 이하,제42조제1항,2026.8.5,3402,2026-09-21
광명시,경기,도시지역-상업,일반상업지역,70,% 이하,제41조제1항,800,% 이하,제42조제1항,2026.8.5,3402,2026-09-21
광명시,경기,도시지역-상업,근린상업지역,70,% 이하,제41조제1항,700,% 이하,제42조제1항,2026.8.5,3402,2026-09-21
광명시,경기,도시지역-상업,유통상업지역,70,% 이하,제41조제1항,700,% 이하,제42조제1항,2026.8.5,3402,2026-09-21
광명시,경기,도시지역-공업,전용공업지역,70,% 이하,제41조제1항,250,% 이하,제42조제1항,2026.8.5,3402,2026-09-21
광명시,경기,도시지역-공업,일반공업지역,70,% 이하,제41조제1항,300,% 이하,제42조제1항,2026.8.5,3402,2026-09-21
광명시,경기,도시지역-공업,준공업지역,70,% 이하,제41조제1항,300,% 이하,제42조제1항,2026.8.5,3402,2026-09-21
광명시,경기,도시지역-녹지,보전녹지지역,20,% 이하,제41조제1항,50,% 이하,제42조제1항,2026.8.5,3402,2026-09-21
광명시,경기,도시지역-녹지,생산녹지지역,20,% 이하,제41조제1항,100,% 이하,제42조제1항,2026.8.5,3402,2026-09-21
광명시,경기,도시지역-녹지,자연녹지지역,20,% 이하,제41조제1항,80,% 이하,제42조제1항,2026.8.5,3402,2026-09-21
군포시,경기,도시지역-주거,제1종전용주거지역,40,% 이하,제49조제1항,80,% 이하,제53조제1항,2025.10.10,2335,2026-09-21
군포시,경기,도시지역-주거,제2종전용주거지역,50,% 이하,제49조제1항,120,% 이하,제53조제1항,2025.10.10,2335,2026-09-21
군포시,경기,도시지역-주거,제1종일반주거지역,60,% 이하,제49조제1항,200,% 이하,제53조제1항,2025.10.10,2335,2026-09-21
군포시,경기,도시지역-주거,제2종일반주거지역,60,% 이하,제49조제1항,230,% 이하,제53조제1항,2025.10.10,2335,2026-09-21
군포시,경기,도시지역-주거,제3종일반주거지역,50,% 이하,제49조제1항,280,% 이하,제53조제1항,2025.10.10,2335,2026-09-21
군포시,경기,도시지역-주거,준주거지역,60,% 이하,제49조제1항,300,% 이하,제53조제1항,2025.10.10,2335,2026-09-21
군포시,경기,도시지역-상업,중심상업지역,70,% 이하,제49조제1항,1000,% 이하,제53조제1항,2025.10.10,2335,2026-09-21
군포시,경기,도시지역-상업,일반상업지역,70,% 이하,제49조제1항,800,% 이하,제53조제1항,2025.10.10,2335,2026-09-21
군포시,경기,도시지역-상업,근린상업지역,60,% 이하,제49조제1항,600,% 이하,제53조제1항,2025.10.10,2335,2026-09-21
군포시,경기,도시지역-상업,유통상업지역,60,% 이하,제49조제1항,500,% 이하,제53조제1항,2025.10.10,2335,2026-09-21
군포시,경기,도시지역-공업,전용공업지역,70,% 이하,제49조제1항,250,% 이하,제53조제1항,2025.10.10,2335,2026-09-21
군포시,경기,도시지역-공업,일반공업지역,70,% 이하,제49조제1항,350,% 이하,제53조제1항,2025.10.10,2335,2026-09-21
군포시,경기,도시지역-공업,준공업지역,70,% 이하,제49조제1항,300,% 이하,제53조제1항,2025.10.10,2335,2026-09-21
군포시,경기,도시지역-녹지,보전녹지지역,20,% 이하,제49조제1항,50,% 이하,제53조제1항,2025.10.10,2335,2026-09-21
군포시,경기,도시지역-녹지,생산녹지지역,20,% 이하,제49조제1항,60,% 이하,제53조제1항,2025.10.10,2335,2026-09-21
군포시,경기,도시지역-녹지,자연녹지지역,20,% 이하,제49조제1항,80,% 이하,제53조제1항,2025.10.10,2335,2026-09-21
하남시,경기,도시지역-주거,제1종전용주거지역,50,% 이하,제50조제1항,100,% 이하,제53조제1항,2025.8.11,2452,2026-09-21
하남시,경기,도시지역-주거,제2종전용주거지역,50,% 이하,제50조제1항,150,% 이하,제53조제1항,2025.8.11,2452,2026-09-21
하남시,경기,도시지역-주거,제1종일반주거지역,60,% 이하,제50조제1항,200,% 이하,제53조제1항,2025.8.11,2452,2026-09-21
하남시,경기,도시지역-주거,제2종일반주거지역,60,% 이하,제50조제1항,250,% 이하,제53조제1항,2025.8.11,2452,2026-09-21
하남시,경기,도시지역-주거,제3종일반주거지역,50,% 이하,제50조제1항,300,% 이하,제53조제1항,2025.8.11,2452,2026-09-21
하남시,경기,도시지역-주거,준주거지역,70,% 이하,제50조제1항,500,% 이하,제53조제1항,2025.8.11,2452,2026-09-21
하남시,경기,도시지역-상업,중심상업지역,90,% 이하,제50조제1항,1500,% 이하,제53조제1항,2025.8.11,2452,2026-09-21
하남시,경기,도시지역-상업,일반상업지역,80,% 이하,제50조제1항,1300,% 이하,제53조제1항,2025.8.11,2452,2026-09-21
하남시,경기,도시지역-상업,근린상업지역,70,% 이하,제50조제1항,900,% 이하,제53조제1항,2025.8.11,2452,2026-09-21
하남시,경기,도시지역-상업,유통상업지역,80,% 이하,제50조제1항,1100,% 이하,제53조제1항,2025.8.11,2452,2026-09-21
하남시,경기,도시지역-공업,일반공업지역,70,% 이하,제50조제1항,350,% 이하,제53조제1항,2025.8.11,2452,2026-09-21
하남시,경기,도시지역-공업,준공업지역,70,% 이하,제50조제1항,400,% 이하,제53조제1항,2025.8.11,2452,2026-09-21
하남시,경기,도시지역-녹지,보전녹지지역,20,% 이하,제50조제1항,80,% 이하,제53조제1항,2025.8.11,2452,2026-09-21
하남시,경기,도시지역-녹지,생산녹지지역,20,% 이하,제50조제1항,100,% 이하,제53조제1항,2025.8.11,2452,2026-09-21
하남시,경기,도시지역-녹지,자연녹지지역,20,% 이하,제50조제1항,100,% 이하,제53조제1항,2025.8.11,2452,2026-09-21
오산시,경기,도시지역-주거,제1종전용주거지역,50,% 이하,제45조제1항,80,% 이하,제51조제1항,2026.5.6,2372,2026-09-21
오산시,경기,도시지역-주거,제2종전용주거지역,50,% 이하,제45조제1항,120,% 이하,제51조제1항,2026.5.6,2372,2026-09-21
오산시,경기,도시지역-주거,제1종일반주거지역,60,% 이하,제45조제1항,180,% 이하,제51조제1항,2026.5.6,2372,2026-09-21
오산시,경기,도시지역-주거,제2종일반주거지역,60,% 이하,제45조제1항,230,% 이하,제51조제1항,2026.5.6,2372,2026-09-21
오산시,경기,도시지역-주거,제3종일반주거지역,50,% 이하,제45조제1항,280,% 이하,제51조제1항,2026.5.6,2372,2026-09-21
오산시,경기,도시지역-주거,준주거지역,70,% 이하,제45조제1항,500,% 이하,제51조제1항,2026.5.6,2372,2026-09-21
오산시,경기,도시지역-상업,중심상업지역,80,% 이하,제45조제1항,1500,% 이하,제51조제1항,2026.5.6,2372,2026-09-21
오산시,경기,도시지역-상업,일반상업지역,80,% 이하,제45조제1항,1100,% 이하,제51조제1항,2026.5.6,2372,2026-09-21
오산시,경기,도시지역-상업,근린상업지역,70,% 이하,제45조제1항,500,% 이하,제51조제1항,2026.5.6,2372,2026-09-21
오산시,경기,도시지역-상업,유통상업지역,60,% 이하,제45조제1항,400,% 이하,제51조제1항,2026.5.6,2372,2026-09-21
오산시,경기,도시지역-공업,전용공업지역,70,% 이하,제45조제1항,300,% 이하,제51조제1항,2026.5.6,2372,2026-09-21
오산시,경기,도시지역-공업,일반공업지역,70,% 이하,제45조제1항,350,% 이하,제51조제1항,2026.5.6,2372,2026-09-21
오산시,경기,도시지역-공업,준공업지역,70,% 이하,제45조제1항,400,% 이하,제51조제1항,2026.5.6,2372,2026-09-21
오산시,경기,도시지역-녹지,보전녹지지역,20,% 이하,제45조제1항,50,% 이하,제51조제1항,2026.5.6,2372,2026-09-21
오산시,경기,도시지역-녹지,생산녹지지역,20,% 이하,제45조제1항,80,% 이하,제51조제1항,2026.5.6,2372,2026-09-21
오산시,경기,도시지역-녹지,자연녹지지역,20,% 이하,제45조제1항,100,% 이하,제51조제1항,2026.5.6,2372,2026-09-21
양주시,경기,도시지역-주거,제1종전용주거지역,50,% 이하,제51조제1항,100,% 이하,제56조제1항,2025.11.24,1484,2026-09-21
양주시,경기,도시지역-주거,제2종전용주거지역,50,% 이하,제51조제1항,150,% 이하,제56조제1항,2025.11.24,1484,2026-09-21
양주시,경기,도시지역-주거,제1종일반주거지역,60,% 이하,제51조제1항,200,% 이하,제56조제1항,2025.11.24,1484,2026-09-21
양주시,경기,도시지역-주거,제2종일반주거지역,60,% 이하,제51조제1항,250,% 이하,제56조제1항,2025.11.24,1484,2026-09-21
양주시,경기,도시지역-주거,제3종일반주거지역,50,% 이하,제51조제1항,300,% 이하,제56조제1항,2025.11.24,1484,2026-09-21
양주시,경기,도시지역-주거,준주거지역,70,% 이하,제51조제1항,500,% 이하,제56조제1항,2025.11.24,1484,2026-09-21
양주시,경기,도시지역-상업,중심상업지역,90,% 이하,제51조제1항,1500,% 이하,제56조제1항,2025.11.24,1484,2026-09-21
양주시,경기,도시지역-상업,일반상업지역,80,% 이하,제51조제1항,1300,% 이하,제56조제1항,2025.11.24,1484,2026-09-21
양주시,경기,도시지역-상업,근린상업지역,70,% 이하,제51조제1항,900,% 이하,제56조제1항,2025.11.24,1484,2026-09-21
양주시,경기,도시지역-상업,유통상업지역,80,% 이하,제51조제1항,1100,% 이하,제56조제1항,2025.11.24,1484,2026-09-21
양주시,경기,도시지역-공업,전용공업지역,70,% 이하,제51조제1항,300,% 이하,제56조제1항,2025.11.24,1484,2026-09-21
양주시,경기,도시지역-공업,일반공업지역,70,% 이하,제51조제1항,350,% 이하,제56조제1항,2025.11.24,1484,2026-09-21
양주시,경기,도시지역-공업,준공업지역,70,% 이하,제51조제1항,400,% 이하,제56조제1항,2025.11.24,1484,2026-09-21
양주시,경기,도시지역-녹지,보전녹지지역,20,% 이하,제51조제1항,80,% 이하,제56조제1항,2025.11.24,1484,2026-09-21
양주시,경기,도시지역-녹지,생산녹지지역,20,% 이하,제51조제1항,100,% 이하,제56조제1항,2025.11.24,1484,2026-09-21
양주시,경기,도시지역-녹지,자연녹지지역,20,% 이하,제51조제1항,100,% 이하,제56조제1항,2025.11.24,1484,2026-09-21
양주시,경기,관리지역,보전관리지역,20,% 이하,제51조제1항,80,% 이하,제56조제1항,2025.11.24,1484,2026-09-21
양주시,경기,관리지역,생산관리지역,20,% 이하,제51조제1항,80,% 이하,제56조제1항,2025.11.24,1484,2026-09-21
양주시,경기,관리지역,계획관리지역,40,% 이하,제51조제1항,100,% 이하,제56조제1항,2025.11.24,1484,2026-09-21
양주시,경기,농림지역,농림지역,20,% 이하,제51조제1항,80,% 이하,제56조제1항,2025.11.24,1484,2026-09-21
양주시,경기,자연환경보전지역,자연환경보전지역,20,% 이하,제51조제1항,80,% 이하,제56조제1항,2025.11.24,1484,2026-09-21
이천시,경기,도시지역-주거,제1종전용주거지역,50,% 이하,제46조제1항,100,% 이하,제56조제1항,2026.2.27,2341,2026-09-21
이천시,경기,도시지역-주거,제2종전용주거지역,50,% 이하,제46조제1항,150,% 이하,제56조제1항,2026.2.27,2341,2026-09-21
이천시,경기,도시지역-주거,제1종일반주거지역,60,% 이하,제46조제1항,200,% 이하,제56조제1항,2026.2.27,2341,2026-09-21
이천시,경기,도시지역-주거,제2종일반주거지역,60,% 이하,제46조제1항,250,% 이하,제56조제1항,2026.2.27,2341,2026-09-21
이천시,경기,도시지역-주거,제3종일반주거지역,50,% 이하,제46조제1항,300,% 이하,제56조제1항,2026.2.27,2341,2026-09-21
이천시,경기,도시지역-주거,준주거지역,70,% 이하,제46조제1항,500,% 이하,제56조제1항,2026.2.27,2341,2026-09-21
이천시,경기,도시지역-상업,중심상업지역,90,% 이하,제46조제1항,1500,% 이하,제56조제1항,2026.2.27,2341,2026-09-21
이천시,경기,도시지역-상업,일반상업지역,80,% 이하,제46조제1항,1300,% 이하,제56조제1항,2026.2.27,2341,2026-09-21
이천시,경기,도시지역-상업,근린상업지역,70,% 이하,제46조제1항,900,% 이하,제56조제1항,2026.2.27,2341,2026-09-21
이천시,경기,도시지역-상업,유통상업지역,80,% 이하,제46조제1항,1100,% 이하,제56조제1항,2026.2.27,2341,2026-09-21
이천시,경기,도시지역-공업,전용공업지역,70,% 이하,제46조제1항,300,% 이하,제56조제1항,2026.2.27,2341,2026-09-21
이천시,경기,도시지역-공업,일반공업지역,70,% 이하,제46조제1항,350,% 이하,제56조제1항,2026.2.27,2341,2026-09-21
이천시,경기,도시지역-공업,준공업지역,70,% 이하,제46조제1항,400,% 이하,제56조제1항,2026.2.27,2341,2026-09-21
이천시,경기,도시지역-녹지,보전녹지지역,20,% 이하,제46조제1항,80,% 이하,제56조제1항,2026.2.27,2341,2026-09-21
이천시,경기,도시지역-녹지,생산녹지지역,20,% 이하,제46조제1항,100,% 이하,제56조제1항,2026.2.27,2341,2026-09-21
이천시,경기,도시지역-녹지,자연녹지지역,20,% 이하,제46조제1항,100,% 이하,제56조제1항,2026.2.27,2341,2026-09-21
이천시,경기,관리지역,보전관리지역,20,% 이하,제46조제1항,80,% 이하,제56조제1항,2026.2.27,2341,2026-09-21
이천시,경기,관리지역,생산관리지역,20,% 이하,제46조제1항,80,% 이하,제56조제1항,2026.2.27,2341,2026-09-21
이천시,경기,관리지역,계획관리지역,40,% 이하,제46조제1항,100,% 이하,제56조제1항,2026.2.27,2341,2026-09-21
이천시,경기,농림지역,농림지역,20,% 이하,제46조제1항,80,% 이하,제56조제1항,2026.2.27,2341,2026-09-21
이천시,경기,자연환경보전지역,자연환경보전지역,20,% 이하,제46조제1항,80,% 이하,제56조제1항,2026.2.27,2341,2026-09-21
구리시,경기,도시지역-주거,제1종전용주거지역,50,% 이하,제54조제1항,100,% 이하,제59조제1항,2025.12.2,2375,2026-09-21
구리시,경기,도시지역-주거,제2종전용주거지역,50,% 이하,제54조제1항,150,% 이하,제59조제1항,2025.12.2,2375,2026-09-21
구리시,경기,도시지역-주거,제1종일반주거지역,60,% 이하,제54조제1항,200,% 이하,제59조제1항,2025.12.2,2375,2026-09-21
구리시,경기,도시지역-주거,제2종일반주거지역,60,% 이하,제54조제1항,250,% 이하,제59조제1항,2025.12.2,2375,2026-09-21
구리시,경기,도시지역-주거,제3종일반주거지역,50,% 이하,제54조제1항,300,% 이하,제59조제1항,2025.12.2,2375,2026-09-21
구리시,경기,도시지역-주거,준주거지역,70,% 이하,제54조제1항,500,% 이하,제59조제1항,2025.12.2,2375,2026-09-21
구리시,경기,도시지역-상업,중심상업지역,90,% 이하,제54조제1항,1500,% 이하,제59조제1항,2025.12.2,2375,2026-09-21
구리시,경기,도시지역-상업,일반상업지역,80,% 이하,제54조제1항,1300,% 이하,제59조제1항,2025.12.2,2375,2026-09-21
구리시,경기,도시지역-상업,근린상업지역,70,% 이하,제54조제1항,900,% 이하,제59조제1항,2025.12.2,2375,2026-09-21
구리시,경기,도시지역-상업,유통상업지역,80,% 이하,제54조제1항,1100,% 이하,제59조제1항,2025.12.2,2375,2026-09-21
구리시,경기,도시지역-공업,전용공업지역,70,% 이하,제54조제1항,300,% 이하,제59조제1항,2025.12.2,2375,2026-09-21
구리시,경기,도시지역-공업,일반공업지역,70,% 이하,제54조제1항,350,% 이하,제59조제1항,2025.12.2,2375,2026-09-21
구리시,경기,도시지역-공업,준공업지역,70,% 이하,제54조제1항,400,% 이하,제59조제1항,2025.12.2,2375,2026-09-21
구리시,경기,도시지역-녹지,보전녹지지역,20,% 이하,제54조제1항,80,% 이하,제59조제1항,2025.12.2,2375,2026-09-21
구리시,경기,도시지역-녹지,자연녹지지역,20,% 이하,제54조제1항,100,% 이하,제59조제1항,2025.12.2,2375,2026-09-21
안성시,경기,도시지역-주거,제1종전용주거지역,50,% 이하,제55조제1항,100,% 이하,제60조제1항,2026.4.10,2234,2026-09-21
안성시,경기,도시지역-주거,제2종전용주거지역,50,% 이하,제55조제1항,150,% 이하,제60조제1항,2026.4.10,2234,2026-09-21
안성시,경기,도시지역-주거,제1종일반주거지역,60,% 이하,제55조제1항,200,% 이하,제60조제1항,2026.4.10,2234,2026-09-21
안성시,경기,도시지역-주거,제2종일반주거지역,60,% 이하,제55조제1항,250,% 이하,제60조제1항,2026.4.10,2234,2026-09-21
안성시,경기,도시지역-주거,제3종일반주거지역,50,% 이하,제55조제1항,300,% 이하,제60조제1항,2026.4.10,2234,2026-09-21
안성시,경기,도시지역-주거,준주거지역,70,% 이하,제55조제1항,500,% 이하,제60조제1항,2026.4.10,2234,2026-09-21
안성시,경기,도시지역-상업,중심상업지역,90,% 이하,제55조제1항,1500,% 이하,제60조제1항,2026.4.10,2234,2026-09-21
안성시,경기,도시지역-상업,일반상업지역,80,% 이하,제55조제1항,1300,% 이하,제60조제1항,2026.4.10,2234,2026-09-21
안성시,경기,도시지역-상업,근린상업지역,70,% 이하,제55조제1항,900,% 이하,제60조제1항,2026.4.10,2234,2026-09-21
안성시,경기,도시지역-상업,유통상업지역,80,% 이하,제55조제1항,1100,% 이하,제60조제1항,2026.4.10,2234,2026-09-21
안성시,경기,도시지역-공업,전용공업지역,70,% 이하,제55조제1항,300,% 이하,제60조제1항,2026.4.10,2234,2026-09-21
안성시,경기,도시지역-공업,일반공업지역,70,% 이하,제55조제1항,350,% 이하,제60조제1항,2026.4.10,2234,2026-09-21
안성시,경기,도시지역-공업,준공업지역,70,% 이하,제55조제1항,400,% 이하,제60조제1항,2026.4.10,2234,2026-09-21
안성시,경기,도시지역-녹지,보전녹지지역,20,% 이하,제55조제1항,80,% 이하,제60조제1항,2026.4.10,2234,2026-09-21
안성시,경기,도시지역-녹지,생산녹지지역,20,% 이하,제55조제1항,100,% 이하,제60조제1항,2026.4.10,2234,2026-09-21
안성시,경기,도시지역-녹지,자연녹지지역,20,% 이하,제55조제1항,100,% 이하,제60조제1항,2026.4.10,2234,2026-09-21
안성시,경기,관리지역,보전관리지역,20,% 이하,제55조제1항,80,% 이하,제60조제1항,2026.4.10,2234,2026-09-21
안성시,경기,관리지역,생산관리지역,20,% 이하,제55조제1항,80,% 이하,제60조제1항,2026.4.10,2234,2026-09-21
안성시,경기,관리지역,계획관리지역,40,% 이하,제55조제1항,100,% 이하,제60조제1항,2026.4.10,2234,2026-09-21
안성시,경기,농림지역,농림지역,20,% 이하,제55조제1항,80,% 이하,제60조제1항,2026.4.10,2234,2026-09-21
안성시,경기,자연환경보전지역,자연환경보전지역,20,% 이하,제55조제1항,80,% 이하,제60조제1항,2026.4.10,2234,2026-09-21
포천시,경기,도시지역-주거,제1종전용주거지역,50,% 이하,제51조제1항,80,% 이하,제56조제1항,2026.8.14,1890,2026-09-21
포천시,경기,도시지역-주거,제2종전용주거지역,50,% 이하,제51조제1항,120,% 이하,제56조제1항,2026.8.14,1890,2026-09-21
포천시,경기,도시지역-주거,제1종일반주거지역,60,% 이하,제51조제1항,200,% 이하,제56조제1항,2026.8.14,1890,2026-09-21
포천시,경기,도시지역-주거,제2종일반주거지역,60,% 이하,제51조제1항,250,% 이하,제56조제1항,2026.8.14,1890,2026-09-21
포천시,경기,도시지역-주거,제3종일반주거지역,50,% 이하,제51조제1항,300,% 이하,제56조제1항,2026.8.14,1890,2026-09-21
포천시,경기,도시지역-주거,준주거지역,70,% 이하,제51조제1항,500,% 이하,제56조제1항,2026.8.14,1890,2026-09-21
포천시,경기,도시지역-상업,중심상업지역,90,% 이하,제51조제1항,1000,% 이하,제56조제1항,2026.8.14,1890,2026-09-21
포천시,경기,도시지역-상업,일반상업지역,80,% 이하,제51조제1항,800,% 이하,제56조제1항,2026.8.14,1890,2026-09-21
포천시,경기,도시지역-상업,근린상업지역,70,% 이하,제51조제1항,600,% 이하,제56조제1항,2026.8.14,1890,2026-09-21
포천시,경기,도시지역-상업,유통상업지역,80,% 이하,제51조제1항,600,% 이하,제56조제1항,2026.8.14,1890,2026-09-21
포천시,경기,도시지역-공업,전용공업지역,70,% 이하,제51조제1항,250,% 이하,제56조제1항,2026.8.14,1890,2026-09-21
포천시,경기,도시지역-공업,일반공업지역,70,% 이하,제51조제1항,350,% 이하,제56조제1항,2026.8.14,1890,2026-09-21
포천시,경기,도시지역-공업,준공업지역,70,% 이하,제51조제1항,350,% 이하,제56조제1항,2026.8.14,1890,2026-09-21
포천시,경기,도시지역-녹지,보전녹지지역,20,% 이하,제51조제1항,80,% 이하,제56조제1항,2026.8.14,1890,2026-09-21
포천시,경기,도시지역-녹지,생산녹지지역,20,% 이하,제51조제1항,100,% 이하,제56조제1항,2026.8.14,1890,2026-09-21
포천시,경기,도시지역-녹지,자연녹지지역,20,% 이하,제51조제1항,100,% 이하,제56조제1항,2026.8.14,1890,2026-09-21
포천시,경기,관리지역,보전관리지역,20,% 이하,제51조제1항,80,% 이하,제56조제1항,2026.8.14,1890,2026-09-21
포천시,경기,관리지역,생산관리지역,20,% 이하,제51조제1항,80,% 이하,제56조제1항,2026.8.14,1890,2026-09-21
포천시,경기,관리지역,계획관리지역,40,% 이하,제51조제1항,100,% 이하,제56조제1항,2026.8.14,1890,2026-09-21
포천시,경기,농림지역,농림지역,20,% 이하,제51조제1항,80,% 이하,제56조제1항,2026.8.14,1890,2026-09-21
포천시,경기,자연환경보전지역,자연환경보전지역,20,% 이하,제51조제1항,80,% 이하,제56조제1항,2026.8.14,1890,2026-09-21
의왕시,경기,도시지역-주거,제1종전용주거지역,50,% 이하,제55조제1항,100,% 이하,제58조제1항,2024.12.30,2209,2026-09-21
의왕시,경기,도시지역-주거,제2종전용주거지역,50,% 이하,제55조제1항,150,% 이하,제58조제1항,2024.12.30,2209,2026-09-21
의왕시,경기,도시지역-주거,제1종일반주거지역,60,% 이하,제55조제1항,200,% 이하,제58조제1항,2024.12.30,2209,2026-09-21
의왕시,경기,도시지역-주거,제2종일반주거지역,60,% 이하,제55조제1항,250,% 이하,제58조제1항,2024.12.30,2209,2026-09-21
의왕시,경기,도시지역-주거,제3종일반주거지역,50,% 이하,제55조제1항,300,% 이하,제58조제1항,2024.12.30,2209,2026-09-21
의왕시,경기,도시지역-주거,준주거지역,70,% 이하,제55조제1항,500,% 이하,제58조제1항,2024.12.30,2209,2026-09-21
의왕시,경기,도시지역-상업,중심상업지역,80,% 이하,제55조제1항,1000,% 이하,제58조제1항,2024.12.30,2209,2026-09-21
의왕시,경기,도시지역-상업,일반상업지역,80,% 이하,제55조제1항,1300,% 이하,제58조제1항,2024.12.30,2209,2026-09-21
의왕시,경기,도시지역-상업,근린상업지역,60,% 이하,제55조제1항,700,% 이하,제58조제1항,2024.12.30,2209,2026-09-21
의왕시,경기,도시지역-상업,유통상업지역,60,% 이하,제55조제1항,700,% 이하,제58조제1항,2024.12.30,2209,2026-09-21
의왕시,경기,도시지역-공업,전용공업지역,70,% 이하,제55조제1항,300,% 이하,제58조제1항,2024.12.30,2209,2026-09-21
의왕시,경기,도시지역-공업,일반공업지역,70,% 이하,제55조제1항,350,% 이하,제58조제1항,2024.12.30,2209,2026-09-21
의왕시,경기,도시지역-공업,준공업지역,70,% 이하,제55조제1항,400,% 이하,제58조제1항,2024.12.30,2209,2026-09-21
의왕시,경기,도시지역-녹지,보전녹지지역,20,% 이하,제55조제1항,60,% 이하,제58조제1항,2024.12.30,2209,2026-09-21
의왕시,경기,도시지역-녹지,생산녹지지역,20,% 이하,제55조제1항,60,% 이하,제58조제1항,2024.12.30,2209,2026-09-21
의왕시,경기,도시지역-녹지,자연녹지지역,20,% 이하,제55조제1항,100,% 이하,제58조제1항,2024.12.30,2209,2026-09-21
양평군,경기,도시지역-주거,제1종전용주거지역,50,% 이하,제52조제1항,100,% 이하,제57조제1항,2024.12.26,3139,2026-09-21
양평군,경기,도시지역-주거,제2종전용주거지역,50,% 이하,제52조제1항,150,% 이하,제57조제1항,2024.12.26,3139,2026-09-21
양평군,경기,도시지역-주거,제1종일반주거지역,60,% 이하,제52조제1항,200,% 이하,제57조제1항,2024.12.26,3139,2026-09-21
양평군,경기,도시지역-주거,제2종일반주거지역,60,% 이하,제52조제1항,250,% 이하,제57조제1항,2024.12.26,3139,2026-09-21
양평군,경기,도시지역-주거,제3종일반주거지역,50,% 이하,제52조제1항,300,% 이하,제57조제1항,2024.12.26,3139,2026-09-21
양평군,경기,도시지역-주거,준주거지역,70,% 이하,제52조제1항,500,% 이하,제57조제1항,2024.12.26,3139,2026-09-21
양평군,경기,도시지역-상업,중심상업지역,90,% 이하,제52조제1항,1500,% 이하,제57조제1항,2024.12.26,3139,2026-09-21
양평군,경기,도시지역-상업,일반상업지역,80,% 이하,제52조제1항,1300,% 이하,제57조제1항,2024.12.26,3139,2026-09-21
양평군,경기,도시지역-상업,근린상업지역,70,% 이하,제52조제1항,900,% 이하,제57조제1항,2024.12.26,3139,2026-09-21
양평군,경기,도시지역-상업,유통상업지역,80,% 이하,제52조제1항,1100,% 이하,제57조제1항,2024.12.26,3139,2026-09-21
양평군,경기,도시지역-공업,전용공업지역,70,% 이하,제52조제1항,300,% 이하,제57조제1항,2024.12.26,3139,2026-09-21
양평군,경기,도시지역-공업,일반공업지역,70,% 이하,제52조제1항,350,% 이하,제57조제1항,2024.12.26,3139,2026-09-21
양평군,경기,도시지역-공업,준공업지역,70,% 이하,제52조제1항,400,% 이하,제57조제1항,2024.12.26,3139,2026-09-21
양평군,경기,도시지역-녹지,보전녹지지역,20,% 이하,제52조제1항,80,% 이하,제57조제1항,2024.12.26,3139,2026-09-21
양평군,경기,도시지역-녹지,생산녹지지역,20,% 이하,제52조제1항,100,% 이하,제57조제1항,2024.12.26,3139,2026-09-21
양평군,경기,도시지역-녹지,자연녹지지역,20,% 이하,제52조제1항,100,% 이하,제57조제1항,2024.12.26,3139,2026-09-21
양평군,경기,관리지역,보전관리지역,20,% 이하,제52조제1항,80,% 이하,제57조제1항,2024.12.26,3139,2026-09-21
양평군,경기,관리지역,생산관리지역,20,% 이하,제52조제1항,80,% 이하,제57조제1항,2024.12.26,3139,2026-09-21
양평군,경기,관리지역,계획관리지역,40,% 이하,제52조제1항,100,% 이하,제57조제1항,2024.12.26,3139,2026-09-21
양평군,경기,농림지역,농림지역,20,% 이하,제52조제1항,80,% 이하,제57조제1항,2024.12.26,3139,2026-09-21
양평군,경기,자연환경보전지역,자연환경보전지역,20,% 이하,제52조제1항,80,% 이하,제57조제1항,2024.12.26,3139,2026-09-21
여주시,경기,도시지역-주거,제1종전용주거지역,50,% 이하,제53조제1항,100,% 이하,제62조제1항,2025.12.22,1470,2026-09-21
여주시,경기,도시지역-주거,제2종전용주거지역,50,% 이하,제53조제1항,150,% 이하,제62조제1항,2025.12.22,1470,2026-09-21
여주시,경기,도시지역-주거,제1종일반주거지역,60,% 이하,제53조제1항,200,% 이하,제62조제1항,2025.12.22,1470,2026-09-21
여주시,경기,도시지역-주거,제2종일반주거지역,60,% 이하,제53조제1항,250,% 이하,제62조제1항,2025.12.22,1470,2026-09-21
여주시,경기,도시지역-주거,제3종일반주거지역,50,% 이하,제53조제1항,300,% 이하,제62조제1항,2025.12.22,1470,2026-09-21
여주시,경기,도시지역-주거,준주거지역,70,% 이하,제53조제1항,500,% 이하,제62조제1항,2025.12.22,1470,2026-09-21
여주시,경기,도시지역-상업,중심상업지역,90,% 이하,제53조제1항,1500,% 이하,제62조제1항,2025.12.22,1470,2026-09-21
여주시,경기,도시지역-상업,일반상업지역,80,% 이하,제53조제1항,900,% 이하,제62조제1항,2025.12.22,1470,2026-09-21
여주시,경기,도시지역-상업,근린상업지역,70,% 이하,제53조제1항,900,% 이하,제62조제1항,2025.12.22,1470,2026-09-21
여주시,경기,도시지역-상업,유통상업지역,80,% 이하,제53조제1항,1100,% 이하,제62조제1항,2025.12.22,1470,2026-09-21
여주시,경기,도시지역-공업,전용공업지역,70,% 이하,제53조제1항,300,% 이하,제62조제1항,2025.12.22,1470,2026-09-21
여주시,경기,도시지역-공업,일반공업지역,70,% 이하,제53조제1항,350,% 이하,제62조제1항,2025.12.22,1470,2026-09-21
여주시,경기,도시지역-공업,준공업지역,70,% 이하,제53조제1항,400,% 이하,제62조제1항,2025.12.22,1470,2026-09-21
여주시,경기,도시지역-녹지,보전녹지지역,20,% 이하,제53조제1항,80,% 이하,제62조제1항,2025.12.22,1470,2026-09-21
여주시,경기,도시지역-녹지,생산녹지지역,20,% 이하,제53조제1항,100,% 이하,제62조제1항,2025.12.22,1470,2026-09-21
여주시,경기,도시지역-녹지,자연녹지지역,20,% 이하,제53조제1항,100,% 이하,제62조제1항,2025.12.22,1470,2026-09-21
여주시,경기,관리지역,보전관리지역,20,% 이하,제53조제1항,80,% 이하,제62조제1항,2025.12.22,1470,2026-09-21
여주시,경기,관리지역,생산관리지역,20,% 이하,제53조제1항,80,% 이하,제62조제1항,2025.12.22,1470,2026-09-21
여주시,경기,관리지역,계획관리지역,40,% 이하,제53조제1항,100,% 이하,제62조제1항,2025.12.22,1470,2026-09-21
여주시,경기,농림지역,농림지역,20,% 이하,제53조제1항,80,% 이하,제62조제1항,2025.12.22,1470,2026-09-21
여주시,경기,자연환경보전지역,자연환경보전지역,20,% 이하,제53조제1항,80,% 이하,제62조제1항,2025.12.22,1470,2026-09-21
동두천시,경기,도시지역-주거,제1종전용주거지역,50,% 이하,제42조제1항,100,% 이하,제50조제1항,2026.5.6,2628,2026-09-21
동두천시,경기,도시지역-주거,제2종전용주거지역,50,% 이하,제42조제1항,150,% 이하,제50조제1항,2026.5.6,2628,2026-09-21
동두천시,경기,도시지역-주거,제1종일반주거지역,60,% 이하,제42조제1항,200,% 이하,제50조제1항,2026.5.6,2628,2026-09-21
동두천시,경기,도시지역-주거,제2종일반주거지역,60,% 이하,제42조제1항,250,% 이하,제50조제1항,2026.5.6,2628,2026-09-21
동두천시,경기,도시지역-주거,제3종일반주거지역,50,% 이하,제42조제1항,300,% 이하,제50조제1항,2026.5.6,2628,2026-09-21
동두천시,경기,도시지역-주거,준주거지역,70,% 이하,제42조제1항,500,% 이하,제50조제1항,2026.5.6,2628,2026-09-21
동두천시,경기,도시지역-상업,중심상업지역,90,% 이하,제42조제1항,1500,% 이하,제50조제1항,2026.5.6,2628,2026-09-21
동두천시,경기,도시지역-상업,일반상업지역,80,% 이하,제42조제1항,1300,% 이하,제50조제1항,2026.5.6,2628,2026-09-21
동두천시,경기,도시지역-상업,근린상업지역,70,% 이하,제42조제1항,900,% 이하,제50조제1항,2026.5.6,2628,2026-09-21
동두천시,경기,도시지역-상업,유통상업지역,80,% 이하,제42조제1항,1100,% 이하,제50조제1항,2026.5.6,2628,2026-09-21
동두천시,경기,도시지역-공업,전용공업지역,70,% 이하,제42조제1항,300,% 이하,제50조제1항,2026.5.6,2628,2026-09-21
동두천시,경기,도시지역-공업,일반공업지역,70,% 이하,제42조제1항,350,% 이하,제50조제1항,2026.5.6,2628,2026-09-21
동두천시,경기,도시지역-공업,준공업지역,70,% 이하,제42조제1항,400,% 이하,제50조제1항,2026.5.6,2628,2026-09-21
동두천시,경기,도시지역-녹지,보전녹지지역,20,% 이하,제42조제1항,80,% 이하,제50조제1항,2026.5.6,2628,2026-09-21
동두천시,경기,도시지역-녹지,생산녹지지역,20,% 이하,제42조제1항,100,% 이하,제50조제1항,2026.5.6,2628,2026-09-21
동두천시,경기,도시지역-녹지,자연녹지지역,20,% 이하,제42조제1항,100,% 이하,제50조제1항,2026.5.6,2628,2026-09-21
동두천시,경기,관리지역,보전관리지역,20,% 이하,제42조제1항,80,% 이하,제50조제1항,2026.5.6,2628,2026-09-21
동두천시,경기,관리지역,생산관리지역,20,% 이하,제42조제1항,80,% 이하,제50조제1항,2026.5.6,2628,2026-09-21
동두천시,경기,관리지역,계획관리지역,40,% 이하,제42조제1항,100,% 이하,제50조제1항,2026.5.6,2628,2026-09-21
동두천시,경기,농림지역,농림지역,20,% 이하,제42조제1항,80,% 이하,제50조제1항,2026.5.6,2628,2026-09-21
동두천시,경기,자연환경보전지역,자연환경보전지역,20,% 이하,제42조제1항,80,% 이하,제50조제1항,2026.5.6,2628,2026-09-21
과천시,경기,도시지역-주거,제1종전용주거지역,50,% 이하,제54조제1항,100,% 이하,제58조제1항,2025.10.10,2116,2026-09-21
과천시,경기,도시지역-주거,제2종전용주거지역,50,% 이하,제54조제1항,150,% 이하,제58조제1항,2025.10.10,2116,2026-09-21
과천시,경기,도시지역-주거,제1종일반주거지역,60,% 이하,제54조제1항,200,% 이하,제58조제1항,2025.10.10,2116,2026-09-21
과천시,경기,도시지역-주거,제2종일반주거지역,60,% 이하,제54조제1항,250,% 이하,제58조제1항,2025.10.10,2116,2026-09-21
과천시,경기,도시지역-주거,제3종일반주거지역,50,% 이하,제54조제1항,300,% 이하,제58조제1항,2025.10.10,2116,2026-09-21
과천시,경기,도시지역-주거,준주거지역,70,% 이하,제54조제1항,500,% 이하,제58조제1항,2025.10.10,2116,2026-09-21
과천시,경기,도시지역-상업,중심상업지역,90,% 이하,제54조제1항,1500,% 이하,제58조제1항,2025.10.10,2116,2026-09-21
과천시,경기,도시지역-상업,일반상업지역,80,% 이하,제54조제1항,1300,% 이하,제58조제1항,2025.10.10,2116,2026-09-21
과천시,경기,도시지역-상업,근린상업지역,70,% 이하,제54조제1항,900,% 이하,제58조제1항,2025.10.10,2116,2026-09-21
과천시,경기,도시지역-상업,유통상업지역,80,% 이하,제54조제1항,1100,% 이하,제58조제1항,2025.10.10,2116,2026-09-21
과천시,경기,도시지역-공업,전용공업지역,70,% 이하,제54조제1항,300,% 이하,제58조제1항,2025.10.10,2116,2026-09-21
과천시,경기,도시지역-공업,일반공업지역,70,% 이하,제54조제1항,350,% 이하,제58조제1항,2025.10.10,2116,2026-09-21
과천시,경기,도시지역-공업,준공업지역,70,% 이하,제54조제1항,400,% 이하,제58조제1항,2025.10.10,2116,2026-09-21
과천시,경기,도시지역-녹지,보전녹지지역,20,% 이하,제54조제1항,50,% 이하,제58조제1항,2025.10.10,2116,2026-09-21
과천시,경기,도시지역-녹지,자연녹지지역,20,% 이하,제54조제1항,60,% 이하,제58조제1항,2025.10.10,2116,2026-09-21
가평군,경기,도시지역-주거,제1종전용주거지역,50,% 이하,제49조제1항,100,% 이하,제54조제1항,2026.4.20,3357,2026-09-21
가평군,경기,도시지역-주거,제2종전용주거지역,50,% 이하,제49조제1항,150,% 이하,제54조제1항,2026.4.20,3357,2026-09-21
가평군,경기,도시지역-주거,제1종일반주거지역,60,% 이하,제49조제1항,200,% 이하,제54조제1항,2026.4.20,3357,2026-09-21
가평군,경기,도시지역-주거,제2종일반주거지역,60,% 이하,제49조제1항,250,% 이하,제54조제1항,2026.4.20,3357,2026-09-21
가평군,경기,도시지역-주거,제3종일반주거지역,50,% 이하,제49조제1항,300,% 이하,제54조제1항,2026.4.20,3357,2026-09-21
가평군,경기,도시지역-주거,준주거지역,70,% 이하,제49조제1항,500,% 이하,제54조제1항,2026.4.20,3357,2026-09-21
가평군,경기,도시지역-상업,중심상업지역,90,% 이하,제49조제1항,1500,% 이하,제54조제1항,2026.4.20,3357,2026-09-21
가평군,경기,도시지역-상업,일반상업지역,80,% 이하,제49조제1항,1300,% 이하,제54조제1항,2026.4.20,3357,2026-09-21
가평군,경기,도시지역-상업,근린상업지역,70,% 이하,제49조제1항,900,% 이하,제54조제1항,2026.4.20,3357,2026-09-21
가평군,경기,도시지역-상업,유통상업지역,80,% 이하,제49조제1항,1100,% 이하,제54조제1항,2026.4.20,3357,2026-09-21
가평군,경기,도시지역-공업,전용공업지역,70,% 이하,제49조제1항,300,% 이하,제54조제1항,2026.4.20,3357,2026-09-21
가평군,경기,도시지역-공업,일반공업지역,70,% 이하,제49조제1항,350,% 이하,제54조제1항,2026.4.20,3357,2026-09-21
가평군,경기,도시지역-공업,준공업지역,70,% 이하,제49조제1항,400,% 이하,제54조제1항,2026.4.20,3357,2026-09-21
가평군,경기,도시지역-녹지,보전녹지지역,20,% 이하,제49조제1항,80,% 이하,제54조제1항,2026.4.20,3357,2026-09-21
가평군,경기,도시지역-녹지,생산녹지지역,20,% 이하,제49조제1항,100,% 이하,제54조제1항,2026.4.20,3357,2026-09-21
가평군,경기,도시지역-녹지,자연녹지지역,20,% 이하,제49조제1항,100,% 이하,제54조제1항,2026.4.20,3357,2026-09-21
가평군,경기,관리지역,보전관리지역,20,% 이하,제49조제1항,80,% 이하,제54조제1항,2026.4.20,3357,2026-09-21
가평군,경기,관리지역,생산관리지역,20,% 이하,제49조제1항,80,% 이하,제54조제1항,2026.4.20,3357,2026-09-21
가평군,경기,관리지역,계획관리지역,40,% 이하,제49조제1항,100,% 이하,제54조제1항,2026.4.20,3357,2026-09-21
가평군,경기,농림지역,농림지역,20,% 이하,제49조제1항,80,% 이하,제54조제1항,2026.4.20,3357,2026-09-21
가평군,경기,자연환경보전지역,자연환경보전지역,20,% 이하,제49조제1항,80,% 이하,제54조제1항,2026.4.20,3357,2026-09-21
연천군,경기,도시지역-주거,제1종전용주거지역,50,% 이하,제57조제1항,80,% 이하,제62조제1항,2026.4.16,4139,2026-09-21
연천군,경기,도시지역-주거,제2종전용주거지역,50,% 이하,제57조제1항,120,% 이하,제62조제1항,2026.4.16,4139,2026-09-21
연천군,경기,도시지역-주거,제1종일반주거지역,60,% 이하,제57조제1항,200,% 이하,제62조제1항,2026.4.16,4139,2026-09-21
연천군,경기,도시지역-주거,제2종일반주거지역,60,% 이하,제57조제1항,250,% 이하,제62조제1항,2026.4.16,4139,2026-09-21
연천군,경기,도시지역-주거,제3종일반주거지역,50,% 이하,제57조제1항,300,% 이하,제62조제1항,2026.4.16,4139,2026-09-21
연천군,경기,도시지역-주거,준주거지역,70,% 이하,제57조제1항,500,% 이하,제62조제1항,2026.4.16,4139,2026-09-21
연천군,경기,도시지역-상업,중심상업지역,90,% 이하,제57조제1항,1500,% 이하,제62조제1항,2026.4.16,4139,2026-09-21
연천군,경기,도시지역-상업,일반상업지역,80,% 이하,제57조제1항,1300,% 이하,제62조제1항,2026.4.16,4139,2026-09-21
연천군,경기,도시지역-상업,근린상업지역,70,% 이하,제57조제1항,900,% 이하,제62조제1항,2026.4.16,4139,2026-09-21
연천군,경기,도시지역-상업,유통상업지역,70,% 이하,제57조제1항,1000,% 이하,제62조제1항,2026.4.16,4139,2026-09-21
연천군,경기,도시지역-공업,전용공업지역,70,% 이하,제57조제1항,300,% 이하,제62조제1항,2026.4.16,4139,2026-09-21
연천군,경기,도시지역-공업,일반공업지역,70,% 이하,제57조제1항,300,% 이하,제62조제1항,2026.4.16,4139,2026-09-21
연천군,경기,도시지역-공업,준공업지역,70,% 이하,제57조제1항,350,% 이하,제62조제1항,2026.4.16,4139,2026-09-21
연천군,경기,도시지역-녹지,보전녹지지역,20,% 이하,제57조제1항,80,% 이하,제62조제1항,2026.4.16,4139,2026-09-21
연천군,경기,도시지역-녹지,생산녹지지역,20,% 이하,제57조제1항,100,% 이하,제62조제1항,2026.4.16,4139,2026-09-21
연천군,경기,도시지역-녹지,자연녹지지역,20,% 이하,제57조제1항,100,% 이하,제62조제1항,2026.4.16,4139,2026-09-21
연천군,경기,관리지역,보전관리지역,20,% 이하,제57조제1항,80,% 이하,제62조제1항,2026.4.16,4139,2026-09-21
연천군,경기,관리지역,생산관리지역,20,% 이하,제57조제1항,80,% 이하,제62조제1항,2026.4.16,4139,2026-09-21
연천군,경기,관리지역,계획관리지역,40,% 이하,제57조제1항,100,% 이하,제62조제1항,2026.4.16,4139,2026-09-21
연천군,경기,농림지역,농림지역,20,% 이하,제57조제1항,80,% 이하,제62조제1항,2026.4.16,4139,2026-09-21
연천군,경기,자연환경보전지역,자연환경보전지역,20,% 이하,제57조제1항,80,% 이하,제62조제1항,2026.4.16,4139,2026-09-21
춘천시,강원,도시지역-주거,제1종전용주거지역,50,% 이하,제51조제1항,100,% 이하,제56조제1항,2026.8.13,2074,2026-09-21
춘천시,강원,도시지역-주거,제2종전용주거지역,50,% 이하,제51조제1항,150,% 이하,제56조제1항,2026.8.13,2074,2026-09-21
춘천시,강원,도시지역-주거,제1종일반주거지역,60,% 이하,제51조제1항,200,% 이하,제56조제1항,2026.8.13,2074,2026-09-21
춘천시,강원,도시지역-주거,제2종일반주거지역,60,% 이하,제51조제1항,250,% 이하,제56조제1항,2026.8.13,2074,2026-09-21
춘천시,강원,도시지역-주거,제3종일반주거지역,50,% 이하,제51조제1항,300,% 이하,제56조제1항,2026.8.13,2074,2026-09-21
춘천시,강원,도시지역-주거,준주거지역,70,% 이하,제51조제1항,500,% 이하,제56조제1항,2026.8.13,2074,2026-09-21
춘천시,강원,도시지역-상업,중심상업지역,90,% 이하,제51조제1항,1500,% 이하,제56조제1항,2026.8.13,2074,2026-09-21
춘천시,강원,도시지역-상업,일반상업지역,80,% 이하,제51조제1항,1300,% 이하,제56조제1항,2026.8.13,2074,2026-09-21
춘천시,강원,도시지역-상업,근린상업지역,70,% 이하,제51조제1항,900,% 이하,제56조제1항,2026.8.13,2074,2026-09-21
춘천시,강원,도시지역-상업,유통상업지역,80,% 이하,제51조제1항,1100,% 이하,제56조제1항,2026.8.13,2074,2026-09-21
춘천시,강원,도시지역-공업,전용공업지역,70,% 이하,제51조제1항,300,% 이하,제56조제1항,2026.8.13,2074,2026-09-21
춘천시,강원,도시지역-공업,일반공업지역,70,% 이하,제51조제1항,350,% 이하,제56조제1항,2026.8.13,2074,2026-09-21
춘천시,강원,도시지역-공업,준공업지역,70,% 이하,제51조제1항,400,% 이하,제56조제1항,2026.8.13,2074,2026-09-21
춘천시,강원,도시지역-녹지,보전녹지지역,20,% 이하,제51조제1항,80,% 이하,제56조제1항,2026.8.13,2074,2026-09-21
춘천시,강원,도시지역-녹지,생산녹지지역,20,% 이하,제51조제1항,100,% 이하,제56조제1항,2026.8.13,2074,2026-09-21
춘천시,강원,도시지역-녹지,자연녹지지역,20,% 이하,제51조제1항,100,% 이하,제56조제1항,2026.8.13,2074,2026-09-21
춘천시,강원,관리지역,보전관리지역,20,% 이하,제51조제1항,80,% 이하,제56조제1항,2026.8.13,2074,2026-09-21
춘천시,강원,관리지역,생산관리지역,20,% 이하,제51조제1항,80,% 이하,제56조제1항,2026.8.13,2074,2026-09-21
춘천시,강원,관리지역,계획관리지역,40,% 이하,제51조제1항,100,% 이하,제56조제1항,2026.8.13,2074,2026-09-21
춘천시,강원,농림지역,농림지역,20,% 이하,제51조제1항,80,% 이하,제56조제1항,2026.8.13,2074,2026-09-21
춘천시,강원,자연환경보전지역,자연환경보전지역,20,% 이하,제51조제1항,80,% 이하,제56조제1항,2026.8.13,2074,2026-09-21
원주시,강원,도시지역-주거,제1종전용주거지역,50,% 이하,제49조제1항,100,% 이하,제54조제1항,2025.12.31,2592,2026-09-21
원주시,강원,도시지역-주거,제2종전용주거지역,50,% 이하,제49조제1항,150,% 이하,제54조제1항,2025.12.31,2592,2026-09-21
원주시,강원,도시지역-주거,제1종일반주거지역,60,% 이하,제49조제1항,200,% 이하,제54조제1항,2025.12.31,2592,2026-09-21
원주시,강원,도시지역-주거,제2종일반주거지역,60,% 이하,제49조제1항,250,% 이하,제54조제1항,2025.12.31,2592,2026-09-21
원주시,강원,도시지역-주거,제3종일반주거지역,50,% 이하,제49조제1항,300,% 이하,제54조제1항,2025.12.31,2592,2026-09-21
원주시,강원,도시지역-주거,준주거지역,70,% 이하,제49조제1항,500,% 이하,제54조제1항,2025.12.31,2592,2026-09-21
원주시,강원,도시지역-상업,중심상업지역,90,% 이하,제49조제1항,1500,% 이하,제54조제1항,2025.12.31,2592,2026-09-21
원주시,강원,도시지역-상업,일반상업지역,80,% 이하,제49조제1항,1300,% 이하,제54조제1항,2025.12.31,2592,2026-09-21
원주시,강원,도시지역-상업,근린상업지역,70,% 이하,제49조제1항,900,% 이하,제54조제1항,2025.12.31,2592,2026-09-21
원주시,강원,도시지역-상업,유통상업지역,80,% 이하,제49조제1항,1100,% 이하,제54조제1항,2025.12.31,2592,2026-09-21
원주시,강원,도시지역-공업,전용공업지역,70,% 이하,제49조제1항,300,% 이하,제54조제1항,2025.12.31,2592,2026-09-21
원주시,강원,도시지역-공업,일반공업지역,70,% 이하,제49조제1항,350,% 이하,제54조제1항,2025.12.31,2592,2026-09-21
원주시,강원,도시지역-공업,준공업지역,70,% 이하,제49조제1항,400,% 이하,제54조제1항,2025.12.31,2592,2026-09-21
원주시,강원,도시지역-녹지,보전녹지지역,20,% 이하,제49조제1항,80,% 이하,제54조제1항,2025.12.31,2592,2026-09-21
원주시,강원,도시지역-녹지,생산녹지지역,20,% 이하,제49조제1항,100,% 이하,제54조제1항,2025.12.31,2592,2026-09-21
원주시,강원,도시지역-녹지,자연녹지지역,20,% 이하,제49조제1항,100,% 이하,제54조제1항,2025.12.31,2592,2026-09-21
원주시,강원,관리지역,보전관리지역,20,% 이하,제49조제1항,80,% 이하,제54조제1항,2025.12.31,2592,2026-09-21
원주시,강원,관리지역,생산관리지역,20,% 이하,제49조제1항,80,% 이하,제54조제1항,2025.12.31,2592,2026-09-21
원주시,강원,관리지역,계획관리지역,40,% 이하,제49조제1항,100,% 이하,제54조제1항,2025.12.31,2592,2026-09-21
원주시,강원,농림지역,농림지역,20,% 이하,제49조제1항,80,% 이하,제54조제1항,2025.12.31,2592,2026-09-21
원주시,강원,자연환경보전지역,자연환경보전지역,20,% 이하,제49조제1항,80,% 이하,제54조제1항,2025.12.31,2592,2026-09-21
강릉시,강원,도시지역-주거,제1종전용주거지역,50,% 이하,제54조제1항,100,% 이하,제59조제1항,2025.12.31,1914,2026-09-21
강릉시,강원,도시지역-주거,제2종전용주거지역,50,% 이하,제54조제1항,150,% 이하,제59조제1항,2025.12.31,1914,2026-09-21
강릉시,강원,도시지역-주거,제1종일반주거지역,60,% 이하,제54조제1항,200,% 이하,제59조제1항,2025.12.31,1914,2026-09-21
강릉시,강원,도시지역-주거,제2종일반주거지역,60,% 이하,제54조제1항,250,% 이하,제59조제1항,2025.12.31,1914,2026-09-21
강릉시,강원,도시지역-주거,제3종일반주거지역,50,% 이하,제54조제1항,300,% 이하,제59조제1항,2025.12.31,1914,2026-09-21
강릉시,강원,도시지역-주거,준주거지역,70,% 이하,제54조제1항,500,% 이하,제59조제1항,2025.12.31,1914,2026-09-21
강릉시,강원,도시지역-상업,중심상업지역,90,% 이하,제54조제1항,1500,% 이하,제59조제1항,2025.12.31,1914,2026-09-21
강릉시,강원,도시지역-상업,일반상업지역,80,% 이하,제54조제1항,1300,% 이하,제59조제1항,2025.12.31,1914,2026-09-21
강릉시,강원,도시지역-상업,근린상업지역,70,% 이하,제54조제1항,900,% 이하,제59조제1항,2025.12.31,1914,2026-09-21
강릉시,강원,도시지역-상업,유통상업지역,80,% 이하,제54조제1항,1100,% 이하,제59조제1항,2025.12.31,1914,2026-09-21
강릉시,강원,도시지역-공업,전용공업지역,70,% 이하,제54조제1항,300,% 이하,제59조제1항,2025.12.31,1914,2026-09-21
강릉시,강원,도시지역-공업,일반공업지역,70,% 이하,제54조제1항,350,% 이하,제59조제1항,2025.12.31,1914,2026-09-21
강릉시,강원,도시지역-공업,준공업지역,70,% 이하,제54조제1항,400,% 이하,제59조제1항,2025.12.31,1914,2026-09-21
강릉시,강원,도시지역-녹지,보전녹지지역,20,% 이하,제54조제1항,80,% 이하,제59조제1항,2025.12.31,1914,2026-09-21
강릉시,강원,도시지역-녹지,생산녹지지역,20,% 이하,제54조제1항,100,% 이하,제59조제1항,2025.12.31,1914,2026-09-21
강릉시,강원,도시지역-녹지,자연녹지지역,20,% 이하,제54조제1항,100,% 이하,제59조제1항,2025.12.31,1914,2026-09-21
강릉시,강원,관리지역,보전관리지역,20,% 이하,제54조제1항,80,% 이하,제59조제1항,2025.12.31,1914,2026-09-21
강릉시,강원,관리지역,생산관리지역,20,% 이하,제54조제1항,80,% 이하,제59조제1항,2025.12.31,1914,2026-09-21
강릉시,강원,관리지역,계획관리지역,40,% 이하,제54조제1항,100,% 이하,제59조제1항,2025.12.31,1914,2026-09-21
강릉시,강원,농림지역,농림지역,20,% 이하,제54조제1항,80,% 이하,제59조제1항,2025.12.31,1914,2026-09-21
강릉시,강원,자연환경보전지역,자연환경보전지역,20,% 이하,제54조제1항,80,% 이하,제59조제1항,2025.12.31,1914,2026-09-21
동해시,강원,도시지역-주거,제1종전용주거지역,50,% 이하,제51조제1항,100,% 이하,제56조제1항,2025.12.12,2488,2026-09-21
동해시,강원,도시지역-주거,제2종전용주거지역,50,% 이하,제51조제1항,150,% 이하,제56조제1항,2025.12.12,2488,2026-09-21
동해시,강원,도시지역-주거,제1종일반주거지역,60,% 이하,제51조제1항,200,% 이하,제56조제1항,2025.12.12,2488,2026-09-21
동해시,강원,도시지역-주거,제2종일반주거지역,60,% 이하,제51조제1항,250,% 이하,제56조제1항,2025.12.12,2488,2026-09-21
동해시,강원,도시지역-주거,제3종일반주거지역,50,% 이하,제51조제1항,300,% 이하,제56조제1항,2025.12.12,2488,2026-09-21
동해시,강원,도시지역-주거,준주거지역,70,% 이하,제51조제1항,500,% 이하,제56조제1항,2025.12.12,2488,2026-09-21
동해시,강원,도시지역-상업,중심상업지역,90,% 이하,제51조제1항,1500,% 이하,제56조제1항,2025.12.12,2488,2026-09-21
동해시,강원,도시지역-상업,일반상업지역,80,% 이하,제51조제1항,1300,% 이하,제56조제1항,2025.12.12,2488,2026-09-21
동해시,강원,도시지역-상업,근린상업지역,70,% 이하,제51조제1항,900,% 이하,제56조제1항,2025.12.12,2488,2026-09-21
동해시,강원,도시지역-상업,유통상업지역,80,% 이하,제51조제1항,1100,% 이하,제56조제1항,2025.12.12,2488,2026-09-21
동해시,강원,도시지역-공업,전용공업지역,70,% 이하,제51조제1항,300,% 이하,제56조제1항,2025.12.12,2488,2026-09-21
동해시,강원,도시지역-공업,일반공업지역,70,% 이하,제51조제1항,350,% 이하,제56조제1항,2025.12.12,2488,2026-09-21
동해시,강원,도시지역-공업,준공업지역,70,% 이하,제51조제1항,400,% 이하,제56조제1항,2025.12.12,2488,2026-09-21
동해시,강원,도시지역-녹지,보전녹지지역,20,% 이하,제51조제1항,80,% 이하,제56조제1항,2025.12.12,2488,2026-09-21
동해시,강원,도시지역-녹지,생산녹지지역,20,% 이하,제51조제1항,100,% 이하,제56조제1항,2025.12.12,2488,2026-09-21
동해시,강원,도시지역-녹지,자연녹지지역,20,% 이하,제51조제1항,100,% 이하,제56조제1항,2025.12.12,2488,2026-09-21
동해시,강원,관리지역,보전관리지역,20,% 이하,제51조제1항,80,% 이하,제56조제1항,2025.12.12,2488,2026-09-21
동해시,강원,관리지역,생산관리지역,20,% 이하,제51조제1항,80,% 이하,제56조제1항,2025.12.12,2488,2026-09-21
동해시,강원,관리지역,계획관리지역,40,% 이하,제51조제1항,100,% 이하,제56조제1항,2025.12.12,2488,2026-09-21
동해시,강원,농림지역,농림지역,20,% 이하,제51조제1항,80,% 이하,제56조제1항,2025.12.12,2488,2026-09-21
동해시,강원,자연환경보전지역,자연환경보전지역,20,% 이하,제51조제1항,80,% 이하,제56조제1항,2025.12.12,2488,2026-09-21
태백시,강원,도시지역-주거,제1종전용주거지역,50,% 이하,제51조제1항,100,% 이하,제56조제1항,2026.2.13,2319,2026-09-21
태백시,강원,도시지역-주거,제2종전용주거지역,50,% 이하,제51조제1항,150,% 이하,제56조제1항,2026.2.13,2319,2026-09-21
태백시,강원,도시지역-주거,제1종일반주거지역,60,% 이하,제51조제1항,200,% 이하,제56조제1항,2026.2.13,2319,2026-09-21
태백시,강원,도시지역-주거,제2종일반주거지역,60,% 이하,제51조제1항,250,% 이하,제56조제1항,2026.2.13,2319,2026-09-21
태백시,강원,도시지역-주거,제3종일반주거지역,50,% 이하,제51조제1항,300,% 이하,제56조제1항,2026.2.13,2319,2026-09-21
태백시,강원,도시지역-주거,준주거지역,70,% 이하,제51조제1항,,,제56조제1항,2026.2.13,2319,2026-09-21
태백시,강원,도시지역-상업,중심상업지역,90,% 이하,제51조제1항,1500,% 이하,제56조제1항,2026.2.13,2319,2026-09-21
태백시,강원,도시지역-상업,일반상업지역,80,% 이하,제51조제1항,1300,% 이하,제56조제1항,2026.2.13,2319,2026-09-21
태백시,강원,도시지역-상업,근린상업지역,70,% 이하,제51조제1항,900,% 이하,제56조제1항,2026.2.13,2319,2026-09-21
태백시,강원,도시지역-상업,유통상업지역,80,% 이하,제51조제1항,1100,% 이하,제56조제1항,2026.2.13,2319,2026-09-21
태백시,강원,도시지역-공업,전용공업지역,70,% 이하,제51조제1항,300,% 이하,제56조제1항,2026.2.13,2319,2026-09-21
태백시,강원,도시지역-공업,일반공업지역,70,% 이하,제51조제1항,350,% 이하,제56조제1항,2026.2.13,2319,2026-09-21
태백시,강원,도시지역-공업,준공업지역,70,% 이하,제51조제1항,400,% 이하,제56조제1항,2026.2.13,2319,2026-09-21
태백시,강원,도시지역-녹지,보전녹지지역,20,% 이하,제51조제1항,80,% 이하,제56조제1항,2026.2.13,2319,2026-09-21
태백시,강원,도시지역-녹지,생산녹지지역,20,% 이하,제51조제1항,100,% 이하,제56조제1항,2026.2.13,2319,2026-09-21
태백시,강원,도시지역-녹지,자연녹지지역,20,% 이하,제51조제1항,100,% 이하,제56조제1항,2026.2.13,2319,2026-09-21
태백시,강원,관리지역,보전관리지역,20,% 이하,제51조제1항,80,% 이하,제56조제1항,2026.2.13,2319,2026-09-21
태백시,강원,관리지역,생산관리지역,20,% 이하,제51조제1항,80,% 이하,제56조제1항,2026.2.13,2319,2026-09-21
태백시,강원,관리지역,계획관리지역,40,% 이하,제51조제1항,100,% 이하,제56조제1항,2026.2.13,2319,2026-09-21
태백시,강원,농림지역,농림지역,20,% 이하,제51조제1항,80,% 이하,제56조제1항,2026.2.13,2319,2026-09-21
태백시,강원,자연환경보전지역,자연환경보전지역,20,% 이하,제51조제1항,80,% 이하,제56조제1항,2026.2.13,2319,2026-09-21
속초시,강원,도시지역-주거,제1종전용주거지역,50,% 이하,제42조제1항,100,% 이하,제44조제1항,2026.4.10,3251,2026-09-21
속초시,강원,도시지역-주거,제2종전용주거지역,50,% 이하,제42조제1항,150,% 이하,제44조제1항,2026.4.10,3251,2026-09-21
속초시,강원,도시지역-주거,제1종일반주거지역,60,% 이하,제42조제1항,200,% 이하,제44조제1항,2026.4.10,3251,2026-09-21
속초시,강원,도시지역-주거,제2종일반주거지역,60,% 이하,제42조제1항,250,% 이하,제44조제1항,2026.4.10,3251,2026-09-21
속초시,강원,도시지역-주거,제3종일반주거지역,50,% 이하,제42조제1항,300,% 이하,제44조제1항,2026.4.10,3251,2026-09-21
속초시,강원,도시지역-주거,준주거지역,70,% 이하,제42조제1항,400,% 이하,제44조제1항,2026.4.10,3251,2026-09-21
속초시,강원,도시지역-상업,중심상업지역,90,% 이하,제42조제1항,1000,% 이하,제44조제1항,2026.4.10,3251,2026-09-21
속초시,강원,도시지역-상업,일반상업지역,80,% 이하,제42조제1항,800,% 이하,제44조제1항,2026.4.10,3251,2026-09-21
속초시,강원,도시지역-상업,근린상업지역,70,% 이하,제42조제1항,700,% 이하,제44조제1항,2026.4.10,3251,2026-09-21
속초시,강원,도시지역-상업,유통상업지역,80,% 이하,제42조제1항,800,% 이하,제44조제1항,2026.4.10,3251,2026-09-21
속초시,강원,도시지역-공업,전용공업지역,70,% 이하,제42조제1항,300,% 이하,제44조제1항,2026.4.10,3251,2026-09-21
속초시,강원,도시지역-공업,일반공업지역,70,% 이하,제42조제1항,350,% 이하,제44조제1항,2026.4.10,3251,2026-09-21
속초시,강원,도시지역-공업,준공업지역,70,% 이하,제42조제1항,400,% 이하,제44조제1항,2026.4.10,3251,2026-09-21
속초시,강원,도시지역-녹지,보전녹지지역,20,% 이하,제42조제1항,80,% 이하,제44조제1항,2026.4.10,3251,2026-09-21
속초시,강원,도시지역-녹지,생산녹지지역,20,% 이하,제42조제1항,100,% 이하,제44조제1항,2026.4.10,3251,2026-09-21
속초시,강원,도시지역-녹지,자연녹지지역,20,% 이하,제42조제1항,100,% 이하,제44조제1항,2026.4.10,3251,2026-09-21
속초시,강원,관리지역,보전관리지역,20,% 이하,제42조제1항,80,% 이하,제44조제1항,2026.4.10,3251,2026-09-21
속초시,강원,관리지역,생산관리지역,20,% 이하,제42조제1항,80,% 이하,제44조제1항,2026.4.10,3251,2026-09-21
속초시,강원,관리지역,계획관리지역,40,% 이하,제42조제1항,100,% 이하,제44조제1항,2026.4.10,3251,2026-09-21
속초시,강원,농림지역,농림지역,20,% 이하,제42조제1항,80,% 이하,제44조제1항,2026.4.10,3251,2026-09-21
속초시,강원,자연환경보전지역,자연환경보전지역,20,% 이하,제42조제1항,80,% 이하,제44조제1항,2026.4.10,3251,2026-09-21
삼척시,강원,도시지역-주거,제1종전용주거지역,50,% 이하,제33조제1항,100,% 이하,제34조제1항,2026.9.1,1784,2026-09-21
삼척시,강원,도시지역-주거,제2종전용주거지역,50,% 이하,제33조제1항,150,% 이하,제34조제1항,2026.9.1,1784,2026-09-21
삼척시,강원,도시지역-주거,제1종일반주거지역,60,% 이하,제33조제1항,200,% 이하,제34조제1항,2026.9.1,1784,2026-09-21
삼척시,강원,도시지역-주거,제2종일반주거지역,60,% 이하,제33조제1항,250,% 이하,제34조제1항,2026.9.1,1784,2026-09-21
삼척시,강원,도시지역-주거,제3종일반주거지역,50,% 이하,제33조제1항,300,% 이하,제34조제1항,2026.9.1,1784,2026-09-21
삼척시,강원,도시지역-주거,준주거지역,70,% 이하,제33조제1항,500,% 이하,제34조제1항,2026.9.1,1784,2026-09-21
삼척시,강원,도시지역-상업,중심상업지역,90,% 이하,제33조제1항,1500,% 이하,제34조제1항,2026.9.1,1784,2026-09-21
삼척시,강원,도시지역-상업,일반상업지역,80,% 이하,제33조제1항,1300,% 이하,제34조제1항,2026.9.1,1784,2026-09-21
삼척시,강원,도시지역-상업,근린상업지역,70,% 이하,제33조제1항,900,% 이하,제34조제1항,2026.9.1,1784,2026-09-21
삼척시,강원,도시지역-상업,유통상업지역,80,% 이하,제33조제1항,1100,% 이하,제34조제1항,2026.9.1,1784,2026-09-21
삼척시,강원,도시지역-공업,전용공업지역,70,% 이하,제33조제1항,300,% 이하,제34조제1항,2026.9.1,1784,2026-09-21
삼척시,강원,도시지역-공업,일반공업지역,70,% 이하,제33조제1항,350,% 이하,제34조제1항,2026.9.1,1784,2026-09-21
삼척시,강원,도시지역-공업,준공업지역,70,% 이하,제33조제1항,400,% 이하,제34조제1항,2026.9.1,1784,2026-09-21
삼척시,강원,도시지역-녹지,보전녹지지역,20,% 이하,제33조제1항,80,% 이하,제34조제1항,2026.9.1,1784,2026-09-21
삼척시,강원,도시지역-녹지,생산녹지지역,20,% 이하,제33조제1항,100,% 이하,제34조제1항,2026.9.1,1784,2026-09-21
삼척시,강원,도시지역-녹지,자연녹지지역,20,% 이하,제33조제1항,100,% 이하,제34조제1항,2026.9.1,1784,2026-09-21
삼척시,강원,관리지역,보전관리지역,20,% 이하,제33조제1항,80,% 이하,제34조제1항,2026.9.1,1784,2026-09-21
삼척시,강원,관리지역,생산관리지역,20,% 이하,제33조제1항,80,% 이하,제34조제1항,2026.9.1,1784,2026-09-21
삼척시,강원,관리지역,계획관리지역,40,% 이하,제33조제1항,100,% 이하,제34조제1항,2026.9.1,1784,2026-09-21
삼척시,강원,농림지역,농림지역,20,% 이하,제33조제1항,80,% 이하,제34조제1항,2026.9.1,1784,2026-09-21
삼척시,강원,자연환경보전지역,자연환경보전지역,20,% 이하,제33조제1항,80,% 이하,제34조제1항,2026.9.1,1784,2026-09-21
홍천군,강원,도시지역-주거,제1종전용주거지역,50,% 이하,제51조제1항,100,% 이하,제56조제1항,2026.4.10,3136,2026-09-21
홍천군,강원,도시지역-주거,제2종전용주거지역,50,% 이하,제51조제1항,150,% 이하,제56조제1항,2026.4.10,3136,2026-09-21
홍천군,강원,도시지역-주거,제1종일반주거지역,60,% 이하,제51조제1항,200,% 이하,제56조제1항,2026.4.10,3136,2026-09-21
홍천군,강원,도시지역-주거,제2종일반주거지역,60,% 이하,제51조제1항,250,% 이하,제56조제1항,2026.4.10,3136,2026-09-21
홍천군,강원,도시지역-주거,제3종일반주거지역,50,% 이하,제51조제1항,300,% 이하,제56조제1항,2026.4.10,3136,2026-09-21
홍천군,강원,도시지역-주거,준주거지역,70,% 이하,제51조제1항,500,% 이하,제56조제1항,2026.4.10,3136,2026-09-21
홍천군,강원,도시지역-상업,중심상업지역,90,% 이하,제51조제1항,1500,% 이하,제56조제1항,2026.4.10,3136,2026-09-21
홍천군,강원,도시지역-상업,일반상업지역,80,% 이하,제51조제1항,1300,% 이하,제56조제1항,2026.4.10,3136,2026-09-21
홍천군,강원,도시지역-상업,근린상업지역,70,% 이하,제51조제1항,900,% 이하,제56조제1항,2026.4.10,3136,2026-09-21
홍천군,강원,도시지역-상업,유통상업지역,80,% 이하,제51조제1항,1100,% 이하,제56조제1항,2026.4.10,3136,2026-09-21
홍천군,강원,도시지역-공업,전용공업지역,70,% 이하,제51조제1항,300,% 이하,제56조제1항,2026.4.10,3136,2026-09-21
홍천군,강원,도시지역-공업,일반공업지역,70,% 이하,제51조제1항,350,% 이하,제56조제1항,2026.4.10,3136,2026-09-21
홍천군,강원,도시지역-공업,준공업지역,70,% 이하,제51조제1항,400,% 이하,제56조제1항,2026.4.10,3136,2026-09-21
홍천군,강원,도시지역-녹지,보전녹지지역,20,% 이하,제51조제1항,80,% 이하,제56조제1항,2026.4.10,3136,2026-09-21
홍천군,강원,도시지역-녹지,생산녹지지역,20,% 이하,제51조제1항,100,% 이하,제56조제1항,2026.4.10,3136,2026-09-21
홍천군,강원,도시지역-녹지,자연녹지지역,20,% 이하,제51조제1항,100,% 이하,제56조제1항,2026.4.10,3136,2026-09-21
홍천군,강원,관리지역,보전관리지역,20,% 이하,제51조제1항,80,% 이하,제56조제1항,2026.4.10,3136,2026-09-21
홍천군,강원,관리지역,생산관리지역,20,% 이하,제51조제1항,80,% 이하,제56조제1항,2026.4.10,3136,2026-09-21
홍천군,강원,관리지역,계획관리지역,40,% 이하,제51조제1항,100,% 이하,제56조제1항,2026.4.10,3136,2026-09-21
홍천군,강원,농림지역,농림지역,20,% 이하,제51조제1항,80,% 이하,제56조제1항,2026.4.10,3136,2026-09-21
홍천군,강원,자연환경보전지역,자연환경보전지역,20,% 이하,제51조제1항,80,% 이하,제56조제1항,2026.4.10,3136,2026-09-21
횡성군,강원,도시지역-주거,제1종전용주거지역,50,% 이하,제53조제1항,100,% 이하,제58조제1항,2026.4.16,2925,2026-09-21
횡성군,강원,도시지역-주거,제2종전용주거지역,50,% 이하,제53조제1항,150,% 이하,제58조제1항,2026.4.16,2925,2026-09-21
횡성군,강원,도시지역-주거,제1종일반주거지역,60,% 이하,제53조제1항,200,% 이하,제58조제1항,2026.4.16,2925,2026-09-21
횡성군,강원,도시지역-주거,제2종일반주거지역,60,% 이하,제53조제1항,250,% 이하,제58조제1항,2026.4.16,2925,2026-09-21
횡성군,강원,도시지역-주거,제3종일반주거지역,50,% 이하,제53조제1항,300,% 이하,제58조제1항,2026.4.16,2925,2026-09-21
횡성군,강원,도시지역-주거,준주거지역,70,% 이하,제53조제1항,500,% 이하,제58조제1항,2026.4.16,2925,2026-09-21
횡성군,강원,도시지역-상업,중심상업지역,90,% 이하,제53조제1항,1500,% 이하,제58조제1항,2026.4.16,2925,2026-09-21
횡성군,강원,도시지역-상업,일반상업지역,80,% 이하,제53조제1항,1300,% 이하,제58조제1항,2026.4.16,2925,2026-09-21
횡성군,강원,도시지역-상업,근린상업지역,70,% 이하,제53조제1항,900,% 이하,제58조제1항,2026.4.16,2925,2026-09-21
횡성군,강원,도시지역-상업,유통상업지역,80,% 이하,제53조제1항,1100,% 이하,제58조제1항,2026.4.16,2925,2026-09-21
횡성군,강원,도시지역-공업,전용공업지역,70,% 이하,제53조제1항,300,% 이하,제58조제1항,2026.4.16,2925,2026-09-21
횡성군,강원,도시지역-공업,일반공업지역,70,% 이하,제53조제1항,350,% 이하,제58조제1항,2026.4.16,2925,2026-09-21
횡성군,강원,도시지역-공업,준공업지역,70,% 이하,제53조제1항,400,% 이하,제58조제1항,2026.4.16,2925,2026-09-21
횡성군,강원,도시지역-녹지,보전녹지지역,20,% 이하,제53조제1항,80,% 이하,제58조제1항,2026.4.16,2925,2026-09-21
횡성군,강원,도시지역-녹지,생산녹지지역,20,% 이하,제53조제1항,100,% 이하,제58조제1항,2026.4.16,2925,2026-09-21
횡성군,강원,도시지역-녹지,자연녹지지역,20,% 이하,제53조제1항,100,% 이하,제58조제1항,2026.4.16,2925,2026-09-21
횡성군,강원,관리지역,보전관리지역,20,% 이하,제53조제1항,80,% 이하,제58조제1항,2026.4.16,2925,2026-09-21
횡성군,강원,관리지역,생산관리지역,20,% 이하,제53조제1항,80,% 이하,제58조제1항,2026.4.16,2925,2026-09-21
횡성군,강원,관리지역,계획관리지역,40,% 이하,제53조제1항,100,% 이하,제58조제1항,2026.4.16,2925,2026-09-21
횡성군,강원,농림지역,농림지역,20,% 이하,제53조제1항,80,% 이하,제58조제1항,2026.4.16,2925,2026-09-21
횡성군,강원,자연환경보전지역,자연환경보전지역,20,% 이하,제53조제1항,80,% 이하,제58조제1항,2026.4.16,2925,2026-09-21
영월군,강원,도시지역-주거,제1종전용주거지역,50,% 이하,제46조제1항,100,% 이하,제51조제1항,2026.2.6,3047,2026-09-21
영월군,강원,도시지역-주거,제2종전용주거지역,50,% 이하,제46조제1항,150,% 이하,제51조제1항,2026.2.6,3047,2026-09-21
영월군,강원,도시지역-주거,제1종일반주거지역,60,% 이하,제46조제1항,200,% 이하,제51조제1항,2026.2.6,3047,2026-09-21
영월군,강원,도시지역-주거,제2종일반주거지역,60,% 이하,제46조제1항,250,% 이하,제51조제1항,2026.2.6,3047,2026-09-21
영월군,강원,도시지역-주거,제3종일반주거지역,50,% 이하,제46조제1항,300,% 이하,제51조제1항,2026.2.6,3047,2026-09-21
영월군,강원,도시지역-주거,준주거지역,70,% 이하,제46조제1항,500,% 이하,제51조제1항,2026.2.6,3047,2026-09-21
영월군,강원,도시지역-상업,중심상업지역,90,% 이하,제46조제1항,1500,% 이하,제51조제1항,2026.2.6,3047,2026-09-21
영월군,강원,도시지역-상업,일반상업지역,80,% 이하,제46조제1항,1300,% 이하,제51조제1항,2026.2.6,3047,2026-09-21
영월군,강원,도시지역-상업,근린상업지역,70,% 이하,제46조제1항,900,% 이하,제51조제1항,2026.2.6,3047,2026-09-21
영월군,강원,도시지역-상업,유통상업지역,80,% 이하,제46조제1항,1100,% 이하,제51조제1항,2026.2.6,3047,2026-09-21
영월군,강원,도시지역-공업,전용공업지역,70,% 이하,제46조제1항,300,% 이하,제51조제1항,2026.2.6,3047,2026-09-21
영월군,강원,도시지역-공업,일반공업지역,70,% 이하,제46조제1항,350,% 이하,제51조제1항,2026.2.6,3047,2026-09-21
영월군,강원,도시지역-공업,준공업지역,70,% 이하,제46조제1항,400,% 이하,제51조제1항,2026.2.6,3047,2026-09-21
영월군,강원,도시지역-녹지,보전녹지지역,20,% 이하,제46조제1항,80,% 이하,제51조제1항,2026.2.6,3047,2026-09-21
영월군,강원,도시지역-녹지,생산녹지지역,20,% 이하,제46조제1항,100,% 이하,제51조제1항,2026.2.6,3047,2026-09-21
영월군,강원,도시지역-녹지,자연녹지지역,20,% 이하,제46조제1항,100,% 이하,제51조제1항,2026.2.6,3047,2026-09-21
영월군,강원,관리지역,보전관리지역,20,% 이하,제46조제1항,80,% 이하,제51조제1항,2026.2.6,3047,2026-09-21
영월군,강원,관리지역,생산관리지역,20,% 이하,제46조제1항,80,% 이하,제51조제1항,2026.2.6,3047,2026-09-21
영월군,강원,관리지역,계획관리지역,40,% 이하,제46조제1항,100,% 이하,제51조제1항,2026.2.6,3047,2026-09-21
영월군,강원,농림지역,농림지역,20,% 이하,제46조제1항,80,% 이하,제51조제1항,2026.2.6,3047,2026-09-21
영월군,강원,자연환경보전지역,자연환경보전지역,20,% 이하,제46조제1항,80,% 이하,제51조제1항,2026.2.6,3047,2026-09-21
평창군,강원,도시지역-주거,제1종전용주거지역,50,% 이하,제52조제1항,100,% 이하,제57조제1항,2024.10.25,2980,2026-09-21
평창군,강원,도시지역-주거,제2종전용주거지역,50,% 이하,제52조제1항,150,% 이하,제57조제1항,2024.10.25,2980,2026-09-21
평창군,강원,도시지역-주거,제1종일반주거지역,60,% 이하,제52조제1항,200,% 이하,제57조제1항,2024.10.25,2980,2026-09-21
평창군,강원,도시지역-주거,제2종일반주거지역,60,% 이하,제52조제1항,250,% 이하,제57조제1항,2024.10.25,2980,2026-09-21
평창군,강원,도시지역-주거,제3종일반주거지역,50,% 이하,제52조제1항,300,% 이하,제57조제1항,2024.10.25,2980,2026-09-21
평창군,강원,도시지역-주거,준주거지역,70,% 이하,제52조제1항,500,% 이하,제57조제1항,2024.10.25,2980,2026-09-21
평창군,강원,도시지역-상업,중심상업지역,90,% 이하,제52조제1항,1500,% 이하,제57조제1항,2024.10.25,2980,2026-09-21
평창군,강원,도시지역-상업,일반상업지역,80,% 이하,제52조제1항,1300,% 이하,제57조제1항,2024.10.25,2980,2026-09-21
평창군,강원,도시지역-상업,근린상업지역,70,% 이하,제52조제1항,900,% 이하,제57조제1항,2024.10.25,2980,2026-09-21
평창군,강원,도시지역-상업,유통상업지역,80,% 이하,제52조제1항,1100,% 이하,제57조제1항,2024.10.25,2980,2026-09-21
평창군,강원,도시지역-공업,전용공업지역,70,% 이하,제52조제1항,300,% 이하,제57조제1항,2024.10.25,2980,2026-09-21
평창군,강원,도시지역-공업,일반공업지역,70,% 이하,제52조제1항,350,% 이하,제57조제1항,2024.10.25,2980,2026-09-21
평창군,강원,도시지역-공업,준공업지역,70,% 이하,제52조제1항,400,% 이하,제57조제1항,2024.10.25,2980,2026-09-21
평창군,강원,도시지역-녹지,보전녹지지역,20,% 이하,제52조제1항,80,% 이하,제57조제1항,2024.10.25,2980,2026-09-21
평창군,강원,도시지역-녹지,생산녹지지역,20,% 이하,제52조제1항,100,% 이하,제57조제1항,2024.10.25,2980,2026-09-21
평창군,강원,도시지역-녹지,자연녹지지역,20,% 이하,제52조제1항,100,% 이하,제57조제1항,2024.10.25,2980,2026-09-21
평창군,강원,관리지역,보전관리지역,20,% 이하,제52조제1항,80,% 이하,제57조제1항,2024.10.25,2980,2026-09-21
평창군,강원,관리지역,생산관리지역,20,% 이하,제52조제1항,80,% 이하,제57조제1항,2024.10.25,2980,2026-09-21
평창군,강원,관리지역,계획관리지역,40,% 이하,제52조제1항,100,% 이하,제57조제1항,2024.10.25,2980,2026-09-21
평창군,강원,농림지역,농림지역,20,% 이하,제52조제1항,80,% 이하,제57조제1항,2024.10.25,2980,2026-09-21
평창군,강원,자연환경보전지역,자연환경보전지역,20,% 이하,제52조제1항,80,% 이하,제57조제1항,2024.10.25,2980,2026-09-21
정선군,강원,도시지역-주거,제1종전용주거지역,50,% 이하,제51조제1항,,,제53조제1항,2026.9.18,3163,2026-09-21
정선군,강원,도시지역-주거,제2종전용주거지역,50,% 이하,제51조제1항,150,% 이하,제53조제1항,2026.9.18,3163,2026-09-21
정선군,강원,도시지역-주거,제1종일반주거지역,60,% 이하,제51조제1항,200,% 이하,제53조제1항,2026.9.18,3163,2026-09-21
정선군,강원,도시지역-주거,제2종일반주거지역,60,% 이하,제51조제1항,250,% 이하,제53조제1항,2026.9.18,3163,2026-09-21
정선군,강원,도시지역-주거,제3종일반주거지역,50,% 이하,제51조제1항,300,% 이하,제53조제1항,2026.9.18,3163,2026-09-21
정선군,강원,도시지역-주거,준주거지역,70,% 이하,제51조제1항,500,% 이하,제53조제1항,2026.9.18,3163,2026-09-21
정선군,강원,도시지역-상업,중심상업지역,90,% 이하,제51조제1항,1500,% 이하,제53조제1항,2026.9.18,3163,2026-09-21
정선군,강원,도시지역-상업,일반상업지역,80,% 이하,제51조제1항,1300,% 이하,제53조제1항,2026.9.18,3163,2026-09-21
정선군,강원,도시지역-상업,근린상업지역,70,% 이하,제51조제1항,900,% 이하,제53조제1항,2026.9.18,3163,2026-09-21
정선군,강원,도시지역-상업,유통상업지역,80,% 이하,제51조제1항,1100,% 이하,제53조제1항,2026.9.18,3163,2026-09-21
정선군,강원,도시지역-공업,전용공업지역,70,% 이하,제51조제1항,300,% 이하,제53조제1항,2026.9.18,3163,2026-09-21
정선군,강원,도시지역-공업,일반공업지역,70,% 이하,제51조제1항,350,% 이하,제53조제1항,2026.9.18,3163,2026-09-21
정선군,강원,도시지역-공업,준공업지역,70,% 이하,제51조제1항,400,% 이하,제53조제1항,2026.9.18,3163,2026-09-21
정선군,강원,도시지역-녹지,보전녹지지역,20,% 이하,제51조제1항,80,% 이하,제53조제1항,2026.9.18,3163,2026-09-21
정선군,강원,도시지역-녹지,생산녹지지역,20,% 이하,제51조제1항,100,% 이하,제53조제1항,2026.9.18,3163,2026-09-21
정선군,강원,도시지역-녹지,자연녹지지역,20,% 이하,제51조제1항,100,% 이하,제53조제1항,2026.9.18,3163,2026-09-21
정선군,강원,관리지역,보전관리지역,20,% 이하,제51조제1항,80,% 이하,제53조제1항,2026.9.18,3163,2026-09-21
정선군,강원,관리지역,생산관리지역,20,% 이하,제51조제1항,80,% 이하,제53조제1항,2026.9.18,3163,2026-09-21
정선군,강원,관리지역,계획관리지역,40,% 이하,제51조제1항,100,% 이하,제53조제1항,2026.9.18,3163,2026-09-21
정선군,강원,농림지역,농림지역,20,% 이하,제51조제1항,80,% 이하,제53조제1항,2026.9.18,3163,2026-09-21
정선군,강원,자연환경보전지역,자연환경보전지역,20,% 이하,제51조제1항,80,% 이하,제53조제1항,2026.9.18,3163,2026-09-21
철원군,강원,도시지역-주거,제1종전용주거지역,50,% 이하,제53조제1항,100,% 이하,제58조제1항,2026.8.28,2871,2026-09-21
철원군,강원,도시지역-주거,제2종전용주거지역,50,% 이하,제53조제1항,150,% 이하,제58조제1항,2026.8.28,2871,2026-09-21
철원군,강원,도시지역-주거,제1종일반주거지역,60,% 이하,제53조제1항,200,% 이하,제58조제1항,2026.8.28,2871,2026-09-21
철원군,강원,도시지역-주거,제2종일반주거지역,60,% 이하,제53조제1항,250,% 이하,제58조제1항,2026.8.28,2871,2026-09-21
철원군,강원,도시지역-주거,제3종일반주거지역,50,% 이하,제53조제1항,300,% 이하,제58조제1항,2026.8.28,2871,2026-09-21
철원군,강원,도시지역-주거,준주거지역,70,% 이하,제53조제1항,500,% 이하,제58조제1항,2026.8.28,2871,2026-09-21
철원군,강원,도시지역-상업,중심상업지역,90,% 이하,제53조제1항,1500,% 이하,제58조제1항,2026.8.28,2871,2026-09-21
철원군,강원,도시지역-상업,일반상업지역,80,% 이하,제53조제1항,1300,% 이하,제58조제1항,2026.8.28,2871,2026-09-21
철원군,강원,도시지역-상업,근린상업지역,70,% 이하,제53조제1항,900,% 이하,제58조제1항,2026.8.28,2871,2026-09-21
철원군,강원,도시지역-상업,유통상업지역,80,% 이하,제53조제1항,1100,% 이하,제58조제1항,2026.8.28,2871,2026-09-21
철원군,강원,도시지역-공업,전용공업지역,70,% 이하,제53조제1항,300,% 이하,제58조제1항,2026.8.28,2871,2026-09-21
철원군,강원,도시지역-공업,일반공업지역,70,% 이하,제53조제1항,350,% 이하,제58조제1항,2026.8.28,2871,2026-09-21
철원군,강원,도시지역-공업,준공업지역,70,% 이하,제53조제1항,400,% 이하,제58조제1항,2026.8.28,2871,2026-09-21
철원군,강원,도시지역-녹지,보전녹지지역,20,% 이하,제53조제1항,80,% 이하,제58조제1항,2026.8.28,2871,2026-09-21
철원군,강원,도시지역-녹지,생산녹지지역,20,% 이하,제53조제1항,100,% 이하,제58조제1항,2026.8.28,2871,2026-09-21
철원군,강원,도시지역-녹지,자연녹지지역,20,% 이하,제53조제1항,100,% 이하,제58조제1항,2026.8.28,2871,2026-09-21
철원군,강원,관리지역,보전관리지역,20,% 이하,제53조제1항,80,% 이하,제58조제1항,2026.8.28,2871,2026-09-21
철원군,강원,관리지역,생산관리지역,20,% 이하,제53조제1항,80,% 이하,제58조제1항,2026.8.28,2871,2026-09-21
철원군,강원,관리지역,계획관리지역,40,% 이하,제53조제1항,100,% 이하,제58조제1항,2026.8.28,2871,2026-09-21
철원군,강원,농림지역,농림지역,20,% 이하,제53조제1항,80,% 이하,제58조제1항,2026.8.28,2871,2026-09-21
철원군,강원,자연환경보전지역,자연환경보전지역,20,% 이하,제53조제1항,80,% 이하,제58조제1항,2026.8.28,2871,2026-09-21
화천군,강원,도시지역-주거,제1종전용주거지역,50,% 이하,제51조제1항,100,% 이하,제56조제1항,2026.3.27,2926,2026-09-21
화천군,강원,도시지역-주거,제2종전용주거지역,50,% 이하,제51조제1항,150,% 이하,제56조제1항,2026.3.27,2926,2026-09-21
화천군,강원,도시지역-주거,제1종일반주거지역,60,% 이하,제51조제1항,200,% 이하,제56조제1항,2026.3.27,2926,2026-09-21
화천군,강원,도시지역-주거,제2종일반주거지역,60,% 이하,제51조제1항,250,% 이하,제56조제1항,2026.3.27,2926,2026-09-21
화천군,강원,도시지역-주거,제3종일반주거지역,50,% 이하,제51조제1항,300,% 이하,제56조제1항,2026.3.27,2926,2026-09-21
화천군,강원,도시지역-주거,준주거지역,70,% 이하,제51조제1항,500,% 이하,제56조제1항,2026.3.27,2926,2026-09-21
화천군,강원,도시지역-상업,중심상업지역,90,% 이하,제51조제1항,1500,% 이하,제56조제1항,2026.3.27,2926,2026-09-21
화천군,강원,도시지역-상업,일반상업지역,80,% 이하,제51조제1항,1300,% 이하,제56조제1항,2026.3.27,2926,2026-09-21
화천군,강원,도시지역-상업,근린상업지역,70,% 이하,제51조제1항,900,% 이하,제56조제1항,2026.3.27,2926,2026-09-21
화천군,강원,도시지역-상업,유통상업지역,80,% 이하,제51조제1항,1100,% 이하,제56조제1항,2026.3.27,2926,2026-09-21
화천군,강원,도시지역-공업,전용공업지역,70,% 이하,제51조제1항,300,% 이하,제56조제1항,2026.3.27,2926,2026-09-21
화천군,강원,도시지역-공업,일반공업지역,70,% 이하,제51조제1항,350,% 이하,제56조제1항,2026.3.27,2926,2026-09-21
화천군,강원,도시지역-공업,준공업지역,70,% 이하,제51조제1항,400,% 이하,제56조제1항,2026.3.27,2926,2026-09-21
화천군,강원,도시지역-녹지,보전녹지지역,20,% 이하,제51조제1항,80,% 이하,제56조제1항,2026.3.27,2926,2026-09-21
화천군,강원,도시지역-녹지,생산녹지지역,20,% 이하,제51조제1항,100,% 이하,제56조제1항,2026.3.27,2926,2026-09-21
화천군,강원,도시지역-녹지,자연녹지지역,20,% 이하,제51조제1항,100,% 이하,제56조제1항,2026.3.27,2926,2026-09-21
화천군,강원,관리지역,보전관리지역,20,% 이하,제51조제1항,80,% 이하,제56조제1항,2026.3.27,2926,2026-09-21
화천군,강원,관리지역,생산관리지역,20,% 이하,제51조제1항,80,% 이하,제56조제1항,2026.3.27,2926,2026-09-21
화천군,강원,관리지역,계획관리지역,40,% 이하,제51조제1항,100,% 이하,제56조제1항,2026.3.27,2926,2026-09-21
화천군,강원,농림지역,농림지역,20,% 이하,제51조제1항,80,% 이하,제56조제1항,2026.3.27,2926,2026-09-21
화천군,강원,자연환경보전지역,자연환경보전지역,20,% 이하,제51조제1항,80,% 이하,제56조제1항,2026.3.27,2926,2026-09-21
양구군,강원,도시지역-주거,제1종전용주거지역,50,% 이하,제51조제1항,100,% 이하,제56조제1항,2025.12.19,2861,2026-09-21
양구군,강원,도시지역-주거,제2종전용주거지역,50,% 이하,제51조제1항,150,% 이하,제56조제1항,2025.12.19,2861,2026-09-21
양구군,강원,도시지역-주거,제1종일반주거지역,60,% 이하,제51조제1항,200,% 이하,제56조제1항,2025.12.19,2861,2026-09-21
양구군,강원,도시지역-주거,제2종일반주거지역,60,% 이하,제51조제1항,250,% 이하,제56조제1항,2025.12.19,2861,2026-09-21
양구군,강원,도시지역-주거,제3종일반주거지역,50,% 이하,제51조제1항,300,% 이하,제56조제1항,2025.12.19,2861,2026-09-21
양구군,강원,도시지역-주거,준주거지역,70,% 이하,제51조제1항,500,% 이하,제56조제1항,2025.12.19,2861,2026-09-21
양구군,강원,도시지역-상업,중심상업지역,90,% 이하,제51조제1항,1500,% 이하,제56조제1항,2025.12.19,2861,2026-09-21
양구군,강원,도시지역-상업,일반상업지역,80,% 이하,제51조제1항,1300,% 이하,제56조제1항,2025.12.19,2861,2026-09-21
양구군,강원,도시지역-상업,근린상업지역,70,% 이하,제51조제1항,900,% 이하,제56조제1항,2025.12.19,2861,2026-09-21
양구군,강원,도시지역-상업,유통상업지역,80,% 이하,제51조제1항,1100,% 이하,제56조제1항,2025.12.19,2861,2026-09-21
양구군,강원,도시지역-공업,전용공업지역,70,% 이하,제51조제1항,300,% 이하,제56조제1항,2025.12.19,2861,2026-09-21
양구군,강원,도시지역-공업,일반공업지역,70,% 이하,제51조제1항,350,% 이하,제56조제1항,2025.12.19,2861,2026-09-21
양구군,강원,도시지역-공업,준공업지역,70,% 이하,제51조제1항,400,% 이하,제56조제1항,2025.12.19,2861,2026-09-21
양구군,강원,도시지역-녹지,보전녹지지역,20,% 이하,제51조제1항,80,% 이하,제56조제1항,2025.12.19,2861,2026-09-21
양구군,강원,도시지역-녹지,생산녹지지역,20,% 이하,제51조제1항,100,% 이하,제56조제1항,2025.12.19,2861,2026-09-21
양구군,강원,도시지역-녹지,자연녹지지역,20,% 이하,제51조제1항,100,% 이하,제56조제1항,2025.12.19,2861,2026-09-21
양구군,강원,관리지역,보전관리지역,20,% 이하,제51조제1항,80,% 이하,제56조제1항,2025.12.19,2861,2026-09-21
양구군,강원,관리지역,생산관리지역,20,% 이하,제51조제1항,80,% 이하,제56조제1항,2025.12.19,2861,2026-09-21
양구군,강원,관리지역,계획관리지역,40,% 이하,제51조제1항,100,% 이하,제56조제1항,2025.12.19,2861,2026-09-21
양구군,강원,농림지역,농림지역,20,% 이하,제51조제1항,80,% 이하,제56조제1항,2025.12.19,2861,2026-09-21
양구군,강원,자연환경보전지역,자연환경보전지역,20,% 이하,제51조제1항,80,% 이하,제56조제1항,2025.12.19,2861,2026-09-21
인제군,강원,도시지역-주거,제1종전용주거지역,50,% 이하,제48조제1항,100,% 이하,제55조제1항,2025.12.29,2815,2026-09-21
인제군,강원,도시지역-주거,제2종전용주거지역,50,% 이하,제48조제1항,150,% 이하,제55조제1항,2025.12.29,2815,2026-09-21
인제군,강원,도시지역-주거,제1종일반주거지역,60,% 이하,제48조제1항,200,% 이하,제55조제1항,2025.12.29,2815,2026-09-21
인제군,강원,도시지역-주거,제2종일반주거지역,60,% 이하,제48조제1항,250,% 이하,제55조제1항,2025.12.29,2815,2026-09-21
인제군,강원,도시지역-주거,제3종일반주거지역,50,% 이하,제48조제1항,300,% 이하,제55조제1항,2025.12.29,2815,2026-09-21
인제군,강원,도시지역-주거,준주거지역,70,% 이하,제48조제1항,500,% 이하,제55조제1항,2025.12.29,2815,2026-09-21
인제군,강원,도시지역-상업,중심상업지역,90,% 이하,제48조제1항,1500,% 이하,제55조제1항,2025.12.29,2815,2026-09-21
인제군,강원,도시지역-상업,일반상업지역,80,% 이하,제48조제1항,1300,% 이하,제55조제1항,2025.12.29,2815,2026-09-21
인제군,강원,도시지역-상업,근린상업지역,70,% 이하,제48조제1항,900,% 이하,제55조제1항,2025.12.29,2815,2026-09-21
인제군,강원,도시지역-상업,유통상업지역,80,% 이하,제48조제1항,1100,% 이하,제55조제1항,2025.12.29,2815,2026-09-21
인제군,강원,도시지역-공업,전용공업지역,70,% 이하,제48조제1항,300,% 이하,제55조제1항,2025.12.29,2815,2026-09-21
인제군,강원,도시지역-공업,일반공업지역,70,% 이하,제48조제1항,350,% 이하,제55조제1항,2025.12.29,2815,2026-09-21
인제군,강원,도시지역-공업,준공업지역,70,% 이하,제48조제1항,400,% 이하,제55조제1항,2025.12.29,2815,2026-09-21
인제군,강원,도시지역-녹지,보전녹지지역,20,% 이하,제48조제1항,80,% 이하,제55조제1항,2025.12.29,2815,2026-09-21
인제군,강원,도시지역-녹지,생산녹지지역,20,% 이하,제48조제1항,100,% 이하,제55조제1항,2025.12.29,2815,2026-09-21
인제군,강원,도시지역-녹지,자연녹지지역,20,% 이하,제48조제1항,100,% 이하,제55조제1항,2025.12.29,2815,2026-09-21
인제군,강원,관리지역,보전관리지역,20,% 이하,제48조제1항,80,% 이하,제55조제1항,2025.12.29,2815,2026-09-21
인제군,강원,관리지역,생산관리지역,20,% 이하,제48조제1항,80,% 이하,제55조제1항,2025.12.29,2815,2026-09-21
인제군,강원,관리지역,계획관리지역,40,% 이하,제48조제1항,100,% 이하,제55조제1항,2025.12.29,2815,2026-09-21
인제군,강원,농림지역,농림지역,20,% 이하,제48조제1항,80,% 이하,제55조제1항,2025.12.29,2815,2026-09-21
인제군,강원,자연환경보전지역,자연환경보전지역,20,% 이하,제48조제1항,80,% 이하,제55조제1항,2025.12.29,2815,2026-09-21
고성군,강원·경남,도시지역-주거,제1종전용주거지역,50,% 이하,제51조제1항,100,% 이하,제56조제1항,2026.6.29,2853,2026-09-21
고성군,강원·경남,도시지역-주거,제2종전용주거지역,50,% 이하,제51조제1항,150,% 이하,제56조제1항,2026.6.29,2853,2026-09-21
고성군,강원·경남,도시지역-주거,제1종일반주거지역,60,% 이하,제51조제1항,200,% 이하,제56조제1항,2026.6.29,2853,2026-09-21
고성군,강원·경남,도시지역-주거,제2종일반주거지역,60,% 이하,제51조제1항,250,% 이하,제56조제1항,2026.6.29,2853,2026-09-21
고성군,강원·경남,도시지역-주거,제3종일반주거지역,50,% 이하,제51조제1항,300,% 이하,제56조제1항,2026.6.29,2853,2026-09-21
고성군,강원·경남,도시지역-주거,준주거지역,70,% 이하,제51조제1항,500,% 이하,제56조제1항,2026.6.29,2853,2026-09-21
고성군,강원·경남,도시지역-상업,중심상업지역,90,% 이하,제51조제1항,1500,% 이하,제56조제1항,2026.6.29,2853,2026-09-21
고성군,강원·경남,도시지역-상업,일반상업지역,80,% 이하,제51조제1항,1300,% 이하,제56조제1항,2026.6.29,2853,2026-09-21
고성군,강원·경남,도시지역-상업,근린상업지역,70,% 이하,제51조제1항,900,% 이하,제56조제1항,2026.6.29,2853,2026-09-21
고성군,강원·경남,도시지역-상업,유통상업지역,80,% 이하,제51조제1항,1100,% 이하,제56조제1항,2026.6.29,2853,2026-09-21
고성군,강원·경남,도시지역-공업,전용공업지역,70,% 이하,제51조제1항,300,% 이하,제56조제1항,2026.6.29,2853,2026-09-21
고성군,강원·경남,도시지역-공업,일반공업지역,70,% 이하,제51조제1항,350,% 이하,제56조제1항,2026.6.29,2853,2026-09-21
고성군,강원·경남,도시지역-공업,준공업지역,70,% 이하,제51조제1항,400,% 이하,제56조제1항,2026.6.29,2853,2026-09-21
고성군,강원·경남,도시지역-녹지,보전녹지지역,20,% 이하,제51조제1항,80,% 이하,제56조제1항,2026.6.29,2853,2026-09-21
고성군,강원·경남,도시지역-녹지,생산녹지지역,20,% 이하,제51조제1항,100,% 이하,제56조제1항,2026.6.29,2853,2026-09-21
고성군,강원·경남,도시지역-녹지,자연녹지지역,20,% 이하,제51조제1항,100,% 이하,제56조제1항,2026.6.29,2853,2026-09-21
고성군,강원·경남,관리지역,보전관리지역,20,% 이하,제51조제1항,80,% 이하,제56조제1항,2026.6.29,2853,2026-09-21
고성군,강원·경남,관리지역,생산관리지역,20,% 이하,제51조제1항,80,% 이하,제56조제1항,2026.6.29,2853,2026-09-21
고성군,강원·경남,관리지역,계획관리지역,40,% 이하,제51조제1항,100,% 이하,제56조제1항,2026.6.29,2853,2026-09-21
고성군,강원·경남,농림지역,농림지역,20,% 이하,제51조제1항,80,% 이하,제56조제1항,2026.6.29,2853,2026-09-21
고성군,강원·경남,자연환경보전지역,자연환경보전지역,20,% 이하,제51조제1항,80,% 이하,제56조제1항,2026.6.29,2853,2026-09-21
양양군,강원,도시지역-주거,제1종전용주거지역,50,% 이하,제52조제1항,100,% 이하,제57조제1항,2025.12.31,3122,2026-09-21
양양군,강원,도시지역-주거,제2종전용주거지역,50,% 이하,제52조제1항,150,% 이하,제57조제1항,2025.12.31,3122,2026-09-21
양양군,강원,도시지역-주거,제1종일반주거지역,60,% 이하,제52조제1항,200,% 이하,제57조제1항,2025.12.31,3122,2026-09-21
양양군,강원,도시지역-주거,제2종일반주거지역,60,% 이하,제52조제1항,250,% 이하,제57조제1항,2025.12.31,3122,2026-09-21
양양군,강원,도시지역-주거,제3종일반주거지역,50,% 이하,제52조제1항,300,% 이하,제57조제1항,2025.12.31,3122,2026-09-21
양양군,강원,도시지역-주거,준주거지역,70,% 이하,제52조제1항,500,% 이하,제57조제1항,2025.12.31,3122,2026-09-21
양양군,강원,도시지역-상업,중심상업지역,90,% 이하,제52조제1항,1500,% 이하,제57조제1항,2025.12.31,3122,2026-09-21
양양군,강원,도시지역-상업,일반상업지역,80,% 이하,제52조제1항,1300,% 이하,제57조제1항,2025.12.31,3122,2026-09-21
양양군,강원,도시지역-상업,근린상업지역,70,% 이하,제52조제1항,900,% 이하,제57조제1항,2025.12.31,3122,2026-09-21
양양군,강원,도시지역-상업,유통상업지역,80,% 이하,제52조제1항,1100,% 이하,제57조제1항,2025.12.31,3122,2026-09-21
양양군,강원,도시지역-공업,전용공업지역,70,% 이하,제52조제1항,300,% 이하,제57조제1항,2025.12.31,3122,2026-09-21
양양군,강원,도시지역-공업,일반공업지역,70,% 이하,제52조제1항,350,% 이하,제57조제1항,2025.12.31,3122,2026-09-21
양양군,강원,도시지역-공업,준공업지역,70,% 이하,제52조제1항,400,% 이하,제57조제1항,2025.12.31,3122,2026-09-21
양양군,강원,도시지역-녹지,보전녹지지역,20,% 이하,제52조제1항,80,% 이하,제57조제1항,2025.12.31,3122,2026-09-21
양양군,강원,도시지역-녹지,생산녹지지역,20,% 이하,제52조제1항,100,% 이하,제57조제1항,2025.12.31,3122,2026-09-21
양양군,강원,도시지역-녹지,자연녹지지역,20,% 이하,제52조제1항,100,% 이하,제57조제1항,2025.12.31,3122,2026-09-21
양양군,강원,관리지역,보전관리지역,20,% 이하,제52조제1항,80,% 이하,제57조제1항,2025.12.31,3122,2026-09-21
양양군,강원,관리지역,생산관리지역,20,% 이하,제52조제1항,80,% 이하,제57조제1항,2025.12.31,3122,2026-09-21
양양군,강원,관리지역,계획관리지역,40,% 이하,제52조제1항,100,% 이하,제57조제1항,2025.12.31,3122,2026-09-21
양양군,강원,농림지역,농림지역,20,% 이하,제52조제1항,80,% 이하,제57조제1항,2025.12.31,3122,2026-09-21
양양군,강원,자연환경보전지역,자연환경보전지역,20,% 이하,제52조제1항,80,% 이하,제57조제1항,2025.12.31,3122,2026-09-21
청주시,충북,도시지역-주거,제1종전용주거지역,40,% 이하,제61조제1항,80,% 이하,제67조제1항,2026.4.10,1785,2026-09-21
청주시,충북,도시지역-주거,제2종전용주거지역,50,% 이하,제61조제1항,120,% 이하,제67조제1항,2026.4.10,1785,2026-09-21
청주시,충북,도시지역-주거,제1종일반주거지역,60,% 이하,제61조제1항,200,% 이하,제67조제1항,2026.4.10,1785,2026-09-21
청주시,충북,도시지역-주거,제2종일반주거지역,60,% 이하,제61조제1항,250,% 이하,제67조제1항,2026.4.10,1785,2026-09-21
청주시,충북,도시지역-주거,제3종일반주거지역,50,% 이하,제61조제1항,300,% 이하,제67조제1항,2026.4.10,1785,2026-09-21
청주시,충북,도시지역-주거,준주거지역,70,% 이하,제61조제1항,500,% 이하,제67조제1항,2026.4.10,1785,2026-09-21
청주시,충북,도시지역-상업,중심상업지역,80,% 이하,제61조제1항,1000,% 이하,제67조제1항,2026.4.10,1785,2026-09-21
청주시,충북,도시지역-상업,일반상업지역,80,% 이하,제61조제1항,1000,% 이하,제67조제1항,2026.4.10,1785,2026-09-21
청주시,충북,도시지역-상업,근린상업지역,70,% 이하,제61조제1항,900,% 이하,제67조제1항,2026.4.10,1785,2026-09-21
청주시,충북,도시지역-상업,유통상업지역,70,% 이하,제61조제1항,600,% 이하,제67조제1항,2026.4.10,1785,2026-09-21
청주시,충북,도시지역-공업,전용공업지역,70,% 이하,제61조제1항,300,% 이하,제67조제1항,2026.4.10,1785,2026-09-21
청주시,충북,도시지역-공업,일반공업지역,70,% 이하,제61조제1항,350,% 이하,제67조제1항,2026.4.10,1785,2026-09-21
청주시,충북,도시지역-공업,준공업지역,60,% 이하,제61조제1항,350,% 이하,제67조제1항,2026.4.10,1785,2026-09-21
청주시,충북,도시지역-녹지,보전녹지지역,20,% 이하,제61조제1항,80,% 이하,제67조제1항,2026.4.10,1785,2026-09-21
청주시,충북,도시지역-녹지,생산녹지지역,20,% 이하,제61조제1항,80,% 이하,제67조제1항,2026.4.10,1785,2026-09-21
청주시,충북,도시지역-녹지,자연녹지지역,20,% 이하,제61조제1항,100,% 이하,제67조제1항,2026.4.10,1785,2026-09-21
청주시,충북,관리지역,보전관리지역,20,% 이하,제61조제1항,80,% 이하,제67조제1항,2026.4.10,1785,2026-09-21
청주시,충북,관리지역,생산관리지역,20,% 이하,제61조제1항,80,% 이하,제67조제1항,2026.4.10,1785,2026-09-21
청주시,충북,관리지역,계획관리지역,40,% 이하,제61조제1항,100,% 이하,제67조제1항,2026.4.10,1785,2026-09-21
청주시,충북,농림지역,농림지역,20,% 이하,제61조제1항,80,% 이하,제67조제1항,2026.4.10,1785,2026-09-21
청주시,충북,자연환경보전지역,자연환경보전지역,20,% 이하,제61조제1항,80,% 이하,제67조제1항,2026.4.10,1785,2026-09-21
충주시,충북,도시지역-주거,제1종전용주거지역,40,% 이하,제54조제1항,100,% 이하,제59조제1항,2026.4.30,2528,2026-09-21
충주시,충북,도시지역-주거,제2종전용주거지역,50,% 이하,제54조제1항,150,% 이하,제59조제1항,2026.4.30,2528,2026-09-21
충주시,충북,도시지역-주거,제1종일반주거지역,60,% 이하,제54조제1항,200,% 이하,제59조제1항,2026.4.30,2528,2026-09-21
충주시,충북,도시지역-주거,제2종일반주거지역,60,% 이하,제54조제1항,250,% 이하,제59조제1항,2026.4.30,2528,2026-09-21
충주시,충북,도시지역-주거,제3종일반주거지역,50,% 이하,제54조제1항,300,% 이하,제59조제1항,2026.4.30,2528,2026-09-21
충주시,충북,도시지역-주거,준주거지역,70,% 이하,제54조제1항,500,% 이하,제59조제1항,2026.4.30,2528,2026-09-21
충주시,충북,도시지역-상업,중심상업지역,90,% 이하,제54조제1항,900,% 이하,제59조제1항,2026.4.30,2528,2026-09-21
충주시,충북,도시지역-상업,일반상업지역,80,% 이하,제54조제1항,800,% 이하,제59조제1항,2026.4.30,2528,2026-09-21
충주시,충북,도시지역-상업,근린상업지역,70,% 이하,제54조제1항,600,% 이하,제59조제1항,2026.4.30,2528,2026-09-21
충주시,충북,도시지역-상업,유통상업지역,70,% 이하,제54조제1항,600,% 이하,제59조제1항,2026.4.30,2528,2026-09-21
충주시,충북,도시지역-공업,전용공업지역,70,% 이하,제54조제1항,250,% 이하,제59조제1항,2026.4.30,2528,2026-09-21
충주시,충북,도시지역-공업,일반공업지역,70,% 이하,제54조제1항,350,% 이하,제59조제1항,2026.4.30,2528,2026-09-21
충주시,충북,도시지역-공업,준공업지역,70,% 이하,제54조제1항,400,% 이하,제59조제1항,2026.4.30,2528,2026-09-21
충주시,충북,도시지역-녹지,보전녹지지역,20,% 이하,제54조제1항,50,% 이하,제59조제1항,2026.4.30,2528,2026-09-21
충주시,충북,도시지역-녹지,생산녹지지역,20,% 이하,제54조제1항,80,% 이하,제59조제1항,2026.4.30,2528,2026-09-21
충주시,충북,도시지역-녹지,자연녹지지역,20,% 이하,제54조제1항,80,% 이하,제59조제1항,2026.4.30,2528,2026-09-21
충주시,충북,관리지역,보전관리지역,20,% 이하,제54조제1항,80,% 이하,제59조제1항,2026.4.30,2528,2026-09-21
충주시,충북,관리지역,생산관리지역,20,% 이하,제54조제1항,80,% 이하,제59조제1항,2026.4.30,2528,2026-09-21
충주시,충북,관리지역,계획관리지역,40,% 이하,제54조제1항,100,% 이하,제59조제1항,2026.4.30,2528,2026-09-21
충주시,충북,농림지역,농림지역,20,% 이하,제54조제1항,80,% 이하,제59조제1항,2026.4.30,2528,2026-09-21
충주시,충북,자연환경보전지역,자연환경보전지역,20,% 이하,제54조제1항,50,% 이하,제59조제1항,2026.4.30,2528,2026-09-21
제천시,충북,도시지역-주거,제1종전용주거지역,50,% 이하,제50조제1항,80,% 이하,제59조제1항,2026.5.8,2194,2026-09-21
제천시,충북,도시지역-주거,제2종전용주거지역,50,% 이하,제50조제1항,150,% 이하,제59조제1항,2026.5.8,2194,2026-09-21
제천시,충북,도시지역-주거,제1종일반주거지역,60,% 이하,제50조제1항,200,% 이하,제59조제1항,2026.5.8,2194,2026-09-21
제천시,충북,도시지역-주거,제2종일반주거지역,60,% 이하,제50조제1항,250,% 이하,제59조제1항,2026.5.8,2194,2026-09-21
제천시,충북,도시지역-주거,제3종일반주거지역,50,% 이하,제50조제1항,300,% 이하,제59조제1항,2026.5.8,2194,2026-09-21
제천시,충북,도시지역-주거,준주거지역,70,% 이하,제50조제1항,500,% 이하,제59조제1항,2026.5.8,2194,2026-09-21
제천시,충북,도시지역-상업,중심상업지역,90,% 이하,제50조제1항,900,% 이하,제59조제1항,2026.5.8,2194,2026-09-21
제천시,충북,도시지역-상업,일반상업지역,80,% 이하,제50조제1항,800,% 이하,제59조제1항,2026.5.8,2194,2026-09-21
제천시,충북,도시지역-상업,근린상업지역,70,% 이하,제50조제1항,600,% 이하,제59조제1항,2026.5.8,2194,2026-09-21
제천시,충북,도시지역-상업,유통상업지역,70,% 이하,제50조제1항,600,% 이하,제59조제1항,2026.5.8,2194,2026-09-21
제천시,충북,도시지역-공업,전용공업지역,70,% 이하,제50조제1항,300,% 이하,제59조제1항,2026.5.8,2194,2026-09-21
제천시,충북,도시지역-공업,일반공업지역,70,% 이하,제50조제1항,350,% 이하,제59조제1항,2026.5.8,2194,2026-09-21
제천시,충북,도시지역-공업,준공업지역,70,% 이하,제50조제1항,400,% 이하,제59조제1항,2026.5.8,2194,2026-09-21
제천시,충북,도시지역-녹지,보전녹지지역,20,% 이하,제50조제1항,60,% 이하,제59조제1항,2026.5.8,2194,2026-09-21
제천시,충북,도시지역-녹지,생산녹지지역,20,% 이하,제50조제1항,80,% 이하,제59조제1항,2026.5.8,2194,2026-09-21
제천시,충북,도시지역-녹지,자연녹지지역,20,% 이하,제50조제1항,100,% 이하,제59조제1항,2026.5.8,2194,2026-09-21
제천시,충북,관리지역,보전관리지역,20,% 이하,제50조제1항,60,% 이하,제59조제1항,2026.5.8,2194,2026-09-21
제천시,충북,관리지역,생산관리지역,20,% 이하,제50조제1항,80,% 이하,제59조제1항,2026.5.8,2194,2026-09-21
제천시,충북,관리지역,계획관리지역,40,% 이하,제50조제1항,100,% 이하,제59조제1항,2026.5.8,2194,2026-09-21
제천시,충북,농림지역,농림지역,20,% 이하,제50조제1항,80,% 이하,제59조제1항,2026.5.8,2194,2026-09-21
제천시,충북,자연환경보전지역,자연환경보전지역,20,% 이하,제50조제1항,80,% 이하,제59조제1항,2026.5.8,2194,2026-09-21
보은군,충북,도시지역-주거,제1종전용주거지역,50,% 이하,제36조제1항,100,% 이하,제40조제1항,2025.11.7,3042,2026-09-21
보은군,충북,도시지역-주거,제2종전용주거지역,50,% 이하,제36조제1항,150,% 이하,제40조제1항,2025.11.7,3042,2026-09-21
보은군,충북,도시지역-주거,제1종일반주거지역,60,% 이하,제36조제1항,200,% 이하,제40조제1항,2025.11.7,3042,2026-09-21
보은군,충북,도시지역-주거,제2종일반주거지역,60,% 이하,제36조제1항,250,% 이하,제40조제1항,2025.11.7,3042,2026-09-21
보은군,충북,도시지역-주거,제3종일반주거지역,50,% 이하,제36조제1항,300,% 이하,제40조제1항,2025.11.7,3042,2026-09-21
보은군,충북,도시지역-주거,준주거지역,70,% 이하,제36조제1항,500,% 이하,제40조제1항,2025.11.7,3042,2026-09-21
보은군,충북,도시지역-상업,중심상업지역,90,% 이하,제36조제1항,1500,% 이하,제40조제1항,2025.11.7,3042,2026-09-21
보은군,충북,도시지역-상업,일반상업지역,80,% 이하,제36조제1항,1300,% 이하,제40조제1항,2025.11.7,3042,2026-09-21
보은군,충북,도시지역-상업,근린상업지역,70,% 이하,제36조제1항,900,% 이하,제40조제1항,2025.11.7,3042,2026-09-21
보은군,충북,도시지역-상업,유통상업지역,80,% 이하,제36조제1항,1100,% 이하,제40조제1항,2025.11.7,3042,2026-09-21
보은군,충북,도시지역-공업,전용공업지역,70,% 이하,제36조제1항,300,% 이하,제40조제1항,2025.11.7,3042,2026-09-21
보은군,충북,도시지역-공업,일반공업지역,70,% 이하,제36조제1항,350,% 이하,제40조제1항,2025.11.7,3042,2026-09-21
보은군,충북,도시지역-공업,준공업지역,70,% 이하,제36조제1항,400,% 이하,제40조제1항,2025.11.7,3042,2026-09-21
보은군,충북,도시지역-녹지,보전녹지지역,20,% 이하,제36조제1항,80,% 이하,제40조제1항,2025.11.7,3042,2026-09-21
보은군,충북,도시지역-녹지,생산녹지지역,20,% 이하,제36조제1항,100,% 이하,제40조제1항,2025.11.7,3042,2026-09-21
보은군,충북,도시지역-녹지,자연녹지지역,20,% 이하,제36조제1항,100,% 이하,제40조제1항,2025.11.7,3042,2026-09-21
보은군,충북,관리지역,보전관리지역,20,% 이하,제36조제1항,80,% 이하,제40조제1항,2025.11.7,3042,2026-09-21
보은군,충북,관리지역,생산관리지역,20,% 이하,제36조제1항,80,% 이하,제40조제1항,2025.11.7,3042,2026-09-21
보은군,충북,관리지역,계획관리지역,40,% 이하,제36조제1항,100,% 이하,제40조제1항,2025.11.7,3042,2026-09-21
보은군,충북,농림지역,농림지역,20,% 이하,제36조제1항,80,% 이하,제40조제1항,2025.11.7,3042,2026-09-21
보은군,충북,자연환경보전지역,자연환경보전지역,20,% 이하,제36조제1항,80,% 이하,제40조제1항,2025.11.7,3042,2026-09-21
옥천군,충북,도시지역-주거,제1종전용주거지역,50,% 이하,제35조제1항,100,% 이하,제46조제1항,2025.7.10,3377,2026-09-21
옥천군,충북,도시지역-주거,제2종전용주거지역,50,% 이하,제35조제1항,150,% 이하,제46조제1항,2025.7.10,3377,2026-09-21
옥천군,충북,도시지역-주거,제1종일반주거지역,60,% 이하,제35조제1항,,,제46조제1항,2025.7.10,3377,2026-09-21
옥천군,충북,도시지역-주거,제2종일반주거지역,60,% 이하,제35조제1항,250,% 이하,제46조제1항,2025.7.10,3377,2026-09-21
옥천군,충북,도시지역-주거,제3종일반주거지역,50,% 이하,제35조제1항,300,% 이하,제46조제1항,2025.7.10,3377,2026-09-21
옥천군,충북,도시지역-주거,준주거지역,70,% 이하,제35조제1항,500,% 이하,제46조제1항,2025.7.10,3377,2026-09-21
옥천군,충북,도시지역-상업,중심상업지역,90,% 이하,제35조제1항,1500,% 이하,제46조제1항,2025.7.10,3377,2026-09-21
옥천군,충북,도시지역-상업,일반상업지역,80,% 이하,제35조제1항,1300,% 이하,제46조제1항,2025.7.10,3377,2026-09-21
옥천군,충북,도시지역-상업,근린상업지역,70,% 이하,제35조제1항,900,% 이하,제46조제1항,2025.7.10,3377,2026-09-21
옥천군,충북,도시지역-상업,유통상업지역,80,% 이하,제35조제1항,1100,% 이하,제46조제1항,2025.7.10,3377,2026-09-21
옥천군,충북,도시지역-공업,전용공업지역,70,% 이하,제35조제1항,300,% 이하,제46조제1항,2025.7.10,3377,2026-09-21
옥천군,충북,도시지역-공업,일반공업지역,70,% 이하,제35조제1항,350,% 이하,제46조제1항,2025.7.10,3377,2026-09-21
옥천군,충북,도시지역-공업,준공업지역,70,% 이하,제35조제1항,400,% 이하,제46조제1항,2025.7.10,3377,2026-09-21
옥천군,충북,도시지역-녹지,보전녹지지역,20,% 이하,제35조제1항,80,% 이하,제46조제1항,2025.7.10,3377,2026-09-21
옥천군,충북,도시지역-녹지,생산녹지지역,20,% 이하,제35조제1항,100,% 이하,제46조제1항,2025.7.10,3377,2026-09-21
옥천군,충북,도시지역-녹지,자연녹지지역,20,% 이하,제35조제1항,100,% 이하,제46조제1항,2025.7.10,3377,2026-09-21
옥천군,충북,관리지역,보전관리지역,20,% 이하,제35조제1항,80,% 이하,제46조제1항,2025.7.10,3377,2026-09-21
옥천군,충북,관리지역,생산관리지역,20,% 이하,제35조제1항,80,% 이하,제46조제1항,2025.7.10,3377,2026-09-21
옥천군,충북,관리지역,계획관리지역,40,% 이하,제35조제1항,100,% 이하,제46조제1항,2025.7.10,3377,2026-09-21
옥천군,충북,농림지역,농림지역,20,% 이하,제35조제1항,80,% 이하,제46조제1항,2025.7.10,3377,2026-09-21
옥천군,충북,자연환경보전지역,자연환경보전지역,20,% 이하,제35조제1항,80,% 이하,제46조제1항,2025.7.10,3377,2026-09-21
영동군,충북,도시지역-주거,제1종전용주거지역,50,% 이하,제38조제1항,100,% 이하,제43조제1항,2024.12.31,3101,2026-09-21
영동군,충북,도시지역-주거,제2종전용주거지역,50,% 이하,제38조제1항,150,% 이하,제43조제1항,2024.12.31,3101,2026-09-21
영동군,충북,도시지역-주거,제1종일반주거지역,60,% 이하,제38조제1항,200,% 이하,제43조제1항,2024.12.31,3101,2026-09-21
영동군,충북,도시지역-주거,제2종일반주거지역,60,% 이하,제38조제1항,250,% 이하,제43조제1항,2024.12.31,3101,2026-09-21
영동군,충북,도시지역-주거,제3종일반주거지역,50,% 이하,제38조제1항,300,% 이하,제43조제1항,2024.12.31,3101,2026-09-21
영동군,충북,도시지역-주거,준주거지역,70,% 이하,제38조제1항,500,% 이하,제43조제1항,2024.12.31,3101,2026-09-21
영동군,충북,도시지역-상업,중심상업지역,90,% 이하,제38조제1항,1500,% 이하,제43조제1항,2024.12.31,3101,2026-09-21
영동군,충북,도시지역-상업,일반상업지역,80,% 이하,제38조제1항,1300,% 이하,제43조제1항,2024.12.31,3101,2026-09-21
영동군,충북,도시지역-상업,근린상업지역,70,% 이하,제38조제1항,900,% 이하,제43조제1항,2024.12.31,3101,2026-09-21
영동군,충북,도시지역-상업,유통상업지역,80,% 이하,제38조제1항,1100,% 이하,제43조제1항,2024.12.31,3101,2026-09-21
영동군,충북,도시지역-공업,전용공업지역,70,% 이하,제38조제1항,300,% 이하,제43조제1항,2024.12.31,3101,2026-09-21
영동군,충북,도시지역-공업,일반공업지역,70,% 이하,제38조제1항,350,% 이하,제43조제1항,2024.12.31,3101,2026-09-21
영동군,충북,도시지역-공업,준공업지역,70,% 이하,제38조제1항,400,% 이하,제43조제1항,2024.12.31,3101,2026-09-21
영동군,충북,도시지역-녹지,보전녹지지역,20,% 이하,제38조제1항,80,% 이하,제43조제1항,2024.12.31,3101,2026-09-21
영동군,충북,도시지역-녹지,생산녹지지역,20,% 이하,제38조제1항,100,% 이하,제43조제1항,2024.12.31,3101,2026-09-21
영동군,충북,도시지역-녹지,자연녹지지역,20,% 이하,제38조제1항,100,% 이하,제43조제1항,2024.12.31,3101,2026-09-21
영동군,충북,관리지역,보전관리지역,20,% 이하,제38조제1항,80,% 이하,제43조제1항,2024.12.31,3101,2026-09-21
영동군,충북,관리지역,생산관리지역,20,% 이하,제38조제1항,80,% 이하,제43조제1항,2024.12.31,3101,2026-09-21
영동군,충북,관리지역,계획관리지역,40,% 이하,제38조제1항,100,% 이하,제43조제1항,2024.12.31,3101,2026-09-21
영동군,충북,농림지역,농림지역,20,% 이하,제38조제1항,80,% 이하,제43조제1항,2024.12.31,3101,2026-09-21
영동군,충북,자연환경보전지역,자연환경보전지역,20,% 이하,제38조제1항,80,% 이하,제43조제1항,2024.12.31,3101,2026-09-21
증평군,충북,도시지역-주거,제1종전용주거지역,50,% 이하,제31조제1항,100,% 이하,제35조제1항,2026.5.8,1267,2026-09-21
증평군,충북,도시지역-주거,제2종전용주거지역,50,% 이하,제31조제1항,150,% 이하,제35조제1항,2026.5.8,1267,2026-09-21
증평군,충북,도시지역-주거,제1종일반주거지역,60,% 이하,제31조제1항,200,% 이하,제35조제1항,2026.5.8,1267,2026-09-21
증평군,충북,도시지역-주거,제2종일반주거지역,60,% 이하,제31조제1항,250,% 이하,제35조제1항,2026.5.8,1267,2026-09-21
증평군,충북,도시지역-주거,제3종일반주거지역,50,% 이하,제31조제1항,300,% 이하,제35조제1항,2026.5.8,1267,2026-09-21
증평군,충북,도시지역-주거,준주거지역,70,% 이하,제31조제1항,500,% 이하,제35조제1항,2026.5.8,1267,2026-09-21
증평군,충북,도시지역-상업,중심상업지역,90,% 이하,제31조제1항,1500,% 이하,제35조제1항,2026.5.8,1267,2026-09-21
증평군,충북,도시지역-상업,일반상업지역,80,% 이하,제31조제1항,1300,% 이하,제35조제1항,2026.5.8,1267,2026-09-21
증평군,충북,도시지역-상업,근린상업지역,70,% 이하,제31조제1항,900,% 이하,제35조제1항,2026.5.8,1267,2026-09-21
증평군,충북,도시지역-상업,유통상업지역,80,% 이하,제31조제1항,1100,% 이하,제35조제1항,2026.5.8,1267,2026-09-21
증평군,충북,도시지역-공업,전용공업지역,70,% 이하,제31조제1항,300,% 이하,제35조제1항,2026.5.8,1267,2026-09-21
증평군,충북,도시지역-공업,일반공업지역,70,% 이하,제31조제1항,350,% 이하,제35조제1항,2026.5.8,1267,2026-09-21
증평군,충북,도시지역-공업,준공업지역,70,% 이하,제31조제1항,400,% 이하,제35조제1항,2026.5.8,1267,2026-09-21
증평군,충북,도시지역-녹지,보전녹지지역,20,% 이하,제31조제1항,80,% 이하,제35조제1항,2026.5.8,1267,2026-09-21
증평군,충북,도시지역-녹지,생산녹지지역,20,% 이하,제31조제1항,100,% 이하,제35조제1항,2026.5.8,1267,2026-09-21
증평군,충북,도시지역-녹지,자연녹지지역,20,% 이하,제31조제1항,100,% 이하,제35조제1항,2026.5.8,1267,2026-09-21
증평군,충북,관리지역,보전관리지역,20,% 이하,제31조제1항,80,% 이하,제35조제1항,2026.5.8,1267,2026-09-21
증평군,충북,관리지역,생산관리지역,20,% 이하,제31조제1항,80,% 이하,제35조제1항,2026.5.8,1267,2026-09-21
증평군,충북,관리지역,계획관리지역,40,% 이하,제31조제1항,100,% 이하,제35조제1항,2026.5.8,1267,2026-09-21
증평군,충북,농림지역,농림지역,20,% 이하,제31조제1항,80,% 이하,제35조제1항,2026.5.8,1267,2026-09-21
증평군,충북,자연환경보전지역,자연환경보전지역,20,% 이하,제31조제1항,80,% 이하,제35조제1항,2026.5.8,1267,2026-09-21
진천군,충북,도시지역-주거,제1종전용주거지역,50,% 이하,제32조제1항,100,% 이하,제41조제1항,2026.2.9,3290,2026-09-21
진천군,충북,도시지역-주거,제2종전용주거지역,50,% 이하,제32조제1항,150,% 이하,제41조제1항,2026.2.9,3290,2026-09-21
진천군,충북,도시지역-주거,제1종일반주거지역,60,% 이하,제32조제1항,200,% 이하,제41조제1항,2026.2.9,3290,2026-09-21
진천군,충북,도시지역-주거,제2종일반주거지역,60,% 이하,제32조제1항,250,% 이하,제41조제1항,2026.2.9,3290,2026-09-21
진천군,충북,도시지역-주거,제3종일반주거지역,50,% 이하,제32조제1항,300,% 이하,제41조제1항,2026.2.9,3290,2026-09-21
진천군,충북,도시지역-주거,준주거지역,70,% 이하,제32조제1항,500,% 이하,제41조제1항,2026.2.9,3290,2026-09-21
진천군,충북,도시지역-상업,중심상업지역,90,% 이하,제32조제1항,1500,% 이하,제41조제1항,2026.2.9,3290,2026-09-21
진천군,충북,도시지역-상업,일반상업지역,80,% 이하,제32조제1항,1300,% 이하,제41조제1항,2026.2.9,3290,2026-09-21
진천군,충북,도시지역-상업,근린상업지역,70,% 이하,제32조제1항,900,% 이하,제41조제1항,2026.2.9,3290,2026-09-21
진천군,충북,도시지역-상업,유통상업지역,80,% 이하,제32조제1항,1100,% 이하,제41조제1항,2026.2.9,3290,2026-09-21
진천군,충북,도시지역-공업,전용공업지역,70,% 이하,제32조제1항,300,% 이하,제41조제1항,2026.2.9,3290,2026-09-21
진천군,충북,도시지역-공업,일반공업지역,70,% 이하,제32조제1항,350,% 이하,제41조제1항,2026.2.9,3290,2026-09-21
진천군,충북,도시지역-공업,준공업지역,70,% 이하,제32조제1항,400,% 이하,제41조제1항,2026.2.9,3290,2026-09-21
진천군,충북,도시지역-녹지,보전녹지지역,20,% 이하,제32조제1항,80,% 이하,제41조제1항,2026.2.9,3290,2026-09-21
진천군,충북,도시지역-녹지,생산녹지지역,20,% 이하,제32조제1항,100,% 이하,제41조제1항,2026.2.9,3290,2026-09-21
진천군,충북,도시지역-녹지,자연녹지지역,20,% 이하,제32조제1항,100,% 이하,제41조제1항,2026.2.9,3290,2026-09-21
진천군,충북,관리지역,보전관리지역,20,% 이하,제32조제1항,80,% 이하,제41조제1항,2026.2.9,3290,2026-09-21
진천군,충북,관리지역,생산관리지역,20,% 이하,제32조제1항,80,% 이하,제41조제1항,2026.2.9,3290,2026-09-21
진천군,충북,관리지역,계획관리지역,40,% 이하,제32조제1항,100,% 이하,제41조제1항,2026.2.9,3290,2026-09-21
진천군,충북,농림지역,농림지역,20,% 이하,제32조제1항,80,% 이하,제41조제1항,2026.2.9,3290,2026-09-21
진천군,충북,자연환경보전지역,자연환경보전지역,20,% 이하,제32조제1항,80,% 이하,제41조제1항,2026.2.9,3290,2026-09-21
괴산군,충북,도시지역-주거,제1종전용주거지역,50,% 이하,제40조제1항,100,% 이하,제46조제1항,2026.2.6,3051,2026-09-21
괴산군,충북,도시지역-주거,제2종전용주거지역,50,% 이하,제40조제1항,150,% 이하,제46조제1항,2026.2.6,3051,2026-09-21
괴산군,충북,도시지역-주거,제1종일반주거지역,60,% 이하,제40조제1항,200,% 이하,제46조제1항,2026.2.6,3051,2026-09-21
괴산군,충북,도시지역-주거,제2종일반주거지역,60,% 이하,제40조제1항,250,% 이하,제46조제1항,2026.2.6,3051,2026-09-21
괴산군,충북,도시지역-주거,제3종일반주거지역,50,% 이하,제40조제1항,300,% 이하,제46조제1항,2026.2.6,3051,2026-09-21
괴산군,충북,도시지역-주거,준주거지역,70,% 이하,제40조제1항,500,% 이하,제46조제1항,2026.2.6,3051,2026-09-21
괴산군,충북,도시지역-상업,중심상업지역,90,% 이하,제40조제1항,1500,% 이하,제46조제1항,2026.2.6,3051,2026-09-21
괴산군,충북,도시지역-상업,일반상업지역,80,% 이하,제40조제1항,1300,% 이하,제46조제1항,2026.2.6,3051,2026-09-21
괴산군,충북,도시지역-상업,근린상업지역,70,% 이하,제40조제1항,900,% 이하,제46조제1항,2026.2.6,3051,2026-09-21
괴산군,충북,도시지역-상업,유통상업지역,80,% 이하,제40조제1항,1100,% 이하,제46조제1항,2026.2.6,3051,2026-09-21
괴산군,충북,도시지역-공업,전용공업지역,70,% 이하,제40조제1항,300,% 이하,제46조제1항,2026.2.6,3051,2026-09-21
괴산군,충북,도시지역-공업,일반공업지역,70,% 이하,제40조제1항,350,% 이하,제46조제1항,2026.2.6,3051,2026-09-21
괴산군,충북,도시지역-공업,준공업지역,70,% 이하,제40조제1항,400,% 이하,제46조제1항,2026.2.6,3051,2026-09-21
괴산군,충북,도시지역-녹지,보전녹지지역,20,% 이하,제40조제1항,80,% 이하,제46조제1항,2026.2.6,3051,2026-09-21
괴산군,충북,도시지역-녹지,생산녹지지역,20,% 이하,제40조제1항,100,% 이하,제46조제1항,2026.2.6,3051,2026-09-21
괴산군,충북,도시지역-녹지,자연녹지지역,20,% 이하,제40조제1항,100,% 이하,제46조제1항,2026.2.6,3051,2026-09-21
괴산군,충북,관리지역,보전관리지역,20,% 이하,제40조제1항,80,% 이하,제46조제1항,2026.2.6,3051,2026-09-21
괴산군,충북,관리지역,생산관리지역,20,% 이하,제40조제1항,80,% 이하,제46조제1항,2026.2.6,3051,2026-09-21
괴산군,충북,관리지역,계획관리지역,40,% 이하,제40조제1항,100,% 이하,제46조제1항,2026.2.6,3051,2026-09-21
괴산군,충북,농림지역,농림지역,20,% 이하,제40조제1항,80,% 이하,제46조제1항,2026.2.6,3051,2026-09-21
괴산군,충북,자연환경보전지역,자연환경보전지역,20,% 이하,제40조제1항,80,% 이하,제46조제1항,2026.2.6,3051,2026-09-21
음성군,충북,도시지역-주거,제1종전용주거지역,50,% 이하,제49조제1항,100,% 이하,제58조제1항,2026.6.30,3169,2026-09-21
음성군,충북,도시지역-주거,제2종전용주거지역,50,% 이하,제49조제1항,150,% 이하,제58조제1항,2026.6.30,3169,2026-09-21
음성군,충북,도시지역-주거,제1종일반주거지역,60,% 이하,제49조제1항,200,% 이하,제58조제1항,2026.6.30,3169,2026-09-21
음성군,충북,도시지역-주거,제2종일반주거지역,60,% 이하,제49조제1항,250,% 이하,제58조제1항,2026.6.30,3169,2026-09-21
음성군,충북,도시지역-주거,제3종일반주거지역,50,% 이하,제49조제1항,300,% 이하,제58조제1항,2026.6.30,3169,2026-09-21
음성군,충북,도시지역-주거,준주거지역,70,% 이하,제49조제1항,500,% 이하,제58조제1항,2026.6.30,3169,2026-09-21
음성군,충북,도시지역-상업,중심상업지역,90,% 이하,제49조제1항,1500,% 이하,제58조제1항,2026.6.30,3169,2026-09-21
음성군,충북,도시지역-상업,일반상업지역,80,% 이하,제49조제1항,1300,% 이하,제58조제1항,2026.6.30,3169,2026-09-21
음성군,충북,도시지역-상업,근린상업지역,70,% 이하,제49조제1항,900,% 이하,제58조제1항,2026.6.30,3169,2026-09-21
음성군,충북,도시지역-상업,유통상업지역,80,% 이하,제49조제1항,1100,% 이하,제58조제1항,2026.6.30,3169,2026-09-21
음성군,충북,도시지역-공업,전용공업지역,70,% 이하,제49조제1항,300,% 이하,제58조제1항,2026.6.30,3169,2026-09-21
음성군,충북,도시지역-공업,일반공업지역,70,% 이하,제49조제1항,350,% 이하,제58조제1항,2026.6.30,3169,2026-09-21
음성군,충북,도시지역-공업,준공업지역,70,% 이하,제49조제1항,400,% 이하,제58조제1항,2026.6.30,3169,2026-09-21
음성군,충북,도시지역-녹지,보전녹지지역,20,% 이하,제49조제1항,80,% 이하,제58조제1항,2026.6.30,3169,2026-09-21
음성군,충북,도시지역-녹지,생산녹지지역,20,% 이하,제49조제1항,100,% 이하,제58조제1항,2026.6.30,3169,2026-09-21
음성군,충북,도시지역-녹지,자연녹지지역,20,% 이하,제49조제1항,100,% 이하,제58조제1항,2026.6.30,3169,2026-09-21
음성군,충북,관리지역,보전관리지역,20,% 이하,제49조제1항,80,% 이하,제58조제1항,2026.6.30,3169,2026-09-21
음성군,충북,관리지역,생산관리지역,20,% 이하,제49조제1항,80,% 이하,제58조제1항,2026.6.30,3169,2026-09-21
음성군,충북,관리지역,계획관리지역,40,% 이하,제49조제1항,100,% 이하,제58조제1항,2026.6.30,3169,2026-09-21
음성군,충북,농림지역,농림지역,20,% 이하,제49조제1항,80,% 이하,제58조제1항,2026.6.30,3169,2026-09-21
음성군,충북,자연환경보전지역,자연환경보전지역,20,% 이하,제49조제1항,80,% 이하,제58조제1항,2026.6.30,3169,2026-09-21
단양군,충북,도시지역-주거,제1종전용주거지역,50,% 이하,제53조제1항,100,% 이하,제62조제1항,2025.12.31,2944,2026-09-21
단양군,충북,도시지역-주거,제2종전용주거지역,50,% 이하,제53조제1항,150,% 이하,제62조제1항,2025.12.31,2944,2026-09-21
단양군,충북,도시지역-주거,제1종일반주거지역,60,% 이하,제53조제1항,200,% 이하,제62조제1항,2025.12.31,2944,2026-09-21
단양군,충북,도시지역-주거,제2종일반주거지역,60,% 이하,제53조제1항,250,% 이하,제62조제1항,2025.12.31,2944,2026-09-21
단양군,충북,도시지역-주거,제3종일반주거지역,50,% 이하,제53조제1항,300,% 이하,제62조제1항,2025.12.31,2944,2026-09-21
단양군,충북,도시지역-주거,준주거지역,70,% 이하,제53조제1항,500,% 이하,제62조제1항,2025.12.31,2944,2026-09-21
단양군,충북,도시지역-상업,중심상업지역,90,% 이하,제53조제1항,1500,% 이하,제62조제1항,2025.12.31,2944,2026-09-21
단양군,충북,도시지역-상업,일반상업지역,80,% 이하,제53조제1항,1300,% 이하,제62조제1항,2025.12.31,2944,2026-09-21
단양군,충북,도시지역-상업,근린상업지역,70,% 이하,제53조제1항,900,% 이하,제62조제1항,2025.12.31,2944,2026-09-21
단양군,충북,도시지역-상업,유통상업지역,80,% 이하,제53조제1항,1100,% 이하,제62조제1항,2025.12.31,2944,2026-09-21
단양군,충북,도시지역-공업,전용공업지역,70,% 이하,제53조제1항,300,% 이하,제62조제1항,2025.12.31,2944,2026-09-21
단양군,충북,도시지역-공업,일반공업지역,70,% 이하,제53조제1항,350,% 이하,제62조제1항,2025.12.31,2944,2026-09-21
단양군,충북,도시지역-공업,준공업지역,70,% 이하,제53조제1항,400,% 이하,제62조제1항,2025.12.31,2944,2026-09-21
단양군,충북,도시지역-녹지,보전녹지지역,20,% 이하,제53조제1항,80,% 이하,제62조제1항,2025.12.31,2944,2026-09-21
단양군,충북,도시지역-녹지,생산녹지지역,20,% 이하,제53조제1항,100,% 이하,제62조제1항,2025.12.31,2944,2026-09-21
단양군,충북,도시지역-녹지,자연녹지지역,20,% 이하,제53조제1항,100,% 이하,제62조제1항,2025.12.31,2944,2026-09-21
단양군,충북,관리지역,보전관리지역,20,% 이하,제53조제1항,80,% 이하,제62조제1항,2025.12.31,2944,2026-09-21
단양군,충북,관리지역,생산관리지역,20,% 이하,제53조제1항,80,% 이하,제62조제1항,2025.12.31,2944,2026-09-21
단양군,충북,관리지역,계획관리지역,40,% 이하,제53조제1항,100,% 이하,제62조제1항,2025.12.31,2944,2026-09-21
단양군,충북,농림지역,농림지역,20,% 이하,제53조제1항,80,% 이하,제62조제1항,2025.12.31,2944,2026-09-21
단양군,충북,자연환경보전지역,자연환경보전지역,20,% 이하,제53조제1항,80,% 이하,제62조제1항,2025.12.31,2944,2026-09-21
천안시,충남,도시지역-주거,제1종전용주거지역,50,% 이하,제56조제1항,100,% 이하,제61조제1항,2024.5.17,2613,2026-09-21
천안시,충남,도시지역-주거,제2종전용주거지역,50,% 이하,제56조제1항,150,% 이하,제61조제1항,2024.5.17,2613,2026-09-21
천안시,충남,도시지역-주거,제1종일반주거지역,60,% 이하,제56조제1항,200,% 이하,제61조제1항,2024.5.17,2613,2026-09-21
천안시,충남,도시지역-주거,제2종일반주거지역,60,% 이하,제56조제1항,250,% 이하,제61조제1항,2024.5.17,2613,2026-09-21
천안시,충남,도시지역-주거,제3종일반주거지역,50,% 이하,제56조제1항,300,% 이하,제61조제1항,2024.5.17,2613,2026-09-21
천안시,충남,도시지역-주거,준주거지역,70,% 이하,제56조제1항,500,% 이하,제61조제1항,2024.5.17,2613,2026-09-21
천안시,충남,도시지역-상업,중심상업지역,90,% 이하,제56조제1항,1200,% 이하,제61조제1항,2024.5.17,2613,2026-09-21
천안시,충남,도시지역-상업,일반상업지역,80,% 이하,제56조제1항,1100,% 이하,제61조제1항,2024.5.17,2613,2026-09-21
천안시,충남,도시지역-상업,근린상업지역,70,% 이하,제56조제1항,700,% 이하,제61조제1항,2024.5.17,2613,2026-09-21
천안시,충남,도시지역-상업,유통상업지역,80,% 이하,제56조제1항,700,% 이하,제61조제1항,2024.5.17,2613,2026-09-21
천안시,충남,도시지역-공업,전용공업지역,70,% 이하,제56조제1항,300,% 이하,제61조제1항,2024.5.17,2613,2026-09-21
천안시,충남,도시지역-공업,일반공업지역,70,% 이하,제56조제1항,350,% 이하,제61조제1항,2024.5.17,2613,2026-09-21
천안시,충남,도시지역-공업,준공업지역,70,% 이하,제56조제1항,350,% 이하,제61조제1항,2024.5.17,2613,2026-09-21
천안시,충남,도시지역-녹지,보전녹지지역,20,% 이하,제56조제1항,60,% 이하,제61조제1항,2024.5.17,2613,2026-09-21
천안시,충남,도시지역-녹지,생산녹지지역,20,% 이하,제56조제1항,80,% 이하,제61조제1항,2024.5.17,2613,2026-09-21
천안시,충남,도시지역-녹지,자연녹지지역,20,% 이하,제56조제1항,80,% 이하,제61조제1항,2024.5.17,2613,2026-09-21
천안시,충남,관리지역,보전관리지역,20,% 이하,제56조제1항,80,% 이하,제61조제1항,2024.5.17,2613,2026-09-21
천안시,충남,관리지역,생산관리지역,20,% 이하,제56조제1항,80,% 이하,제61조제1항,2024.5.17,2613,2026-09-21
천안시,충남,관리지역,계획관리지역,40,% 이하,제56조제1항,100,% 이하,제61조제1항,2024.5.17,2613,2026-09-21
천안시,충남,농림지역,농림지역,20,% 이하,제56조제1항,80,% 이하,제61조제1항,2024.5.17,2613,2026-09-21
천안시,충남,자연환경보전지역,자연환경보전지역,20,% 이하,제56조제1항,60,% 이하,제61조제1항,2024.5.17,2613,2026-09-21
공주시,충남,도시지역-주거,제1종전용주거지역,50,% 이하,제42조제1항,100,% 이하,제46조제1항,2025.12.15,1929,2026-09-21
공주시,충남,도시지역-주거,제2종전용주거지역,50,% 이하,제42조제1항,150,% 이하,제46조제1항,2025.12.15,1929,2026-09-21
공주시,충남,도시지역-주거,제1종일반주거지역,60,% 이하,제42조제1항,150,% 이하,제46조제1항,2025.12.15,1929,2026-09-21
공주시,충남,도시지역-주거,제2종일반주거지역,60,% 이하,제42조제1항,220,% 이하,제46조제1항,2025.12.15,1929,2026-09-21
공주시,충남,도시지역-주거,제3종일반주거지역,50,% 이하,제42조제1항,250,% 이하,제46조제1항,2025.12.15,1929,2026-09-21
공주시,충남,도시지역-주거,준주거지역,70,% 이하,제42조제1항,400,% 이하,제46조제1항,2025.12.15,1929,2026-09-21
공주시,충남,도시지역-상업,중심상업지역,90,% 이하,제42조제1항,900,% 이하,제46조제1항,2025.12.15,1929,2026-09-21
공주시,충남,도시지역-상업,일반상업지역,80,% 이하,제42조제1항,800,% 이하,제46조제1항,2025.12.15,1929,2026-09-21
공주시,충남,도시지역-상업,근린상업지역,70,% 이하,제42조제1항,500,% 이하,제46조제1항,2025.12.15,1929,2026-09-21
공주시,충남,도시지역-상업,유통상업지역,80,% 이하,제42조제1항,600,% 이하,제46조제1항,2025.12.15,1929,2026-09-21
공주시,충남,도시지역-공업,전용공업지역,70,% 이하,제42조제1항,200,% 이하,제46조제1항,2025.12.15,1929,2026-09-21
공주시,충남,도시지역-공업,일반공업지역,70,% 이하,제42조제1항,350,% 이하,제46조제1항,2025.12.15,1929,2026-09-21
공주시,충남,도시지역-공업,준공업지역,70,% 이하,제42조제1항,400,% 이하,제46조제1항,2025.12.15,1929,2026-09-21
공주시,충남,도시지역-녹지,보전녹지지역,20,% 이하,제42조제1항,50,% 이하,제46조제1항,2025.12.15,1929,2026-09-21
공주시,충남,도시지역-녹지,생산녹지지역,20,% 이하,제42조제1항,80,% 이하,제46조제1항,2025.12.15,1929,2026-09-21
공주시,충남,도시지역-녹지,자연녹지지역,20,% 이하,제42조제1항,80,% 이하,제46조제1항,2025.12.15,1929,2026-09-21
공주시,충남,관리지역,보전관리지역,20,% 이하,제42조제1항,80,% 이하,제46조제1항,2025.12.15,1929,2026-09-21
공주시,충남,관리지역,생산관리지역,20,% 이하,제42조제1항,80,% 이하,제46조제1항,2025.12.15,1929,2026-09-21
공주시,충남,관리지역,계획관리지역,40,% 이하,제42조제1항,100,% 이하,제46조제1항,2025.12.15,1929,2026-09-21
공주시,충남,농림지역,농림지역,20,% 이하,제42조제1항,80,% 이하,제46조제1항,2025.12.15,1929,2026-09-21
공주시,충남,자연환경보전지역,자연환경보전지역,20,% 이하,제42조제1항,50,% 이하,제46조제1항,2025.12.15,1929,2026-09-21
보령시,충남,도시지역-주거,제1종전용주거지역,50,% 이하,제54조제1항,100,% 이하,제59조제1항,2025.11.10,2216,2026-09-21
보령시,충남,도시지역-주거,제2종전용주거지역,50,% 이하,제54조제1항,150,% 이하,제59조제1항,2025.11.10,2216,2026-09-21
보령시,충남,도시지역-주거,제1종일반주거지역,60,% 이하,제54조제1항,200,% 이하,제59조제1항,2025.11.10,2216,2026-09-21
보령시,충남,도시지역-주거,제2종일반주거지역,60,% 이하,제54조제1항,250,% 이하,제59조제1항,2025.11.10,2216,2026-09-21
보령시,충남,도시지역-주거,제3종일반주거지역,50,% 이하,제54조제1항,300,% 이하,제59조제1항,2025.11.10,2216,2026-09-21
보령시,충남,도시지역-주거,준주거지역,70,% 이하,제54조제1항,400,% 이하,제59조제1항,2025.11.10,2216,2026-09-21
보령시,충남,도시지역-상업,중심상업지역,90,% 이하,제54조제1항,1000,% 이하,제59조제1항,2025.11.10,2216,2026-09-21
보령시,충남,도시지역-상업,일반상업지역,80,% 이하,제54조제1항,800,% 이하,제59조제1항,2025.11.10,2216,2026-09-21
보령시,충남,도시지역-상업,근린상업지역,70,% 이하,제54조제1항,700,% 이하,제59조제1항,2025.11.10,2216,2026-09-21
보령시,충남,도시지역-상업,유통상업지역,80,% 이하,제54조제1항,800,% 이하,제59조제1항,2025.11.10,2216,2026-09-21
보령시,충남,도시지역-공업,전용공업지역,70,% 이하,제54조제1항,300,% 이하,제59조제1항,2025.11.10,2216,2026-09-21
보령시,충남,도시지역-공업,일반공업지역,70,% 이하,제54조제1항,350,% 이하,제59조제1항,2025.11.10,2216,2026-09-21
보령시,충남,도시지역-공업,준공업지역,70,% 이하,제54조제1항,400,% 이하,제59조제1항,2025.11.10,2216,2026-09-21
보령시,충남,도시지역-녹지,보전녹지지역,20,% 이하,제54조제1항,80,% 이하,제59조제1항,2025.11.10,2216,2026-09-21
보령시,충남,도시지역-녹지,생산녹지지역,20,% 이하,제54조제1항,100,% 이하,제59조제1항,2025.11.10,2216,2026-09-21
보령시,충남,도시지역-녹지,자연녹지지역,20,% 이하,제54조제1항,100,% 이하,제59조제1항,2025.11.10,2216,2026-09-21
보령시,충남,관리지역,보전관리지역,20,% 이하,제54조제1항,80,% 이하,제59조제1항,2025.11.10,2216,2026-09-21
보령시,충남,관리지역,생산관리지역,20,% 이하,제54조제1항,80,% 이하,제59조제1항,2025.11.10,2216,2026-09-21
보령시,충남,관리지역,계획관리지역,40,% 이하,제54조제1항,100,% 이하,제59조제1항,2025.11.10,2216,2026-09-21
보령시,충남,농림지역,농림지역,20,% 이하,제54조제1항,80,% 이하,제59조제1항,2025.11.10,2216,2026-09-21
보령시,충남,자연환경보전지역,자연환경보전지역,20,% 이하,제54조제1항,80,% 이하,제59조제1항,2025.11.10,2216,2026-09-21
아산시,충남,도시지역-주거,제1종전용주거지역,50,% 이하,제51조제1항,80,% 이하,제56조제1항,2026.8.18,2725,2026-09-21
아산시,충남,도시지역-주거,제2종전용주거지역,50,% 이하,제51조제1항,150,% 이하,제56조제1항,2026.8.18,2725,2026-09-21
아산시,충남,도시지역-주거,제1종일반주거지역,60,% 이하,제51조제1항,180,% 이하,제56조제1항,2026.8.18,2725,2026-09-21
아산시,충남,도시지역-주거,제2종일반주거지역,60,% 이하,제51조제1항,250,% 이하,제56조제1항,2026.8.18,2725,2026-09-21
아산시,충남,도시지역-주거,제3종일반주거지역,50,% 이하,제51조제1항,280,% 이하,제56조제1항,2026.8.18,2725,2026-09-21
아산시,충남,도시지역-주거,준주거지역,70,% 이하,제51조제1항,400,% 이하,제56조제1항,2026.8.18,2725,2026-09-21
아산시,충남,도시지역-상업,중심상업지역,90,% 이하,제51조제1항,1300,% 이하,제56조제1항,2026.8.18,2725,2026-09-21
아산시,충남,도시지역-상업,일반상업지역,80,% 이하,제51조제1항,1100,% 이하,제56조제1항,2026.8.18,2725,2026-09-21
아산시,충남,도시지역-상업,근린상업지역,70,% 이하,제51조제1항,700,% 이하,제56조제1항,2026.8.18,2725,2026-09-21
아산시,충남,도시지역-상업,유통상업지역,80,% 이하,제51조제1항,700,% 이하,제56조제1항,2026.8.18,2725,2026-09-21
아산시,충남,도시지역-공업,전용공업지역,70,% 이하,제51조제1항,300,% 이하,제56조제1항,2026.8.18,2725,2026-09-21
아산시,충남,도시지역-공업,일반공업지역,70,% 이하,제51조제1항,350,% 이하,제56조제1항,2026.8.18,2725,2026-09-21
아산시,충남,도시지역-공업,준공업지역,70,% 이하,제51조제1항,400,% 이하,제56조제1항,2026.8.18,2725,2026-09-21
아산시,충남,도시지역-녹지,보전녹지지역,20,% 이하,제51조제1항,,,제56조제1항,2026.8.18,2725,2026-09-21
아산시,충남,도시지역-녹지,생산녹지지역,20,% 이하,제51조제1항,80,% 이하,제56조제1항,2026.8.18,2725,2026-09-21
아산시,충남,도시지역-녹지,자연녹지지역,20,% 이하,제51조제1항,80,% 이하,제56조제1항,2026.8.18,2725,2026-09-21
아산시,충남,관리지역,보전관리지역,20,% 이하,제51조제1항,80,% 이하,제56조제1항,2026.8.18,2725,2026-09-21
아산시,충남,관리지역,생산관리지역,20,% 이하,제51조제1항,80,% 이하,제56조제1항,2026.8.18,2725,2026-09-21
아산시,충남,관리지역,계획관리지역,40,% 이하,제51조제1항,100,% 이하,제56조제1항,2026.8.18,2725,2026-09-21
아산시,충남,농림지역,농림지역,20,% 이하,제51조제1항,80,% 이하,제56조제1항,2026.8.18,2725,2026-09-21
아산시,충남,자연환경보전지역,자연환경보전지역,20,% 이하,제51조제1항,60,% 이하,제56조제1항,2026.8.18,2725,2026-09-21
서산시,충남,도시지역-주거,제1종전용주거지역,50,% 이하,제33조제1항,100,% 이하,제38조제1항,2025.12.10,2063,2026-09-21
서산시,충남,도시지역-주거,제2종전용주거지역,50,% 이하,제33조제1항,150,% 이하,제38조제1항,2025.12.10,2063,2026-09-21
서산시,충남,도시지역-주거,제1종일반주거지역,60,% 이하,제33조제1항,200,% 이하,제38조제1항,2025.12.10,2063,2026-09-21
서산시,충남,도시지역-주거,제2종일반주거지역,60,% 이하,제33조제1항,250,% 이하,제38조제1항,2025.12.10,2063,2026-09-21
서산시,충남,도시지역-주거,제3종일반주거지역,50,% 이하,제33조제1항,300,% 이하,제38조제1항,2025.12.10,2063,2026-09-21
서산시,충남,도시지역-주거,준주거지역,70,% 이하,제33조제1항,500,% 이하,제38조제1항,2025.12.10,2063,2026-09-21
서산시,충남,도시지역-상업,중심상업지역,90,% 이하,제33조제1항,1500,% 이하,제38조제1항,2025.12.10,2063,2026-09-21
서산시,충남,도시지역-상업,일반상업지역,80,% 이하,제33조제1항,1300,% 이하,제38조제1항,2025.12.10,2063,2026-09-21
서산시,충남,도시지역-상업,근린상업지역,70,% 이하,제33조제1항,900,% 이하,제38조제1항,2025.12.10,2063,2026-09-21
서산시,충남,도시지역-상업,유통상업지역,80,% 이하,제33조제1항,1100,% 이하,제38조제1항,2025.12.10,2063,2026-09-21
서산시,충남,도시지역-공업,전용공업지역,70,% 이하,제33조제1항,300,% 이하,제38조제1항,2025.12.10,2063,2026-09-21
서산시,충남,도시지역-공업,일반공업지역,70,% 이하,제33조제1항,350,% 이하,제38조제1항,2025.12.10,2063,2026-09-21
서산시,충남,도시지역-공업,준공업지역,70,% 이하,제33조제1항,400,% 이하,제38조제1항,2025.12.10,2063,2026-09-21
서산시,충남,도시지역-녹지,보전녹지지역,20,% 이하,제33조제1항,80,% 이하,제38조제1항,2025.12.10,2063,2026-09-21
서산시,충남,도시지역-녹지,생산녹지지역,20,% 이하,제33조제1항,100,% 이하,제38조제1항,2025.12.10,2063,2026-09-21
서산시,충남,도시지역-녹지,자연녹지지역,20,% 이하,제33조제1항,100,% 이하,제38조제1항,2025.12.10,2063,2026-09-21
서산시,충남,관리지역,보전관리지역,20,% 이하,제33조제1항,80,% 이하,제38조제1항,2025.12.10,2063,2026-09-21
서산시,충남,관리지역,생산관리지역,20,% 이하,제33조제1항,80,% 이하,제38조제1항,2025.12.10,2063,2026-09-21
서산시,충남,관리지역,계획관리지역,40,% 이하,제33조제1항,100,% 이하,제38조제1항,2025.12.10,2063,2026-09-21
서산시,충남,농림지역,농림지역,20,% 이하,제33조제1항,80,% 이하,제38조제1항,2025.12.10,2063,2026-09-21
서산시,충남,자연환경보전지역,자연환경보전지역,20,% 이하,제33조제1항,80,% 이하,제38조제1항,2025.12.10,2063,2026-09-21
논산시,충남,도시지역-주거,제1종전용주거지역,50,% 이하,제49조제1항,100,% 이하,제54조제1항,2025.12.22,2001,2026-09-21
논산시,충남,도시지역-주거,제2종전용주거지역,50,% 이하,제49조제1항,150,% 이하,제54조제1항,2025.12.22,2001,2026-09-21
논산시,충남,도시지역-주거,제1종일반주거지역,60,% 이하,제49조제1항,200,% 이하,제54조제1항,2025.12.22,2001,2026-09-21
논산시,충남,도시지역-주거,제2종일반주거지역,60,% 이하,제49조제1항,250,% 이하,제54조제1항,2025.12.22,2001,2026-09-21
논산시,충남,도시지역-주거,제3종일반주거지역,50,% 이하,제49조제1항,300,% 이하,제54조제1항,2025.12.22,2001,2026-09-21
논산시,충남,도시지역-주거,준주거지역,70,% 이하,제49조제1항,400,% 이하,제54조제1항,2025.12.22,2001,2026-09-21
논산시,충남,도시지역-상업,중심상업지역,90,% 이하,제49조제1항,1300,% 이하,제54조제1항,2025.12.22,2001,2026-09-21
논산시,충남,도시지역-상업,일반상업지역,80,% 이하,제49조제1항,1100,% 이하,제54조제1항,2025.12.22,2001,2026-09-21
논산시,충남,도시지역-상업,근린상업지역,70,% 이하,제49조제1항,700,% 이하,제54조제1항,2025.12.22,2001,2026-09-21
논산시,충남,도시지역-상업,유통상업지역,80,% 이하,제49조제1항,900,% 이하,제54조제1항,2025.12.22,2001,2026-09-21
논산시,충남,도시지역-공업,전용공업지역,70,% 이하,제49조제1항,300,% 이하,제54조제1항,2025.12.22,2001,2026-09-21
논산시,충남,도시지역-공업,일반공업지역,70,% 이하,제49조제1항,350,% 이하,제54조제1항,2025.12.22,2001,2026-09-21
논산시,충남,도시지역-공업,준공업지역,70,% 이하,제49조제1항,400,% 이하,제54조제1항,2025.12.22,2001,2026-09-21
논산시,충남,도시지역-녹지,보전녹지지역,20,% 이하,제49조제1항,80,% 이하,제54조제1항,2025.12.22,2001,2026-09-21
논산시,충남,도시지역-녹지,생산녹지지역,20,% 이하,제49조제1항,80,% 이하,제54조제1항,2025.12.22,2001,2026-09-21
논산시,충남,도시지역-녹지,자연녹지지역,20,% 이하,제49조제1항,100,% 이하,제54조제1항,2025.12.22,2001,2026-09-21
논산시,충남,관리지역,보전관리지역,20,% 이하,제49조제1항,80,% 이하,제54조제1항,2025.12.22,2001,2026-09-21
논산시,충남,관리지역,생산관리지역,20,% 이하,제49조제1항,80,% 이하,제54조제1항,2025.12.22,2001,2026-09-21
논산시,충남,관리지역,계획관리지역,40,% 이하,제49조제1항,100,% 이하,제54조제1항,2025.12.22,2001,2026-09-21
논산시,충남,농림지역,농림지역,20,% 이하,제49조제1항,80,% 이하,제54조제1항,2025.12.22,2001,2026-09-21
논산시,충남,자연환경보전지역,자연환경보전지역,20,% 이하,제49조제1항,80,% 이하,제54조제1항,2025.12.22,2001,2026-09-21
계룡시,충남,도시지역-주거,제1종전용주거지역,40,% 이하,제55조제1항,100,% 이하,제60조제1항,2025.11.20,1111,2026-09-21
계룡시,충남,도시지역-주거,제2종전용주거지역,40,% 이하,제55조제1항,150,% 이하,제60조제1항,2025.11.20,1111,2026-09-21
계룡시,충남,도시지역-주거,제1종일반주거지역,60,% 이하,제55조제1항,200,% 이하,제60조제1항,2025.11.20,1111,2026-09-21
계룡시,충남,도시지역-주거,제2종일반주거지역,60,% 이하,제55조제1항,250,% 이하,제60조제1항,2025.11.20,1111,2026-09-21
계룡시,충남,도시지역-주거,제3종일반주거지역,50,% 이하,제55조제1항,300,% 이하,제60조제1항,2025.11.20,1111,2026-09-21
계룡시,충남,도시지역-주거,준주거지역,60,% 이하,제55조제1항,400,% 이하,제60조제1항,2025.11.20,1111,2026-09-21
계룡시,충남,도시지역-상업,중심상업지역,70,% 이하,제55조제1항,1300,% 이하,제60조제1항,2025.11.20,1111,2026-09-21
계룡시,충남,도시지역-상업,일반상업지역,60,% 이하,제55조제1항,1100,% 이하,제60조제1항,2025.11.20,1111,2026-09-21
계룡시,충남,도시지역-상업,근린상업지역,60,% 이하,제55조제1항,700,% 이하,제60조제1항,2025.11.20,1111,2026-09-21
계룡시,충남,도시지역-상업,유통상업지역,60,% 이하,제55조제1항,900,% 이하,제60조제1항,2025.11.20,1111,2026-09-21
계룡시,충남,도시지역-공업,전용공업지역,70,% 이하,제55조제1항,300,% 이하,제60조제1항,2025.11.20,1111,2026-09-21
계룡시,충남,도시지역-공업,일반공업지역,70,% 이하,제55조제1항,350,% 이하,제60조제1항,2025.11.20,1111,2026-09-21
계룡시,충남,도시지역-공업,준공업지역,70,% 이하,제55조제1항,400,% 이하,제60조제1항,2025.11.20,1111,2026-09-21
계룡시,충남,도시지역-녹지,보전녹지지역,20,% 이하,제55조제1항,80,% 이하,제60조제1항,2025.11.20,1111,2026-09-21
계룡시,충남,도시지역-녹지,생산녹지지역,20,% 이하,제55조제1항,80,% 이하,제60조제1항,2025.11.20,1111,2026-09-21
계룡시,충남,도시지역-녹지,자연녹지지역,20,% 이하,제55조제1항,80,% 이하,제60조제1항,2025.11.20,1111,2026-09-21
계룡시,충남,자연환경보전지역,자연환경보전지역,20,% 이하,제55조제1항,80,% 이하,제60조제1항,2025.11.20,1111,2026-09-21
당진시,충남,도시지역-주거,제1종전용주거지역,50,% 이하,제29조제1항,100,% 이하,제39조제1항,2025.12.15,1446,2026-09-21
당진시,충남,도시지역-주거,제2종전용주거지역,50,% 이하,제29조제1항,150,% 이하,제39조제1항,2025.12.15,1446,2026-09-21
당진시,충남,도시지역-주거,제1종일반주거지역,60,% 이하,제29조제1항,200,% 이하,제39조제1항,2025.12.15,1446,2026-09-21
당진시,충남,도시지역-주거,제2종일반주거지역,60,% 이하,제29조제1항,250,% 이하,제39조제1항,2025.12.15,1446,2026-09-21
당진시,충남,도시지역-주거,제3종일반주거지역,50,% 이하,제29조제1항,300,% 이하,제39조제1항,2025.12.15,1446,2026-09-21
당진시,충남,도시지역-주거,준주거지역,70,% 이하,제29조제1항,500,% 이하,제39조제1항,2025.12.15,1446,2026-09-21
당진시,충남,도시지역-상업,중심상업지역,90,% 이하,제29조제1항,1500,% 이하,제39조제1항,2025.12.15,1446,2026-09-21
당진시,충남,도시지역-상업,일반상업지역,80,% 이하,제29조제1항,1300,% 이하,제39조제1항,2025.12.15,1446,2026-09-21
당진시,충남,도시지역-상업,근린상업지역,70,% 이하,제29조제1항,900,% 이하,제39조제1항,2025.12.15,1446,2026-09-21
당진시,충남,도시지역-상업,유통상업지역,80,% 이하,제29조제1항,1100,% 이하,제39조제1항,2025.12.15,1446,2026-09-21
당진시,충남,도시지역-공업,전용공업지역,70,% 이하,제29조제1항,300,% 이하,제39조제1항,2025.12.15,1446,2026-09-21
당진시,충남,도시지역-공업,일반공업지역,70,% 이하,제29조제1항,350,% 이하,제39조제1항,2025.12.15,1446,2026-09-21
당진시,충남,도시지역-공업,준공업지역,70,% 이하,제29조제1항,400,% 이하,제39조제1항,2025.12.15,1446,2026-09-21
당진시,충남,도시지역-녹지,보전녹지지역,20,% 이하,제29조제1항,80,% 이하,제39조제1항,2025.12.15,1446,2026-09-21
당진시,충남,도시지역-녹지,생산녹지지역,20,% 이하,제29조제1항,100,% 이하,제39조제1항,2025.12.15,1446,2026-09-21
당진시,충남,도시지역-녹지,자연녹지지역,20,% 이하,제29조제1항,100,% 이하,제39조제1항,2025.12.15,1446,2026-09-21
당진시,충남,관리지역,보전관리지역,20,% 이하,제29조제1항,80,% 이하,제39조제1항,2025.12.15,1446,2026-09-21
당진시,충남,관리지역,생산관리지역,20,% 이하,제29조제1항,80,% 이하,제39조제1항,2025.12.15,1446,2026-09-21
당진시,충남,관리지역,계획관리지역,40,% 이하,제29조제1항,100,% 이하,제39조제1항,2025.12.15,1446,2026-09-21
당진시,충남,농림지역,농림지역,20,% 이하,제29조제1항,80,% 이하,제39조제1항,2025.12.15,1446,2026-09-21
당진시,충남,자연환경보전지역,자연환경보전지역,20,% 이하,제29조제1항,60,% 이하,제39조제1항,2025.12.15,1446,2026-09-21
금산군,충남,도시지역-주거,제1종전용주거지역,50,% 이하,제29조제1항,100,% 이하,제40조제1항,2025.11.10,2616,2026-09-21
금산군,충남,도시지역-주거,제2종전용주거지역,50,% 이하,제29조제1항,150,% 이하,제40조제1항,2025.11.10,2616,2026-09-21
금산군,충남,도시지역-주거,제1종일반주거지역,60,% 이하,제29조제1항,200,% 이하,제40조제1항,2025.11.10,2616,2026-09-21
금산군,충남,도시지역-주거,제2종일반주거지역,60,% 이하,제29조제1항,250,% 이하,제40조제1항,2025.11.10,2616,2026-09-21
금산군,충남,도시지역-주거,제3종일반주거지역,50,% 이하,제29조제1항,300,% 이하,제40조제1항,2025.11.10,2616,2026-09-21
금산군,충남,도시지역-주거,준주거지역,70,% 이하,제29조제1항,500,% 이하,제40조제1항,2025.11.10,2616,2026-09-21
금산군,충남,도시지역-상업,중심상업지역,90,% 이하,제29조제1항,,,제40조제1항,2025.11.10,2616,2026-09-21
금산군,충남,도시지역-상업,일반상업지역,80,% 이하,제29조제1항,,,제40조제1항,2025.11.10,2616,2026-09-21
금산군,충남,도시지역-상업,근린상업지역,70,% 이하,제29조제1항,900,% 이하,제40조제1항,2025.11.10,2616,2026-09-21
금산군,충남,도시지역-상업,유통상업지역,80,% 이하,제29조제1항,,,제40조제1항,2025.11.10,2616,2026-09-21
금산군,충남,도시지역-공업,전용공업지역,70,% 이하,제29조제1항,300,% 이하,제40조제1항,2025.11.10,2616,2026-09-21
금산군,충남,도시지역-공업,일반공업지역,70,% 이하,제29조제1항,350,% 이하,제40조제1항,2025.11.10,2616,2026-09-21
금산군,충남,도시지역-공업,준공업지역,70,% 이하,제29조제1항,400,% 이하,제40조제1항,2025.11.10,2616,2026-09-21
금산군,충남,도시지역-녹지,보전녹지지역,20,% 이하,제29조제1항,80,% 이하,제40조제1항,2025.11.10,2616,2026-09-21
금산군,충남,도시지역-녹지,생산녹지지역,20,% 이하,제29조제1항,100,% 이하,제40조제1항,2025.11.10,2616,2026-09-21
금산군,충남,도시지역-녹지,자연녹지지역,20,% 이하,제29조제1항,100,% 이하,제40조제1항,2025.11.10,2616,2026-09-21
금산군,충남,관리지역,보전관리지역,20,% 이하,제29조제1항,80,% 이하,제40조제1항,2025.11.10,2616,2026-09-21
금산군,충남,관리지역,생산관리지역,20,% 이하,제29조제1항,80,% 이하,제40조제1항,2025.11.10,2616,2026-09-21
금산군,충남,관리지역,계획관리지역,40,% 이하,제29조제1항,100,% 이하,제40조제1항,2025.11.10,2616,2026-09-21
금산군,충남,농림지역,농림지역,20,% 이하,제29조제1항,80,% 이하,제40조제1항,2025.11.10,2616,2026-09-21
금산군,충남,자연환경보전지역,자연환경보전지역,20,% 이하,제29조제1항,80,% 이하,제40조제1항,2025.11.10,2616,2026-09-21
부여군,충남,도시지역-주거,제1종전용주거지역,50,% 이하,제49조제1항,100,% 이하,제55조제1항,2026.8.25,3146,2026-09-21
부여군,충남,도시지역-주거,제2종전용주거지역,50,% 이하,제49조제1항,150,% 이하,제55조제1항,2026.8.25,3146,2026-09-21
부여군,충남,도시지역-주거,제1종일반주거지역,60,% 이하,제49조제1항,200,% 이하,제55조제1항,2026.8.25,3146,2026-09-21
부여군,충남,도시지역-주거,제2종일반주거지역,60,% 이하,제49조제1항,250,% 이하,제55조제1항,2026.8.25,3146,2026-09-21
부여군,충남,도시지역-주거,제3종일반주거지역,50,% 이하,제49조제1항,300,% 이하,제55조제1항,2026.8.25,3146,2026-09-21
부여군,충남,도시지역-주거,준주거지역,70,% 이하,제49조제1항,500,% 이하,제55조제1항,2026.8.25,3146,2026-09-21
부여군,충남,도시지역-상업,중심상업지역,90,% 이하,제49조제1항,1500,% 이하,제55조제1항,2026.8.25,3146,2026-09-21
부여군,충남,도시지역-상업,일반상업지역,80,% 이하,제49조제1항,1300,% 이하,제55조제1항,2026.8.25,3146,2026-09-21
부여군,충남,도시지역-상업,근린상업지역,70,% 이하,제49조제1항,900,% 이하,제55조제1항,2026.8.25,3146,2026-09-21
부여군,충남,도시지역-상업,유통상업지역,80,% 이하,제49조제1항,1100,% 이하,제55조제1항,2026.8.25,3146,2026-09-21
부여군,충남,도시지역-공업,전용공업지역,70,% 이하,제49조제1항,300,% 이하,제55조제1항,2026.8.25,3146,2026-09-21
부여군,충남,도시지역-공업,일반공업지역,70,% 이하,제49조제1항,350,% 이하,제55조제1항,2026.8.25,3146,2026-09-21
부여군,충남,도시지역-공업,준공업지역,70,% 이하,제49조제1항,400,% 이하,제55조제1항,2026.8.25,3146,2026-09-21
부여군,충남,도시지역-녹지,보전녹지지역,20,% 이하,제49조제1항,80,% 이하,제55조제1항,2026.8.25,3146,2026-09-21
부여군,충남,도시지역-녹지,생산녹지지역,20,% 이하,제49조제1항,100,% 이하,제55조제1항,2026.8.25,3146,2026-09-21
부여군,충남,도시지역-녹지,자연녹지지역,20,% 이하,제49조제1항,100,% 이하,제55조제1항,2026.8.25,3146,2026-09-21
부여군,충남,관리지역,보전관리지역,20,% 이하,제49조제1항,80,% 이하,제55조제1항,2026.8.25,3146,2026-09-21
부여군,충남,관리지역,생산관리지역,20,% 이하,제49조제1항,80,% 이하,제55조제1항,2026.8.25,3146,2026-09-21
부여군,충남,관리지역,계획관리지역,40,% 이하,제49조제1항,100,% 이하,제55조제1항,2026.8.25,3146,2026-09-21
부여군,충남,농림지역,농림지역,20,% 이하,제49조제1항,80,% 이하,제55조제1항,2026.8.25,3146,2026-09-21
부여군,충남,자연환경보전지역,자연환경보전지역,20,% 이하,제49조제1항,80,% 이하,제55조제1항,2026.8.25,3146,2026-09-21
서천군,충남,도시지역-주거,제1종전용주거지역,50,% 이하,제37조제1항,80,% 이하,제42조제1항,2025.11.28,3045,2026-09-21
서천군,충남,도시지역-주거,제2종전용주거지역,50,% 이하,제37조제1항,120,% 이하,제42조제1항,2025.11.28,3045,2026-09-21
서천군,충남,도시지역-주거,제1종일반주거지역,60,% 이하,제37조제1항,150,% 이하,제42조제1항,2025.11.28,3045,2026-09-21
서천군,충남,도시지역-주거,제2종일반주거지역,60,% 이하,제37조제1항,250,% 이하,제42조제1항,2025.11.28,3045,2026-09-21
서천군,충남,도시지역-주거,제3종일반주거지역,50,% 이하,제37조제1항,300,% 이하,제42조제1항,2025.11.28,3045,2026-09-21
서천군,충남,도시지역-주거,준주거지역,70,% 이하,제37조제1항,350,% 이하,제42조제1항,2025.11.28,3045,2026-09-21
서천군,충남,도시지역-상업,중심상업지역,90,% 이하,제37조제1항,800,% 이하,제42조제1항,2025.11.28,3045,2026-09-21
서천군,충남,도시지역-상업,일반상업지역,80,% 이하,제37조제1항,1000,% 이하,제42조제1항,2025.11.28,3045,2026-09-21
서천군,충남,도시지역-상업,근린상업지역,70,% 이하,제37조제1항,400,% 이하,제42조제1항,2025.11.28,3045,2026-09-21
서천군,충남,도시지역-상업,유통상업지역,80,% 이하,제37조제1항,400,% 이하,제42조제1항,2025.11.28,3045,2026-09-21
서천군,충남,도시지역-공업,전용공업지역,70,% 이하,제37조제1항,300,% 이하,제42조제1항,2025.11.28,3045,2026-09-21
서천군,충남,도시지역-공업,일반공업지역,70,% 이하,제37조제1항,350,% 이하,제42조제1항,2025.11.28,3045,2026-09-21
서천군,충남,도시지역-공업,준공업지역,70,% 이하,제37조제1항,400,% 이하,제42조제1항,2025.11.28,3045,2026-09-21
서천군,충남,도시지역-녹지,보전녹지지역,20,% 이하,제37조제1항,80,% 이하,제42조제1항,2025.11.28,3045,2026-09-21
서천군,충남,도시지역-녹지,생산녹지지역,20,% 이하,제37조제1항,80,% 이하,제42조제1항,2025.11.28,3045,2026-09-21
서천군,충남,도시지역-녹지,자연녹지지역,20,% 이하,제37조제1항,100,% 이하,제42조제1항,2025.11.28,3045,2026-09-21
서천군,충남,관리지역,보전관리지역,20,% 이하,제37조제1항,80,% 이하,제42조제1항,2025.11.28,3045,2026-09-21
서천군,충남,관리지역,생산관리지역,20,% 이하,제37조제1항,80,% 이하,제42조제1항,2025.11.28,3045,2026-09-21
서천군,충남,관리지역,계획관리지역,40,% 이하,제37조제1항,100,% 이하,제42조제1항,2025.11.28,3045,2026-09-21
서천군,충남,농림지역,농림지역,20,% 이하,제37조제1항,80,% 이하,제42조제1항,2025.11.28,3045,2026-09-21
서천군,충남,자연환경보전지역,자연환경보전지역,20,% 이하,제37조제1항,60,% 이하,제42조제1항,2025.11.28,3045,2026-09-21
청양군,충남,도시지역-주거,제1종전용주거지역,50,% 이하,제50조제1항,80,% 이하,제55조제1항,2026.8.3,2986,2026-09-21
청양군,충남,도시지역-주거,제2종전용주거지역,50,% 이하,제50조제1항,150,% 이하,제55조제1항,2026.8.3,2986,2026-09-21
청양군,충남,도시지역-주거,제1종일반주거지역,60,% 이하,제50조제1항,150,% 이하,제55조제1항,2026.8.3,2986,2026-09-21
청양군,충남,도시지역-주거,제2종일반주거지역,60,% 이하,제50조제1항,250,% 이하,제55조제1항,2026.8.3,2986,2026-09-21
청양군,충남,도시지역-주거,제3종일반주거지역,50,% 이하,제50조제1항,250,% 이하,제55조제1항,2026.8.3,2986,2026-09-21
청양군,충남,도시지역-주거,준주거지역,70,% 이하,제50조제1항,400,% 이하,제55조제1항,2026.8.3,2986,2026-09-21
청양군,충남,도시지역-상업,중심상업지역,90,% 이하,제50조제1항,700,% 이하,제55조제1항,2026.8.3,2986,2026-09-21
청양군,충남,도시지역-상업,일반상업지역,80,% 이하,제50조제1항,1000,% 이하,제55조제1항,2026.8.3,2986,2026-09-21
청양군,충남,도시지역-상업,근린상업지역,70,% 이하,제50조제1항,400,% 이하,제55조제1항,2026.8.3,2986,2026-09-21
청양군,충남,도시지역-상업,유통상업지역,80,% 이하,제50조제1항,400,% 이하,제55조제1항,2026.8.3,2986,2026-09-21
청양군,충남,도시지역-공업,전용공업지역,70,% 이하,제50조제1항,200,% 이하,제55조제1항,2026.8.3,2986,2026-09-21
청양군,충남,도시지역-공업,일반공업지역,70,% 이하,제50조제1항,250,% 이하,제55조제1항,2026.8.3,2986,2026-09-21
청양군,충남,도시지역-공업,준공업지역,70,% 이하,제50조제1항,250,% 이하,제55조제1항,2026.8.3,2986,2026-09-21
청양군,충남,도시지역-녹지,보전녹지지역,20,% 이하,제50조제1항,50,% 이하,제55조제1항,2026.8.3,2986,2026-09-21
청양군,충남,도시지역-녹지,생산녹지지역,20,% 이하,제50조제1항,100,% 이하,제55조제1항,2026.8.3,2986,2026-09-21
청양군,충남,도시지역-녹지,자연녹지지역,20,% 이하,제50조제1항,80,% 이하,제55조제1항,2026.8.3,2986,2026-09-21
청양군,충남,관리지역,보전관리지역,20,% 이하,제50조제1항,80,% 이하,제55조제1항,2026.8.3,2986,2026-09-21
청양군,충남,관리지역,생산관리지역,20,% 이하,제50조제1항,80,% 이하,제55조제1항,2026.8.3,2986,2026-09-21
청양군,충남,관리지역,계획관리지역,40,% 이하,제50조제1항,100,% 이하,제55조제1항,2026.8.3,2986,2026-09-21
청양군,충남,농림지역,농림지역,20,% 이하,제50조제1항,80,% 이하,제55조제1항,2026.8.3,2986,2026-09-21
청양군,충남,자연환경보전지역,자연환경보전지역,20,% 이하,제50조제1항,80,% 이하,제55조제1항,2026.8.3,2986,2026-09-21
홍성군,충남,도시지역-주거,제1종전용주거지역,50,% 이하,제48조제1항,100,% 이하,제53조제1항,2026.2.27,3217,2026-09-21
홍성군,충남,도시지역-주거,제2종전용주거지역,50,% 이하,제48조제1항,150,% 이하,제53조제1항,2026.2.27,3217,2026-09-21
홍성군,충남,도시지역-주거,제1종일반주거지역,60,% 이하,제48조제1항,200,% 이하,제53조제1항,2026.2.27,3217,2026-09-21
홍성군,충남,도시지역-주거,제2종일반주거지역,60,% 이하,제48조제1항,250,% 이하,제53조제1항,2026.2.27,3217,2026-09-21
홍성군,충남,도시지역-주거,제3종일반주거지역,50,% 이하,제48조제1항,300,% 이하,제53조제1항,2026.2.27,3217,2026-09-21
홍성군,충남,도시지역-주거,준주거지역,70,% 이하,제48조제1항,500,% 이하,제53조제1항,2026.2.27,3217,2026-09-21
홍성군,충남,도시지역-상업,중심상업지역,90,% 이하,제48조제1항,1500,% 이하,제53조제1항,2026.2.27,3217,2026-09-21
홍성군,충남,도시지역-상업,일반상업지역,80,% 이하,제48조제1항,1300,% 이하,제53조제1항,2026.2.27,3217,2026-09-21
홍성군,충남,도시지역-상업,근린상업지역,70,% 이하,제48조제1항,900,% 이하,제53조제1항,2026.2.27,3217,2026-09-21
홍성군,충남,도시지역-상업,유통상업지역,80,% 이하,제48조제1항,1100,% 이하,제53조제1항,2026.2.27,3217,2026-09-21
홍성군,충남,도시지역-공업,전용공업지역,70,% 이하,제48조제1항,300,% 이하,제53조제1항,2026.2.27,3217,2026-09-21
홍성군,충남,도시지역-공업,일반공업지역,70,% 이하,제48조제1항,350,% 이하,제53조제1항,2026.2.27,3217,2026-09-21
홍성군,충남,도시지역-공업,준공업지역,70,% 이하,제48조제1항,400,% 이하,제53조제1항,2026.2.27,3217,2026-09-21
홍성군,충남,도시지역-녹지,보전녹지지역,20,% 이하,제48조제1항,80,% 이하,제53조제1항,2026.2.27,3217,2026-09-21
홍성군,충남,도시지역-녹지,생산녹지지역,20,% 이하,제48조제1항,100,% 이하,제53조제1항,2026.2.27,3217,2026-09-21
홍성군,충남,도시지역-녹지,자연녹지지역,20,% 이하,제48조제1항,100,% 이하,제53조제1항,2026.2.27,3217,2026-09-21
홍성군,충남,관리지역,보전관리지역,20,% 이하,제48조제1항,80,% 이하,제53조제1항,2026.2.27,3217,2026-09-21
홍성군,충남,관리지역,생산관리지역,20,% 이하,제48조제1항,80,% 이하,제53조제1항,2026.2.27,3217,2026-09-21
홍성군,충남,관리지역,계획관리지역,40,% 이하,제48조제1항,100,% 이하,제53조제1항,2026.2.27,3217,2026-09-21
홍성군,충남,농림지역,농림지역,20,% 이하,제48조제1항,80,% 이하,제53조제1항,2026.2.27,3217,2026-09-21
홍성군,충남,자연환경보전지역,자연환경보전지역,20,% 이하,제48조제1항,80,% 이하,제53조제1항,2026.2.27,3217,2026-09-21
예산군,충남,도시지역-주거,제1종전용주거지역,50,% 이하,제45조제1항,100,% 이하,제52조제1항,2025.11.21,3104,2026-09-21
예산군,충남,도시지역-주거,제2종전용주거지역,50,% 이하,제45조제1항,150,% 이하,제52조제1항,2025.11.21,3104,2026-09-21
예산군,충남,도시지역-주거,제1종일반주거지역,60,% 이하,제45조제1항,200,% 이하,제52조제1항,2025.11.21,3104,2026-09-21
예산군,충남,도시지역-주거,제2종일반주거지역,60,% 이하,제45조제1항,250,% 이하,제52조제1항,2025.11.21,3104,2026-09-21
예산군,충남,도시지역-주거,제3종일반주거지역,50,% 이하,제45조제1항,300,% 이하,제52조제1항,2025.11.21,3104,2026-09-21
예산군,충남,도시지역-주거,준주거지역,70,% 이하,제45조제1항,500,% 이하,제52조제1항,2025.11.21,3104,2026-09-21
예산군,충남,도시지역-상업,중심상업지역,90,% 이하,제45조제1항,1500,% 이하,제52조제1항,2025.11.21,3104,2026-09-21
예산군,충남,도시지역-상업,일반상업지역,80,% 이하,제45조제1항,1300,% 이하,제52조제1항,2025.11.21,3104,2026-09-21
예산군,충남,도시지역-상업,근린상업지역,70,% 이하,제45조제1항,900,% 이하,제52조제1항,2025.11.21,3104,2026-09-21
예산군,충남,도시지역-상업,유통상업지역,80,% 이하,제45조제1항,1100,% 이하,제52조제1항,2025.11.21,3104,2026-09-21
예산군,충남,도시지역-공업,전용공업지역,70,% 이하,제45조제1항,300,% 이하,제52조제1항,2025.11.21,3104,2026-09-21
예산군,충남,도시지역-공업,일반공업지역,70,% 이하,제45조제1항,350,% 이하,제52조제1항,2025.11.21,3104,2026-09-21
예산군,충남,도시지역-공업,준공업지역,70,% 이하,제45조제1항,400,% 이하,제52조제1항,2025.11.21,3104,2026-09-21
예산군,충남,도시지역-녹지,보전녹지지역,20,% 이하,제45조제1항,80,% 이하,제52조제1항,2025.11.21,3104,2026-09-21
예산군,충남,도시지역-녹지,생산녹지지역,20,% 이하,제45조제1항,90,% 이하,제52조제1항,2025.11.21,3104,2026-09-21
예산군,충남,도시지역-녹지,자연녹지지역,20,% 이하,제45조제1항,100,% 이하,제52조제1항,2025.11.21,3104,2026-09-21
예산군,충남,관리지역,보전관리지역,20,% 이하,제45조제1항,80,% 이하,제52조제1항,2025.11.21,3104,2026-09-21
예산군,충남,관리지역,생산관리지역,20,% 이하,제45조제1항,80,% 이하,제52조제1항,2025.11.21,3104,2026-09-21
예산군,충남,관리지역,계획관리지역,40,% 이하,제45조제1항,100,% 이하,제52조제1항,2025.11.21,3104,2026-09-21
예산군,충남,농림지역,농림지역,20,% 이하,제45조제1항,80,% 이하,제52조제1항,2025.11.21,3104,2026-09-21
예산군,충남,자연환경보전지역,자연환경보전지역,20,% 이하,제45조제1항,70,% 이하,제52조제1항,2025.11.21,3104,2026-09-21
태안군,충남,도시지역-주거,제1종전용주거지역,50,% 이하,제49조제1항,100,% 이하,제52조제1항,2026.3.31,1965,2026-09-21
태안군,충남,도시지역-주거,제2종전용주거지역,50,% 이하,제49조제1항,150,% 이하,제52조제1항,2026.3.31,1965,2026-09-21
태안군,충남,도시지역-주거,제1종일반주거지역,60,% 이하,제49조제1항,200,% 이하,제52조제1항,2026.3.31,1965,2026-09-21
태안군,충남,도시지역-주거,제2종일반주거지역,60,% 이하,제49조제1항,250,% 이하,제52조제1항,2026.3.31,1965,2026-09-21
태안군,충남,도시지역-주거,제3종일반주거지역,50,% 이하,제49조제1항,300,% 이하,제52조제1항,2026.3.31,1965,2026-09-21
태안군,충남,도시지역-주거,준주거지역,70,% 이하,제49조제1항,500,% 이하,제52조제1항,2026.3.31,1965,2026-09-21
태안군,충남,도시지역-상업,중심상업지역,90,% 이하,제49조제1항,1500,% 이하,제52조제1항,2026.3.31,1965,2026-09-21
태안군,충남,도시지역-상업,일반상업지역,80,% 이하,제49조제1항,1300,% 이하,제52조제1항,2026.3.31,1965,2026-09-21
태안군,충남,도시지역-상업,근린상업지역,70,% 이하,제49조제1항,900,% 이하,제52조제1항,2026.3.31,1965,2026-09-21
태안군,충남,도시지역-상업,유통상업지역,80,% 이하,제49조제1항,1100,% 이하,제52조제1항,2026.3.31,1965,2026-09-21
태안군,충남,도시지역-공업,전용공업지역,70,% 이하,제49조제1항,300,% 이하,제52조제1항,2026.3.31,1965,2026-09-21
태안군,충남,도시지역-공업,일반공업지역,70,% 이하,제49조제1항,350,% 이하,제52조제1항,2026.3.31,1965,2026-09-21
태안군,충남,도시지역-공업,준공업지역,70,% 이하,제49조제1항,400,% 이하,제52조제1항,2026.3.31,1965,2026-09-21
태안군,충남,도시지역-녹지,보전녹지지역,20,% 이하,제49조제1항,80,% 이하,제52조제1항,2026.3.31,1965,2026-09-21
태안군,충남,도시지역-녹지,생산녹지지역,20,% 이하,제49조제1항,100,% 이하,제52조제1항,2026.3.31,1965,2026-09-21
태안군,충남,도시지역-녹지,자연녹지지역,20,% 이하,제49조제1항,100,% 이하,제52조제1항,2026.3.31,1965,2026-09-21
태안군,충남,관리지역,보전관리지역,20,% 이하,제49조제1항,80,% 이하,제52조제1항,2026.3.31,1965,2026-09-21
태안군,충남,관리지역,생산관리지역,20,% 이하,제49조제1항,80,% 이하,제52조제1항,2026.3.31,1965,2026-09-21
태안군,충남,관리지역,계획관리지역,40,% 이하,제49조제1항,100,% 이하,제52조제1항,2026.3.31,1965,2026-09-21
태안군,충남,농림지역,농림지역,20,% 이하,제49조제1항,80,% 이하,제52조제1항,2026.3.31,1965,2026-09-21
태안군,충남,자연환경보전지역,자연환경보전지역,20,% 이하,제49조제1항,80,% 이하,제52조제1항,2026.3.31,1965,2026-09-21
전주시,전북,도시지역-주거,제1종전용주거지역,40,% 이하,제45조제1항,100,% 이하,제47조제1항,2026.4.13,4369,2026-09-21
전주시,전북,도시지역-주거,제2종전용주거지역,40,% 이하,제45조제1항,100,% 이하,제47조제1항,2026.4.13,4369,2026-09-21
전주시,전북,도시지역-주거,제1종일반주거지역,60,% 이하,제45조제1항,200,% 이하,제47조제1항,2026.4.13,4369,2026-09-21
전주시,전북,도시지역-주거,제2종일반주거지역,60,% 이하,제45조제1항,250,% 이하,제47조제1항,2026.4.13,4369,2026-09-21
전주시,전북,도시지역-주거,제3종일반주거지역,50,% 이하,제45조제1항,300,% 이하,제47조제1항,2026.4.13,4369,2026-09-21
전주시,전북,도시지역-주거,준주거지역,60,% 이하,제45조제1항,500,% 이하,제47조제1항,2026.4.13,4369,2026-09-21
전주시,전북,도시지역-상업,중심상업지역,80,% 이하,제45조제1항,1100,% 이하,제47조제1항,2026.4.13,4369,2026-09-21
전주시,전북,도시지역-상업,일반상업지역,70,% 이하,제45조제1항,900,% 이하,제47조제1항,2026.4.13,4369,2026-09-21
전주시,전북,도시지역-상업,근린상업지역,60,% 이하,제45조제1항,700,% 이하,제47조제1항,2026.4.13,4369,2026-09-21
전주시,전북,도시지역-상업,유통상업지역,60,% 이하,제45조제1항,700,% 이하,제47조제1항,2026.4.13,4369,2026-09-21
전주시,전북,도시지역-공업,전용공업지역,60,% 이하,제45조제1항,300,% 이하,제47조제1항,2026.4.13,4369,2026-09-21
전주시,전북,도시지역-공업,일반공업지역,60,% 이하,제45조제1항,350,% 이하,제47조제1항,2026.4.13,4369,2026-09-21
전주시,전북,도시지역-공업,준공업지역,60,% 이하,제45조제1항,400,% 이하,제47조제1항,2026.4.13,4369,2026-09-21
전주시,전북,도시지역-녹지,보전녹지지역,20,% 이하,제45조제1항,50,% 이하,제47조제1항,2026.4.13,4369,2026-09-21
전주시,전북,도시지역-녹지,생산녹지지역,20,% 이하,제45조제1항,100,% 이하,제47조제1항,2026.4.13,4369,2026-09-21
전주시,전북,도시지역-녹지,자연녹지지역,20,% 이하,제45조제1항,100,% 이하,제47조제1항,2026.4.13,4369,2026-09-21
전주시,전북,관리지역,보전관리지역,20,% 이하,제45조제1항,50,% 이하,제47조제1항,2026.4.13,4369,2026-09-21
전주시,전북,관리지역,생산관리지역,20,% 이하,제45조제1항,80,% 이하,제47조제1항,2026.4.13,4369,2026-09-21
전주시,전북,관리지역,계획관리지역,40,% 이하,제45조제1항,100,% 이하,제47조제1항,2026.4.13,4369,2026-09-21
전주시,전북,농림지역,농림지역,20,% 이하,제45조제1항,80,% 이하,제47조제1항,2026.4.13,4369,2026-09-21
군산시,전북,도시지역-주거,제1종전용주거지역,50,% 이하,제55조제1항,100,% 이하,제60조제1항,2025.4.15,2303,2026-09-21
군산시,전북,도시지역-주거,제2종전용주거지역,50,% 이하,제55조제1항,150,% 이하,제60조제1항,2025.4.15,2303,2026-09-21
군산시,전북,도시지역-주거,제1종일반주거지역,60,% 이하,제55조제1항,200,% 이하,제60조제1항,2025.4.15,2303,2026-09-21
군산시,전북,도시지역-주거,제2종일반주거지역,60,% 이하,제55조제1항,250,% 이하,제60조제1항,2025.4.15,2303,2026-09-21
군산시,전북,도시지역-주거,제3종일반주거지역,50,% 이하,제55조제1항,300,% 이하,제60조제1항,2025.4.15,2303,2026-09-21
군산시,전북,도시지역-주거,준주거지역,70,% 이하,제55조제1항,400,% 이하,제60조제1항,2025.4.15,2303,2026-09-21
군산시,전북,도시지역-상업,중심상업지역,90,% 이하,제55조제1항,1200,% 이하,제60조제1항,2025.4.15,2303,2026-09-21
군산시,전북,도시지역-상업,일반상업지역,80,% 이하,제55조제1항,1000,% 이하,제60조제1항,2025.4.15,2303,2026-09-21
군산시,전북,도시지역-상업,근린상업지역,70,% 이하,제55조제1항,700,% 이하,제60조제1항,2025.4.15,2303,2026-09-21
군산시,전북,도시지역-상업,유통상업지역,80,% 이하,제55조제1항,800,% 이하,제60조제1항,2025.4.15,2303,2026-09-21
군산시,전북,도시지역-공업,전용공업지역,70,% 이하,제55조제1항,250,% 이하,제60조제1항,2025.4.15,2303,2026-09-21
군산시,전북,도시지역-공업,일반공업지역,70,% 이하,제55조제1항,350,% 이하,제60조제1항,2025.4.15,2303,2026-09-21
군산시,전북,도시지역-공업,준공업지역,60,% 이하,제55조제1항,300,% 이하,제60조제1항,2025.4.15,2303,2026-09-21
군산시,전북,도시지역-녹지,보전녹지지역,20,% 이하,제55조제1항,80,% 이하,제60조제1항,2025.4.15,2303,2026-09-21
군산시,전북,도시지역-녹지,생산녹지지역,20,% 이하,제55조제1항,100,% 이하,제60조제1항,2025.4.15,2303,2026-09-21
군산시,전북,도시지역-녹지,자연녹지지역,20,% 이하,제55조제1항,100,% 이하,제60조제1항,2025.4.15,2303,2026-09-21
군산시,전북,관리지역,보전관리지역,20,% 이하,제55조제1항,80,% 이하,제60조제1항,2025.4.15,2303,2026-09-21
군산시,전북,관리지역,생산관리지역,20,% 이하,제55조제1항,80,% 이하,제60조제1항,2025.4.15,2303,2026-09-21
군산시,전북,관리지역,계획관리지역,40,% 이하,제55조제1항,100,% 이하,제60조제1항,2025.4.15,2303,2026-09-21
군산시,전북,농림지역,농림지역,20,% 이하,제55조제1항,80,% 이하,제60조제1항,2025.4.15,2303,2026-09-21
군산시,전북,자연환경보전지역,자연환경보전지역,20,% 이하,제55조제1항,80,% 이하,제60조제1항,2025.4.15,2303,2026-09-21
익산시,전북,도시지역-주거,제1종전용주거지역,50,% 이하,제55조제1항,80,% 이하,제60조제1항,2025.12.31,2732,2026-09-21
익산시,전북,도시지역-주거,제2종전용주거지역,50,% 이하,제55조제1항,150,% 이하,제60조제1항,2025.12.31,2732,2026-09-21
익산시,전북,도시지역-주거,제1종일반주거지역,60,% 이하,제55조제1항,200,% 이하,제60조제1항,2025.12.31,2732,2026-09-21
익산시,전북,도시지역-주거,제2종일반주거지역,60,% 이하,제55조제1항,250,% 이하,제60조제1항,2025.12.31,2732,2026-09-21
익산시,전북,도시지역-주거,제3종일반주거지역,50,% 이하,제55조제1항,300,% 이하,제60조제1항,2025.12.31,2732,2026-09-21
익산시,전북,도시지역-주거,준주거지역,70,% 이하,제55조제1항,350,% 이하,제60조제1항,2025.12.31,2732,2026-09-21
익산시,전북,도시지역-상업,중심상업지역,80,% 이하,제55조제1항,1000,% 이하,제60조제1항,2025.12.31,2732,2026-09-21
익산시,전북,도시지역-상업,일반상업지역,80,% 이하,제55조제1항,800,% 이하,제60조제1항,2025.12.31,2732,2026-09-21
익산시,전북,도시지역-상업,근린상업지역,70,% 이하,제55조제1항,600,% 이하,제60조제1항,2025.12.31,2732,2026-09-21
익산시,전북,도시지역-상업,유통상업지역,70,% 이하,제55조제1항,700,% 이하,제60조제1항,2025.12.31,2732,2026-09-21
익산시,전북,도시지역-공업,전용공업지역,70,% 이하,제55조제1항,300,% 이하,제60조제1항,2025.12.31,2732,2026-09-21
익산시,전북,도시지역-공업,일반공업지역,70,% 이하,제55조제1항,350,% 이하,제60조제1항,2025.12.31,2732,2026-09-21
익산시,전북,도시지역-공업,준공업지역,70,% 이하,제55조제1항,400,% 이하,제60조제1항,2025.12.31,2732,2026-09-21
익산시,전북,도시지역-녹지,보전녹지지역,20,% 이하,제55조제1항,80,% 이하,제60조제1항,2025.12.31,2732,2026-09-21
익산시,전북,도시지역-녹지,생산녹지지역,20,% 이하,제55조제1항,100,% 이하,제60조제1항,2025.12.31,2732,2026-09-21
익산시,전북,도시지역-녹지,자연녹지지역,20,% 이하,제55조제1항,100,% 이하,제60조제1항,2025.12.31,2732,2026-09-21
익산시,전북,관리지역,보전관리지역,20,% 이하,제55조제1항,80,% 이하,제60조제1항,2025.12.31,2732,2026-09-21
익산시,전북,관리지역,생산관리지역,20,% 이하,제55조제1항,80,% 이하,제60조제1항,2025.12.31,2732,2026-09-21
익산시,전북,관리지역,계획관리지역,40,% 이하,제55조제1항,100,% 이하,제60조제1항,2025.12.31,2732,2026-09-21
익산시,전북,농림지역,농림지역,20,% 이하,제55조제1항,80,% 이하,제60조제1항,2025.12.31,2732,2026-09-21
익산시,전북,자연환경보전지역,자연환경보전지역,20,% 이하,제55조제1항,50,% 이하,제60조제1항,2025.12.31,2732,2026-09-21
정읍시,전북,도시지역-주거,제1종전용주거지역,50,% 이하,제53조제1항,100,% 이하,제58조제1항,2026.4.10,2341,2026-09-21
정읍시,전북,도시지역-주거,제2종전용주거지역,50,% 이하,제53조제1항,150,% 이하,제58조제1항,2026.4.10,2341,2026-09-21
정읍시,전북,도시지역-주거,제1종일반주거지역,60,% 이하,제53조제1항,200,% 이하,제58조제1항,2026.4.10,2341,2026-09-21
정읍시,전북,도시지역-주거,제2종일반주거지역,60,% 이하,제53조제1항,250,% 이하,제58조제1항,2026.4.10,2341,2026-09-21
정읍시,전북,도시지역-주거,제3종일반주거지역,50,% 이하,제53조제1항,300,% 이하,제58조제1항,2026.4.10,2341,2026-09-21
정읍시,전북,도시지역-주거,준주거지역,70,% 이하,제53조제1항,500,% 이하,제58조제1항,2026.4.10,2341,2026-09-21
정읍시,전북,도시지역-상업,중심상업지역,90,% 이하,제53조제1항,1500,% 이하,제58조제1항,2026.4.10,2341,2026-09-21
정읍시,전북,도시지역-상업,일반상업지역,80,% 이하,제53조제1항,1300,% 이하,제58조제1항,2026.4.10,2341,2026-09-21
정읍시,전북,도시지역-상업,근린상업지역,70,% 이하,제53조제1항,900,% 이하,제58조제1항,2026.4.10,2341,2026-09-21
정읍시,전북,도시지역-상업,유통상업지역,80,% 이하,제53조제1항,1100,% 이하,제58조제1항,2026.4.10,2341,2026-09-21
정읍시,전북,도시지역-공업,전용공업지역,70,% 이하,제53조제1항,300,% 이하,제58조제1항,2026.4.10,2341,2026-09-21
정읍시,전북,도시지역-공업,일반공업지역,70,% 이하,제53조제1항,350,% 이하,제58조제1항,2026.4.10,2341,2026-09-21
정읍시,전북,도시지역-공업,준공업지역,70,% 이하,제53조제1항,400,% 이하,제58조제1항,2026.4.10,2341,2026-09-21
정읍시,전북,도시지역-녹지,보전녹지지역,20,% 이하,제53조제1항,80,% 이하,제58조제1항,2026.4.10,2341,2026-09-21
정읍시,전북,도시지역-녹지,생산녹지지역,20,% 이하,제53조제1항,100,% 이하,제58조제1항,2026.4.10,2341,2026-09-21
정읍시,전북,도시지역-녹지,자연녹지지역,20,% 이하,제53조제1항,100,% 이하,제58조제1항,2026.4.10,2341,2026-09-21
정읍시,전북,관리지역,보전관리지역,20,% 이하,제53조제1항,80,% 이하,제58조제1항,2026.4.10,2341,2026-09-21
정읍시,전북,관리지역,생산관리지역,20,% 이하,제53조제1항,80,% 이하,제58조제1항,2026.4.10,2341,2026-09-21
정읍시,전북,관리지역,계획관리지역,40,% 이하,제53조제1항,100,% 이하,제58조제1항,2026.4.10,2341,2026-09-21
정읍시,전북,농림지역,농림지역,20,% 이하,제53조제1항,80,% 이하,제58조제1항,2026.4.10,2341,2026-09-21
정읍시,전북,자연환경보전지역,자연환경보전지역,20,% 이하,제53조제1항,80,% 이하,제58조제1항,2026.4.10,2341,2026-09-21
남원시,전북,도시지역-주거,제1종전용주거지역,50,% 이하,제57조제1항,100,% 이하,제62조제1항,2026.9.18,2316,2026-09-21
남원시,전북,도시지역-주거,제2종전용주거지역,50,% 이하,제57조제1항,150,% 이하,제62조제1항,2026.9.18,2316,2026-09-21
남원시,전북,도시지역-주거,제1종일반주거지역,60,% 이하,제57조제1항,200,% 이하,제62조제1항,2026.9.18,2316,2026-09-21
남원시,전북,도시지역-주거,제2종일반주거지역,60,% 이하,제57조제1항,250,% 이하,제62조제1항,2026.9.18,2316,2026-09-21
남원시,전북,도시지역-주거,제3종일반주거지역,50,% 이하,제57조제1항,300,% 이하,제62조제1항,2026.9.18,2316,2026-09-21
남원시,전북,도시지역-주거,준주거지역,70,% 이하,제57조제1항,500,% 이하,제62조제1항,2026.9.18,2316,2026-09-21
남원시,전북,도시지역-상업,중심상업지역,90,% 이하,제57조제1항,1300,% 이하,제62조제1항,2026.9.18,2316,2026-09-21
남원시,전북,도시지역-상업,일반상업지역,80,% 이하,제57조제1항,1000,% 이하,제62조제1항,2026.9.18,2316,2026-09-21
남원시,전북,도시지역-상업,근린상업지역,70,% 이하,제57조제1항,700,% 이하,제62조제1항,2026.9.18,2316,2026-09-21
남원시,전북,도시지역-상업,유통상업지역,80,% 이하,제57조제1항,800,% 이하,제62조제1항,2026.9.18,2316,2026-09-21
남원시,전북,도시지역-공업,전용공업지역,70,% 이하,제57조제1항,300,% 이하,제62조제1항,2026.9.18,2316,2026-09-21
남원시,전북,도시지역-공업,일반공업지역,70,% 이하,제57조제1항,350,% 이하,제62조제1항,2026.9.18,2316,2026-09-21
남원시,전북,도시지역-공업,준공업지역,70,% 이하,제57조제1항,400,% 이하,제62조제1항,2026.9.18,2316,2026-09-21
남원시,전북,도시지역-녹지,보전녹지지역,20,% 이하,제57조제1항,80,% 이하,제62조제1항,2026.9.18,2316,2026-09-21
남원시,전북,도시지역-녹지,생산녹지지역,20,% 이하,제57조제1항,100,% 이하,제62조제1항,2026.9.18,2316,2026-09-21
남원시,전북,도시지역-녹지,자연녹지지역,20,% 이하,제57조제1항,100,% 이하,제62조제1항,2026.9.18,2316,2026-09-21
남원시,전북,관리지역,보전관리지역,20,% 이하,제57조제1항,80,% 이하,제62조제1항,2026.9.18,2316,2026-09-21
남원시,전북,관리지역,생산관리지역,20,% 이하,제57조제1항,80,% 이하,제62조제1항,2026.9.18,2316,2026-09-21
남원시,전북,관리지역,계획관리지역,40,% 이하,제57조제1항,100,% 이하,제62조제1항,2026.9.18,2316,2026-09-21
남원시,전북,농림지역,농림지역,20,% 이하,제57조제1항,80,% 이하,제62조제1항,2026.9.18,2316,2026-09-21
남원시,전북,자연환경보전지역,자연환경보전지역,20,% 이하,제57조제1항,80,% 이하,제62조제1항,2026.9.18,2316,2026-09-21
김제시,전북,도시지역-주거,제1종전용주거지역,50,% 이하,제57조제1항,100,% 이하,제62조제1항,2025.12.16,1827,2026-09-21
김제시,전북,도시지역-주거,제2종전용주거지역,50,% 이하,제57조제1항,150,% 이하,제62조제1항,2025.12.16,1827,2026-09-21
김제시,전북,도시지역-주거,제1종일반주거지역,60,% 이하,제57조제1항,200,% 이하,제62조제1항,2025.12.16,1827,2026-09-21
김제시,전북,도시지역-주거,제2종일반주거지역,60,% 이하,제57조제1항,250,% 이하,제62조제1항,2025.12.16,1827,2026-09-21
김제시,전북,도시지역-주거,제3종일반주거지역,50,% 이하,제57조제1항,300,% 이하,제62조제1항,2025.12.16,1827,2026-09-21
김제시,전북,도시지역-주거,준주거지역,70,% 이하,제57조제1항,500,% 이하,제62조제1항,2025.12.16,1827,2026-09-21
김제시,전북,도시지역-상업,중심상업지역,90,% 이하,제57조제1항,1500,% 이하,제62조제1항,2025.12.16,1827,2026-09-21
김제시,전북,도시지역-상업,일반상업지역,80,% 이하,제57조제1항,1300,% 이하,제62조제1항,2025.12.16,1827,2026-09-21
김제시,전북,도시지역-상업,근린상업지역,70,% 이하,제57조제1항,900,% 이하,제62조제1항,2025.12.16,1827,2026-09-21
김제시,전북,도시지역-상업,유통상업지역,80,% 이하,제57조제1항,1100,% 이하,제62조제1항,2025.12.16,1827,2026-09-21
김제시,전북,도시지역-공업,전용공업지역,70,% 이하,제57조제1항,300,% 이하,제62조제1항,2025.12.16,1827,2026-09-21
김제시,전북,도시지역-공업,일반공업지역,70,% 이하,제57조제1항,350,% 이하,제62조제1항,2025.12.16,1827,2026-09-21
김제시,전북,도시지역-공업,준공업지역,70,% 이하,제57조제1항,400,% 이하,제62조제1항,2025.12.16,1827,2026-09-21
김제시,전북,도시지역-녹지,보전녹지지역,20,% 이하,제57조제1항,80,% 이하,제62조제1항,2025.12.16,1827,2026-09-21
김제시,전북,도시지역-녹지,생산녹지지역,20,% 이하,제57조제1항,100,% 이하,제62조제1항,2025.12.16,1827,2026-09-21
김제시,전북,도시지역-녹지,자연녹지지역,20,% 이하,제57조제1항,100,% 이하,제62조제1항,2025.12.16,1827,2026-09-21
김제시,전북,관리지역,보전관리지역,20,% 이하,제57조제1항,80,% 이하,제62조제1항,2025.12.16,1827,2026-09-21
김제시,전북,관리지역,생산관리지역,20,% 이하,제57조제1항,80,% 이하,제62조제1항,2025.12.16,1827,2026-09-21
김제시,전북,관리지역,계획관리지역,40,% 이하,제57조제1항,100,% 이하,제62조제1항,2025.12.16,1827,2026-09-21
김제시,전북,농림지역,농림지역,20,% 이하,제57조제1항,80,% 이하,제62조제1항,2025.12.16,1827,2026-09-21
김제시,전북,자연환경보전지역,자연환경보전지역,20,% 이하,제57조제1항,80,% 이하,제62조제1항,2025.12.16,1827,2026-09-21
완주군,전북,도시지역-주거,제1종전용주거지역,50,% 이하,제47조제1항,100,% 이하,제52조제1항,2025.12.18,3471,2026-09-21
완주군,전북,도시지역-주거,제2종전용주거지역,50,% 이하,제47조제1항,150,% 이하,제52조제1항,2025.12.18,3471,2026-09-21
완주군,전북,도시지역-주거,제1종일반주거지역,60,% 이하,제47조제1항,200,% 이하,제52조제1항,2025.12.18,3471,2026-09-21
완주군,전북,도시지역-주거,제2종일반주거지역,60,% 이하,제47조제1항,250,% 이하,제52조제1항,2025.12.18,3471,2026-09-21
완주군,전북,도시지역-주거,제3종일반주거지역,50,% 이하,제47조제1항,300,% 이하,제52조제1항,2025.12.18,3471,2026-09-21
완주군,전북,도시지역-주거,준주거지역,70,% 이하,제47조제1항,500,% 이하,제52조제1항,2025.12.18,3471,2026-09-21
완주군,전북,도시지역-상업,중심상업지역,90,% 이하,제47조제1항,1500,% 이하,제52조제1항,2025.12.18,3471,2026-09-21
완주군,전북,도시지역-상업,일반상업지역,80,% 이하,제47조제1항,1300,% 이하,제52조제1항,2025.12.18,3471,2026-09-21
완주군,전북,도시지역-상업,근린상업지역,70,% 이하,제47조제1항,900,% 이하,제52조제1항,2025.12.18,3471,2026-09-21
완주군,전북,도시지역-상업,유통상업지역,80,% 이하,제47조제1항,1100,% 이하,제52조제1항,2025.12.18,3471,2026-09-21
완주군,전북,도시지역-공업,전용공업지역,70,% 이하,제47조제1항,300,% 이하,제52조제1항,2025.12.18,3471,2026-09-21
완주군,전북,도시지역-공업,일반공업지역,70,% 이하,제47조제1항,350,% 이하,제52조제1항,2025.12.18,3471,2026-09-21
완주군,전북,도시지역-공업,준공업지역,70,% 이하,제47조제1항,400,% 이하,제52조제1항,2025.12.18,3471,2026-09-21
완주군,전북,도시지역-녹지,보전녹지지역,20,% 이하,제47조제1항,80,% 이하,제52조제1항,2025.12.18,3471,2026-09-21
완주군,전북,도시지역-녹지,생산녹지지역,20,% 이하,제47조제1항,100,% 이하,제52조제1항,2025.12.18,3471,2026-09-21
완주군,전북,도시지역-녹지,자연녹지지역,20,% 이하,제47조제1항,100,% 이하,제52조제1항,2025.12.18,3471,2026-09-21
완주군,전북,관리지역,보전관리지역,20,% 이하,제47조제1항,80,% 이하,제52조제1항,2025.12.18,3471,2026-09-21
완주군,전북,관리지역,생산관리지역,20,% 이하,제47조제1항,80,% 이하,제52조제1항,2025.12.18,3471,2026-09-21
완주군,전북,관리지역,계획관리지역,40,% 이하,제47조제1항,100,% 이하,제52조제1항,2025.12.18,3471,2026-09-21
완주군,전북,농림지역,농림지역,20,% 이하,제47조제1항,80,% 이하,제52조제1항,2025.12.18,3471,2026-09-21
완주군,전북,자연환경보전지역,자연환경보전지역,20,% 이하,제47조제1항,80,% 이하,제52조제1항,2025.12.18,3471,2026-09-21
진안군,전북,도시지역-주거,제1종전용주거지역,50,% 이하,제53조제1항,100,% 이하,제55조제1항,2026.3.30,2879,2026-09-21
진안군,전북,도시지역-주거,제2종전용주거지역,50,% 이하,제53조제1항,150,% 이하,제55조제1항,2026.3.30,2879,2026-09-21
진안군,전북,도시지역-주거,제1종일반주거지역,60,% 이하,제53조제1항,200,% 이하,제55조제1항,2026.3.30,2879,2026-09-21
진안군,전북,도시지역-주거,제2종일반주거지역,60,% 이하,제53조제1항,250,% 이하,제55조제1항,2026.3.30,2879,2026-09-21
진안군,전북,도시지역-주거,제3종일반주거지역,50,% 이하,제53조제1항,300,% 이하,제55조제1항,2026.3.30,2879,2026-09-21
진안군,전북,도시지역-주거,준주거지역,70,% 이하,제53조제1항,500,% 이하,제55조제1항,2026.3.30,2879,2026-09-21
진안군,전북,도시지역-상업,중심상업지역,90,% 이하,제53조제1항,1500,% 이하,제55조제1항,2026.3.30,2879,2026-09-21
진안군,전북,도시지역-상업,일반상업지역,80,% 이하,제53조제1항,1300,% 이하,제55조제1항,2026.3.30,2879,2026-09-21
진안군,전북,도시지역-상업,근린상업지역,70,% 이하,제53조제1항,900,% 이하,제55조제1항,2026.3.30,2879,2026-09-21
진안군,전북,도시지역-상업,유통상업지역,80,% 이하,제53조제1항,1100,% 이하,제55조제1항,2026.3.30,2879,2026-09-21
진안군,전북,도시지역-공업,전용공업지역,70,% 이하,제53조제1항,300,% 이하,제55조제1항,2026.3.30,2879,2026-09-21
진안군,전북,도시지역-공업,일반공업지역,70,% 이하,제53조제1항,350,% 이하,제55조제1항,2026.3.30,2879,2026-09-21
진안군,전북,도시지역-공업,준공업지역,70,% 이하,제53조제1항,400,% 이하,제55조제1항,2026.3.30,2879,2026-09-21
진안군,전북,도시지역-녹지,보전녹지지역,20,% 이하,제53조제1항,80,% 이하,제55조제1항,2026.3.30,2879,2026-09-21
진안군,전북,도시지역-녹지,생산녹지지역,20,% 이하,제53조제1항,100,% 이하,제55조제1항,2026.3.30,2879,2026-09-21
진안군,전북,도시지역-녹지,자연녹지지역,20,% 이하,제53조제1항,100,% 이하,제55조제1항,2026.3.30,2879,2026-09-21
진안군,전북,관리지역,보전관리지역,20,% 이하,제53조제1항,80,% 이하,제55조제1항,2026.3.30,2879,2026-09-21
진안군,전북,관리지역,생산관리지역,20,% 이하,제53조제1항,80,% 이하,제55조제1항,2026.3.30,2879,2026-09-21
진안군,전북,관리지역,계획관리지역,40,% 이하,제53조제1항,100,% 이하,제55조제1항,2026.3.30,2879,2026-09-21
진안군,전북,농림지역,농림지역,20,% 이하,제53조제1항,80,% 이하,제55조제1항,2026.3.30,2879,2026-09-21
진안군,전북,자연환경보전지역,자연환경보전지역,20,% 이하,제53조제1항,80,% 이하,제55조제1항,2026.3.30,2879,2026-09-21
무주군,전북,도시지역-주거,제1종전용주거지역,50,% 이하,제42조제1항,100,% 이하,제47조제1항,2025.12.10,2812,2026-09-21
무주군,전북,도시지역-주거,제2종전용주거지역,50,% 이하,제42조제1항,150,% 이하,제47조제1항,2025.12.10,2812,2026-09-21
무주군,전북,도시지역-주거,제1종일반주거지역,60,% 이하,제42조제1항,200,% 이하,제47조제1항,2025.12.10,2812,2026-09-21
무주군,전북,도시지역-주거,제2종일반주거지역,60,% 이하,제42조제1항,250,% 이하,제47조제1항,2025.12.10,2812,2026-09-21
무주군,전북,도시지역-주거,제3종일반주거지역,50,% 이하,제42조제1항,300,% 이하,제47조제1항,2025.12.10,2812,2026-09-21
무주군,전북,도시지역-주거,준주거지역,70,% 이하,제42조제1항,400,% 이하,제47조제1항,2025.12.10,2812,2026-09-21
무주군,전북,도시지역-상업,중심상업지역,80,% 이하,제42조제1항,1000,% 이하,제47조제1항,2025.12.10,2812,2026-09-21
무주군,전북,도시지역-상업,일반상업지역,80,% 이하,제42조제1항,800,% 이하,제47조제1항,2025.12.10,2812,2026-09-21
무주군,전북,도시지역-상업,근린상업지역,70,% 이하,제42조제1항,700,% 이하,제47조제1항,2025.12.10,2812,2026-09-21
무주군,전북,도시지역-상업,유통상업지역,80,% 이하,제42조제1항,700,% 이하,제47조제1항,2025.12.10,2812,2026-09-21
무주군,전북,도시지역-공업,전용공업지역,70,% 이하,제42조제1항,300,% 이하,제47조제1항,2025.12.10,2812,2026-09-21
무주군,전북,도시지역-공업,일반공업지역,70,% 이하,제42조제1항,350,% 이하,제47조제1항,2025.12.10,2812,2026-09-21
무주군,전북,도시지역-공업,준공업지역,70,% 이하,제42조제1항,400,% 이하,제47조제1항,2025.12.10,2812,2026-09-21
무주군,전북,도시지역-녹지,보전녹지지역,20,% 이하,제42조제1항,80,% 이하,제47조제1항,2025.12.10,2812,2026-09-21
무주군,전북,도시지역-녹지,생산녹지지역,20,% 이하,제42조제1항,100,% 이하,제47조제1항,2025.12.10,2812,2026-09-21
무주군,전북,도시지역-녹지,자연녹지지역,20,% 이하,제42조제1항,100,% 이하,제47조제1항,2025.12.10,2812,2026-09-21
무주군,전북,관리지역,보전관리지역,20,% 이하,제42조제1항,80,% 이하,제47조제1항,2025.12.10,2812,2026-09-21
무주군,전북,관리지역,생산관리지역,20,% 이하,제42조제1항,80,% 이하,제47조제1항,2025.12.10,2812,2026-09-21
무주군,전북,관리지역,계획관리지역,40,% 이하,제42조제1항,100,% 이하,제47조제1항,2025.12.10,2812,2026-09-21
무주군,전북,농림지역,농림지역,20,% 이하,제42조제1항,80,% 이하,제47조제1항,2025.12.10,2812,2026-09-21
무주군,전북,자연환경보전지역,자연환경보전지역,20,% 이하,제42조제1항,80,% 이하,제47조제1항,2025.12.10,2812,2026-09-21
장수군,전북,도시지역-주거,제1종전용주거지역,50,% 이하,제57조제1항,100,% 이하,제62조제1항,2026.4.1,2888,2026-09-21
장수군,전북,도시지역-주거,제2종전용주거지역,50,% 이하,제57조제1항,150,% 이하,제62조제1항,2026.4.1,2888,2026-09-21
장수군,전북,도시지역-주거,제1종일반주거지역,60,% 이하,제57조제1항,200,% 이하,제62조제1항,2026.4.1,2888,2026-09-21
장수군,전북,도시지역-주거,제2종일반주거지역,60,% 이하,제57조제1항,250,% 이하,제62조제1항,2026.4.1,2888,2026-09-21
장수군,전북,도시지역-주거,제3종일반주거지역,50,% 이하,제57조제1항,300,% 이하,제62조제1항,2026.4.1,2888,2026-09-21
장수군,전북,도시지역-주거,준주거지역,70,% 이하,제57조제1항,500,% 이하,제62조제1항,2026.4.1,2888,2026-09-21
장수군,전북,도시지역-상업,중심상업지역,90,% 이하,제57조제1항,1500,% 이하,제62조제1항,2026.4.1,2888,2026-09-21
장수군,전북,도시지역-상업,일반상업지역,80,% 이하,제57조제1항,1300,% 이하,제62조제1항,2026.4.1,2888,2026-09-21
장수군,전북,도시지역-상업,근린상업지역,70,% 이하,제57조제1항,900,% 이하,제62조제1항,2026.4.1,2888,2026-09-21
장수군,전북,도시지역-상업,유통상업지역,80,% 이하,제57조제1항,1100,% 이하,제62조제1항,2026.4.1,2888,2026-09-21
장수군,전북,도시지역-공업,전용공업지역,70,% 이하,제57조제1항,300,% 이하,제62조제1항,2026.4.1,2888,2026-09-21
장수군,전북,도시지역-공업,일반공업지역,70,% 이하,제57조제1항,350,% 이하,제62조제1항,2026.4.1,2888,2026-09-21
장수군,전북,도시지역-공업,준공업지역,70,% 이하,제57조제1항,400,% 이하,제62조제1항,2026.4.1,2888,2026-09-21
장수군,전북,도시지역-녹지,보전녹지지역,20,% 이하,제57조제1항,80,% 이하,제62조제1항,2026.4.1,2888,2026-09-21
장수군,전북,도시지역-녹지,생산녹지지역,20,% 이하,제57조제1항,100,% 이하,제62조제1항,2026.4.1,2888,2026-09-21
장수군,전북,도시지역-녹지,자연녹지지역,20,% 이하,제57조제1항,100,% 이하,제62조제1항,2026.4.1,2888,2026-09-21
장수군,전북,관리지역,보전관리지역,20,% 이하,제57조제1항,80,% 이하,제62조제1항,2026.4.1,2888,2026-09-21
장수군,전북,관리지역,생산관리지역,20,% 이하,제57조제1항,80,% 이하,제62조제1항,2026.4.1,2888,2026-09-21
장수군,전북,관리지역,계획관리지역,40,% 이하,제57조제1항,100,% 이하,제62조제1항,2026.4.1,2888,2026-09-21
장수군,전북,농림지역,농림지역,20,% 이하,제57조제1항,80,% 이하,제62조제1항,2026.4.1,2888,2026-09-21
장수군,전북,자연환경보전지역,자연환경보전지역,20,% 이하,제57조제1항,80,% 이하,제62조제1항,2026.4.1,2888,2026-09-21
임실군,전북,도시지역-주거,제1종일반주거지역,60,% 이하,제44조제1항,200,% 이하,제45조제1항,2026.2.25,2935,2026-09-21
임실군,전북,도시지역-주거,제2종일반주거지역,60,% 이하,제44조제1항,250,% 이하,제45조제1항,2026.2.25,2935,2026-09-21
임실군,전북,도시지역-주거,준주거지역,70,% 이하,제44조제1항,400,% 이하,제45조제1항,2026.2.25,2935,2026-09-21
임실군,전북,도시지역-상업,일반상업지역,80,% 이하,제44조제1항,800,% 이하,제45조제1항,2026.2.25,2935,2026-09-21
임실군,전북,도시지역-공업,일반공업지역,70,% 이하,제44조제1항,300,% 이하,제45조제1항,2026.2.25,2935,2026-09-21
임실군,전북,도시지역-공업,준공업지역,70,% 이하,제44조제1항,300,% 이하,제45조제1항,2026.2.25,2935,2026-09-21
임실군,전북,도시지역-녹지,보전녹지지역,20,% 이하,제44조제1항,80,% 이하,제45조제1항,2026.2.25,2935,2026-09-21
임실군,전북,도시지역-녹지,생산녹지지역,20,% 이하,제44조제1항,80,% 이하,제45조제1항,2026.2.25,2935,2026-09-21
임실군,전북,도시지역-녹지,자연녹지지역,20,% 이하,제44조제1항,80,% 이하,제45조제1항,2026.2.25,2935,2026-09-21
임실군,전북,관리지역,보전관리지역,20,% 이하,제44조제1항,80,% 이하,제45조제1항,2026.2.25,2935,2026-09-21
임실군,전북,관리지역,생산관리지역,20,% 이하,제44조제1항,80,% 이하,제45조제1항,2026.2.25,2935,2026-09-21
임실군,전북,관리지역,계획관리지역,40,% 이하,제44조제1항,100,% 이하,제45조제1항,2026.2.25,2935,2026-09-21
임실군,전북,농림지역,농림지역,20,% 이하,제44조제1항,80,% 이하,제45조제1항,2026.2.25,2935,2026-09-21
임실군,전북,자연환경보전지역,자연환경보전지역,20,% 이하,제44조제1항,80,% 이하,제45조제1항,2026.2.25,2935,2026-09-21
순창군,전북,도시지역-주거,제1종전용주거지역,50,% 이하,제55조제1항,100,% 이하,제59조제1항,2026.8.18,3061,2026-09-21
순창군,전북,도시지역-주거,제2종전용주거지역,50,% 이하,제55조제1항,150,% 이하,제59조제1항,2026.8.18,3061,2026-09-21
순창군,전북,도시지역-주거,제1종일반주거지역,60,% 이하,제55조제1항,200,% 이하,제59조제1항,2026.8.18,3061,2026-09-21
순창군,전북,도시지역-주거,제2종일반주거지역,60,% 이하,제55조제1항,250,% 이하,제59조제1항,2026.8.18,3061,2026-09-21
순창군,전북,도시지역-주거,제3종일반주거지역,50,% 이하,제55조제1항,300,% 이하,제59조제1항,2026.8.18,3061,2026-09-21
순창군,전북,도시지역-주거,준주거지역,70,% 이하,제55조제1항,500,% 이하,제59조제1항,2026.8.18,3061,2026-09-21
순창군,전북,도시지역-상업,중심상업지역,90,% 이하,제55조제1항,1500,% 이하,제59조제1항,2026.8.18,3061,2026-09-21
순창군,전북,도시지역-상업,일반상업지역,80,% 이하,제55조제1항,1300,% 이하,제59조제1항,2026.8.18,3061,2026-09-21
순창군,전북,도시지역-상업,근린상업지역,70,% 이하,제55조제1항,900,% 이하,제59조제1항,2026.8.18,3061,2026-09-21
순창군,전북,도시지역-상업,유통상업지역,80,% 이하,제55조제1항,1100,% 이하,제59조제1항,2026.8.18,3061,2026-09-21
순창군,전북,도시지역-공업,전용공업지역,70,% 이하,제55조제1항,300,% 이하,제59조제1항,2026.8.18,3061,2026-09-21
순창군,전북,도시지역-공업,일반공업지역,70,% 이하,제55조제1항,350,% 이하,제59조제1항,2026.8.18,3061,2026-09-21
순창군,전북,도시지역-공업,준공업지역,70,% 이하,제55조제1항,400,% 이하,제59조제1항,2026.8.18,3061,2026-09-21
순창군,전북,도시지역-녹지,보전녹지지역,20,% 이하,제55조제1항,80,% 이하,제59조제1항,2026.8.18,3061,2026-09-21
순창군,전북,도시지역-녹지,생산녹지지역,20,% 이하,제55조제1항,100,% 이하,제59조제1항,2026.8.18,3061,2026-09-21
순창군,전북,도시지역-녹지,자연녹지지역,20,% 이하,제55조제1항,100,% 이하,제59조제1항,2026.8.18,3061,2026-09-21
순창군,전북,관리지역,보전관리지역,20,% 이하,제55조제1항,80,% 이하,제59조제1항,2026.8.18,3061,2026-09-21
순창군,전북,관리지역,생산관리지역,20,% 이하,제55조제1항,80,% 이하,제59조제1항,2026.8.18,3061,2026-09-21
순창군,전북,관리지역,계획관리지역,40,% 이하,제55조제1항,100,% 이하,제59조제1항,2026.8.18,3061,2026-09-21
순창군,전북,농림지역,농림지역,20,% 이하,제55조제1항,80,% 이하,제59조제1항,2026.8.18,3061,2026-09-21
순창군,전북,자연환경보전지역,자연환경보전지역,20,% 이하,제55조제1항,80,% 이하,제59조제1항,2026.8.18,3061,2026-09-21
고창군,전북,도시지역-주거,제1종전용주거지역,50,% 이하,제57조제1항,100,% 이하,제62조제1항,2025.12.31,2965,2026-09-21
고창군,전북,도시지역-주거,제2종전용주거지역,50,% 이하,제57조제1항,150,% 이하,제62조제1항,2025.12.31,2965,2026-09-21
고창군,전북,도시지역-주거,제1종일반주거지역,60,% 이하,제57조제1항,200,% 이하,제62조제1항,2025.12.31,2965,2026-09-21
고창군,전북,도시지역-주거,제2종일반주거지역,60,% 이하,제57조제1항,250,% 이하,제62조제1항,2025.12.31,2965,2026-09-21
고창군,전북,도시지역-주거,제3종일반주거지역,50,% 이하,제57조제1항,300,% 이하,제62조제1항,2025.12.31,2965,2026-09-21
고창군,전북,도시지역-주거,준주거지역,70,% 이하,제57조제1항,500,% 이하,제62조제1항,2025.12.31,2965,2026-09-21
고창군,전북,도시지역-상업,중심상업지역,90,% 이하,제57조제1항,1500,% 이하,제62조제1항,2025.12.31,2965,2026-09-21
고창군,전북,도시지역-상업,일반상업지역,80,% 이하,제57조제1항,1300,% 이하,제62조제1항,2025.12.31,2965,2026-09-21
고창군,전북,도시지역-상업,근린상업지역,70,% 이하,제57조제1항,900,% 이하,제62조제1항,2025.12.31,2965,2026-09-21
고창군,전북,도시지역-상업,유통상업지역,80,% 이하,제57조제1항,1100,% 이하,제62조제1항,2025.12.31,2965,2026-09-21
고창군,전북,도시지역-공업,전용공업지역,70,% 이하,제57조제1항,300,% 이하,제62조제1항,2025.12.31,2965,2026-09-21
고창군,전북,도시지역-공업,일반공업지역,70,% 이하,제57조제1항,350,% 이하,제62조제1항,2025.12.31,2965,2026-09-21
고창군,전북,도시지역-공업,준공업지역,70,% 이하,제57조제1항,400,% 이하,제62조제1항,2025.12.31,2965,2026-09-21
고창군,전북,도시지역-녹지,보전녹지지역,20,% 이하,제57조제1항,80,% 이하,제62조제1항,2025.12.31,2965,2026-09-21
고창군,전북,도시지역-녹지,생산녹지지역,20,% 이하,제57조제1항,100,% 이하,제62조제1항,2025.12.31,2965,2026-09-21
고창군,전북,도시지역-녹지,자연녹지지역,20,% 이하,제57조제1항,100,% 이하,제62조제1항,2025.12.31,2965,2026-09-21
고창군,전북,관리지역,보전관리지역,20,% 이하,제57조제1항,80,% 이하,제62조제1항,2025.12.31,2965,2026-09-21
고창군,전북,관리지역,생산관리지역,20,% 이하,제57조제1항,80,% 이하,제62조제1항,2025.12.31,2965,2026-09-21
고창군,전북,관리지역,계획관리지역,40,% 이하,제57조제1항,100,% 이하,제62조제1항,2025.12.31,2965,2026-09-21
고창군,전북,농림지역,농림지역,20,% 이하,제57조제1항,80,% 이하,제62조제1항,2025.12.31,2965,2026-09-21
고창군,전북,자연환경보전지역,자연환경보전지역,20,% 이하,제57조제1항,80,% 이하,제62조제1항,2025.12.31,2965,2026-09-21
부안군,전북,도시지역-주거,제1종전용주거지역,50,% 이하,제57조제1항,100,% 이하,제62조제1항,2025.7.18,2956,2026-09-21
부안군,전북,도시지역-주거,제2종전용주거지역,50,% 이하,제57조제1항,150,% 이하,제62조제1항,2025.7.18,2956,2026-09-21
부안군,전북,도시지역-주거,제1종일반주거지역,60,% 이하,제57조제1항,200,% 이하,제62조제1항,2025.7.18,2956,2026-09-21
부안군,전북,도시지역-주거,제2종일반주거지역,60,% 이하,제57조제1항,250,% 이하,제62조제1항,2025.7.18,2956,2026-09-21
부안군,전북,도시지역-주거,제3종일반주거지역,50,% 이하,제57조제1항,300,% 이하,제62조제1항,2025.7.18,2956,2026-09-21
부안군,전북,도시지역-주거,준주거지역,70,% 이하,제57조제1항,500,% 이하,제62조제1항,2025.7.18,2956,2026-09-21
부안군,전북,도시지역-상업,중심상업지역,90,% 이하,제57조제1항,1500,% 이하,제62조제1항,2025.7.18,2956,2026-09-21
부안군,전북,도시지역-상업,일반상업지역,80,% 이하,제57조제1항,1300,% 이하,제62조제1항,2025.7.18,2956,2026-09-21
부안군,전북,도시지역-상업,근린상업지역,70,% 이하,제57조제1항,900,% 이하,제62조제1항,2025.7.18,2956,2026-09-21
부안군,전북,도시지역-상업,유통상업지역,80,% 이하,제57조제1항,1100,% 이하,제62조제1항,2025.7.18,2956,2026-09-21
부안군,전북,도시지역-공업,전용공업지역,70,% 이하,제57조제1항,300,% 이하,제62조제1항,2025.7.18,2956,2026-09-21
부안군,전북,도시지역-공업,일반공업지역,70,% 이하,제57조제1항,350,% 이하,제62조제1항,2025.7.18,2956,2026-09-21
부안군,전북,도시지역-공업,준공업지역,70,% 이하,제57조제1항,400,% 이하,제62조제1항,2025.7.18,2956,2026-09-21
부안군,전북,도시지역-녹지,보전녹지지역,20,% 이하,제57조제1항,80,% 이하,제62조제1항,2025.7.18,2956,2026-09-21
부안군,전북,도시지역-녹지,생산녹지지역,20,% 이하,제57조제1항,100,% 이하,제62조제1항,2025.7.18,2956,2026-09-21
부안군,전북,도시지역-녹지,자연녹지지역,20,% 이하,제57조제1항,100,% 이하,제62조제1항,2025.7.18,2956,2026-09-21
부안군,전북,관리지역,보전관리지역,20,% 이하,제57조제1항,80,% 이하,제62조제1항,2025.7.18,2956,2026-09-21
부안군,전북,관리지역,생산관리지역,20,% 이하,제57조제1항,80,% 이하,제62조제1항,2025.7.18,2956,2026-09-21
부안군,전북,관리지역,계획관리지역,40,% 이하,제57조제1항,100,% 이하,제62조제1항,2025.7.18,2956,2026-09-21
부안군,전북,농림지역,농림지역,20,% 이하,제57조제1항,80,% 이하,제62조제1항,2025.7.18,2956,2026-09-21
부안군,전북,자연환경보전지역,자연환경보전지역,20,% 이하,제57조제1항,80,% 이하,제62조제1항,2025.7.18,2956,2026-09-21
목포시,전남,도시지역-주거,제1종전용주거지역,50,% 이하,제47조제1항,100,% 이하,제51조제1항,2025.12.29,3999,2026-09-21
목포시,전남,도시지역-주거,제2종전용주거지역,50,% 이하,제47조제1항,150,% 이하,제51조제1항,2025.12.29,3999,2026-09-21
목포시,전남,도시지역-주거,제1종일반주거지역,60,% 이하,제47조제1항,200,% 이하,제51조제1항,2025.12.29,3999,2026-09-21
목포시,전남,도시지역-주거,제2종일반주거지역,60,% 이하,제47조제1항,250,% 이하,제51조제1항,2025.12.29,3999,2026-09-21
목포시,전남,도시지역-주거,제3종일반주거지역,50,% 이하,제47조제1항,300,% 이하,제51조제1항,2025.12.29,3999,2026-09-21
목포시,전남,도시지역-주거,준주거지역,70,% 이하,제47조제1항,500,% 이하,제51조제1항,2025.12.29,3999,2026-09-21
목포시,전남,도시지역-상업,중심상업지역,90,% 이하,제47조제1항,1300,% 이하,제51조제1항,2025.12.29,3999,2026-09-21
목포시,전남,도시지역-상업,일반상업지역,70,% 이하,제47조제1항,1100,% 이하,제51조제1항,2025.12.29,3999,2026-09-21
목포시,전남,도시지역-상업,근린상업지역,70,% 이하,제47조제1항,700,% 이하,제51조제1항,2025.12.29,3999,2026-09-21
목포시,전남,도시지역-상업,유통상업지역,80,% 이하,제47조제1항,900,% 이하,제51조제1항,2025.12.29,3999,2026-09-21
목포시,전남,도시지역-공업,전용공업지역,70,% 이하,제47조제1항,300,% 이하,제51조제1항,2025.12.29,3999,2026-09-21
목포시,전남,도시지역-공업,일반공업지역,70,% 이하,제47조제1항,350,% 이하,제51조제1항,2025.12.29,3999,2026-09-21
목포시,전남,도시지역-공업,준공업지역,70,% 이하,제47조제1항,400,% 이하,제51조제1항,2025.12.29,3999,2026-09-21
목포시,전남,도시지역-녹지,보전녹지지역,20,% 이하,제47조제1항,80,% 이하,제51조제1항,2025.12.29,3999,2026-09-21
목포시,전남,도시지역-녹지,생산녹지지역,20,% 이하,제47조제1항,100,% 이하,제51조제1항,2025.12.29,3999,2026-09-21
목포시,전남,도시지역-녹지,자연녹지지역,20,% 이하,제47조제1항,100,% 이하,제51조제1항,2025.12.29,3999,2026-09-21
여수시,전남,도시지역-주거,제1종전용주거지역,50,% 이하,제33조제1항,100,% 이하,제36조제1항,2025.12.8,2265,2026-09-21
여수시,전남,도시지역-주거,제2종전용주거지역,50,% 이하,제33조제1항,150,% 이하,제36조제1항,2025.12.8,2265,2026-09-21
여수시,전남,도시지역-주거,제1종일반주거지역,60,% 이하,제33조제1항,200,% 이하,제36조제1항,2025.12.8,2265,2026-09-21
여수시,전남,도시지역-주거,제2종일반주거지역,60,% 이하,제33조제1항,250,% 이하,제36조제1항,2025.12.8,2265,2026-09-21
여수시,전남,도시지역-주거,제3종일반주거지역,50,% 이하,제33조제1항,300,% 이하,제36조제1항,2025.12.8,2265,2026-09-21
여수시,전남,도시지역-주거,준주거지역,70,% 이하,제33조제1항,500,% 이하,제36조제1항,2025.12.8,2265,2026-09-21
여수시,전남,도시지역-상업,중심상업지역,90,% 이하,제33조제1항,1500,% 이하,제36조제1항,2025.12.8,2265,2026-09-21
여수시,전남,도시지역-상업,일반상업지역,80,% 이하,제33조제1항,1300,% 이하,제36조제1항,2025.12.8,2265,2026-09-21
여수시,전남,도시지역-상업,근린상업지역,70,% 이하,제33조제1항,900,% 이하,제36조제1항,2025.12.8,2265,2026-09-21
여수시,전남,도시지역-상업,유통상업지역,80,% 이하,제33조제1항,1100,% 이하,제36조제1항,2025.12.8,2265,2026-09-21
여수시,전남,도시지역-공업,전용공업지역,70,% 이하,제33조제1항,300,% 이하,제36조제1항,2025.12.8,2265,2026-09-21
여수시,전남,도시지역-공업,일반공업지역,70,% 이하,제33조제1항,350,% 이하,제36조제1항,2025.12.8,2265,2026-09-21
여수시,전남,도시지역-공업,준공업지역,70,% 이하,제33조제1항,400,% 이하,제36조제1항,2025.12.8,2265,2026-09-21
여수시,전남,도시지역-녹지,보전녹지지역,20,% 이하,제33조제1항,80,% 이하,제36조제1항,2025.12.8,2265,2026-09-21
여수시,전남,도시지역-녹지,생산녹지지역,20,% 이하,제33조제1항,100,% 이하,제36조제1항,2025.12.8,2265,2026-09-21
여수시,전남,도시지역-녹지,자연녹지지역,20,% 이하,제33조제1항,100,% 이하,제36조제1항,2025.12.8,2265,2026-09-21
여수시,전남,관리지역,보전관리지역,20,% 이하,제33조제1항,80,% 이하,제36조제1항,2025.12.8,2265,2026-09-21
여수시,전남,관리지역,생산관리지역,20,% 이하,제33조제1항,80,% 이하,제36조제1항,2025.12.8,2265,2026-09-21
여수시,전남,관리지역,계획관리지역,40,% 이하,제33조제1항,100,% 이하,제36조제1항,2025.12.8,2265,2026-09-21
여수시,전남,농림지역,농림지역,20,% 이하,제33조제1항,80,% 이하,제36조제1항,2025.12.8,2265,2026-09-21
여수시,전남,자연환경보전지역,자연환경보전지역,20,% 이하,제33조제1항,80,% 이하,제36조제1항,2025.12.8,2265,2026-09-21
순천시,전남,도시지역-주거,제1종전용주거지역,50,% 이하,제53조제1항,100,% 이하,제58조제1항,2026.7.1,2903,2026-09-21
순천시,전남,도시지역-주거,제2종전용주거지역,50,% 이하,제53조제1항,150,% 이하,제58조제1항,2026.7.1,2903,2026-09-21
순천시,전남,도시지역-주거,제1종일반주거지역,60,% 이하,제53조제1항,200,% 이하,제58조제1항,2026.7.1,2903,2026-09-21
순천시,전남,도시지역-주거,제2종일반주거지역,60,% 이하,제53조제1항,250,% 이하,제58조제1항,2026.7.1,2903,2026-09-21
순천시,전남,도시지역-주거,제3종일반주거지역,50,% 이하,제53조제1항,300,% 이하,제58조제1항,2026.7.1,2903,2026-09-21
순천시,전남,도시지역-주거,준주거지역,70,% 이하,제53조제1항,500,% 이하,제58조제1항,2026.7.1,2903,2026-09-21
순천시,전남,도시지역-상업,중심상업지역,90,% 이하,제53조제1항,900,% 이하,제58조제1항,2026.7.1,2903,2026-09-21
순천시,전남,도시지역-상업,일반상업지역,80,% 이하,제53조제1항,800,% 이하,제58조제1항,2026.7.1,2903,2026-09-21
순천시,전남,도시지역-상업,근린상업지역,70,% 이하,제53조제1항,600,% 이하,제58조제1항,2026.7.1,2903,2026-09-21
순천시,전남,도시지역-상업,유통상업지역,80,% 이하,제53조제1항,500,% 이하,제58조제1항,2026.7.1,2903,2026-09-21
순천시,전남,도시지역-공업,전용공업지역,70,% 이하,제53조제1항,300,% 이하,제58조제1항,2026.7.1,2903,2026-09-21
순천시,전남,도시지역-공업,일반공업지역,70,% 이하,제53조제1항,350,% 이하,제58조제1항,2026.7.1,2903,2026-09-21
순천시,전남,도시지역-공업,준공업지역,70,% 이하,제53조제1항,400,% 이하,제58조제1항,2026.7.1,2903,2026-09-21
순천시,전남,도시지역-녹지,보전녹지지역,20,% 이하,제53조제1항,80,% 이하,제58조제1항,2026.7.1,2903,2026-09-21
순천시,전남,도시지역-녹지,생산녹지지역,20,% 이하,제53조제1항,100,% 이하,제58조제1항,2026.7.1,2903,2026-09-21
순천시,전남,도시지역-녹지,자연녹지지역,20,% 이하,제53조제1항,100,% 이하,제58조제1항,2026.7.1,2903,2026-09-21
순천시,전남,관리지역,보전관리지역,20,% 이하,제53조제1항,50,% 이하,제58조제1항,2026.7.1,2903,2026-09-21
순천시,전남,관리지역,생산관리지역,20,% 이하,제53조제1항,80,% 이하,제58조제1항,2026.7.1,2903,2026-09-21
순천시,전남,관리지역,계획관리지역,40,% 이하,제53조제1항,100,% 이하,제58조제1항,2026.7.1,2903,2026-09-21
순천시,전남,농림지역,농림지역,20,% 이하,제53조제1항,80,% 이하,제58조제1항,2026.7.1,2903,2026-09-21
순천시,전남,자연환경보전지역,자연환경보전지역,20,% 이하,제53조제1항,50,% 이하,제58조제1항,2026.7.1,2903,2026-09-21
나주시,전남,도시지역-주거,제1종전용주거지역,50,% 이하,제50조제1항,100,% 이하,제62조제1항,2025.12.31,2414,2026-09-21
나주시,전남,도시지역-주거,제2종전용주거지역,50,% 이하,제50조제1항,150,% 이하,제62조제1항,2025.12.31,2414,2026-09-21
나주시,전남,도시지역-주거,제1종일반주거지역,60,% 이하,제50조제1항,200,% 이하,제62조제1항,2025.12.31,2414,2026-09-21
나주시,전남,도시지역-주거,제2종일반주거지역,60,% 이하,제50조제1항,250,% 이하,제62조제1항,2025.12.31,2414,2026-09-21
나주시,전남,도시지역-주거,제3종일반주거지역,50,% 이하,제50조제1항,300,% 이하,제62조제1항,2025.12.31,2414,2026-09-21
나주시,전남,도시지역-주거,준주거지역,70,% 이하,제50조제1항,500,% 이하,제62조제1항,2025.12.31,2414,2026-09-21
나주시,전남,도시지역-상업,중심상업지역,90,% 이하,제50조제1항,1500,% 이하,제62조제1항,2025.12.31,2414,2026-09-21
나주시,전남,도시지역-상업,일반상업지역,80,% 이하,제50조제1항,1300,% 이하,제62조제1항,2025.12.31,2414,2026-09-21
나주시,전남,도시지역-상업,근린상업지역,70,% 이하,제50조제1항,900,% 이하,제62조제1항,2025.12.31,2414,2026-09-21
나주시,전남,도시지역-상업,유통상업지역,80,% 이하,제50조제1항,1100,% 이하,제62조제1항,2025.12.31,2414,2026-09-21
나주시,전남,도시지역-공업,전용공업지역,70,% 이하,제50조제1항,300,% 이하,제62조제1항,2025.12.31,2414,2026-09-21
나주시,전남,도시지역-공업,일반공업지역,70,% 이하,제50조제1항,350,% 이하,제62조제1항,2025.12.31,2414,2026-09-21
나주시,전남,도시지역-공업,준공업지역,70,% 이하,제50조제1항,400,% 이하,제62조제1항,2025.12.31,2414,2026-09-21
나주시,전남,도시지역-녹지,보전녹지지역,20,% 이하,제50조제1항,80,% 이하,제62조제1항,2025.12.31,2414,2026-09-21
나주시,전남,도시지역-녹지,생산녹지지역,20,% 이하,제50조제1항,100,% 이하,제62조제1항,2025.12.31,2414,2026-09-21
나주시,전남,도시지역-녹지,자연녹지지역,20,% 이하,제50조제1항,100,% 이하,제62조제1항,2025.12.31,2414,2026-09-21
나주시,전남,관리지역,보전관리지역,20,% 이하,제50조제1항,80,% 이하,제62조제1항,2025.12.31,2414,2026-09-21
나주시,전남,관리지역,생산관리지역,20,% 이하,제50조제1항,80,% 이하,제62조제1항,2025.12.31,2414,2026-09-21
나주시,전남,관리지역,계획관리지역,40,% 이하,제50조제1항,100,% 이하,제62조제1항,2025.12.31,2414,2026-09-21
나주시,전남,농림지역,농림지역,20,% 이하,제50조제1항,80,% 이하,제62조제1항,2025.12.31,2414,2026-09-21
나주시,전남,자연환경보전지역,자연환경보전지역,20,% 이하,제50조제1항,80,% 이하,제62조제1항,2025.12.31,2414,2026-09-21
광양시,전남,도시지역-주거,제1종전용주거지역,50,% 이하,제52조제1항,100,% 이하,제59조제1항,2025.12.31,2293,2026-09-21
광양시,전남,도시지역-주거,제2종전용주거지역,50,% 이하,제52조제1항,150,% 이하,제59조제1항,2025.12.31,2293,2026-09-21
광양시,전남,도시지역-주거,제1종일반주거지역,60,% 이하,제52조제1항,200,% 이하,제59조제1항,2025.12.31,2293,2026-09-21
광양시,전남,도시지역-주거,제2종일반주거지역,60,% 이하,제52조제1항,250,% 이하,제59조제1항,2025.12.31,2293,2026-09-21
광양시,전남,도시지역-주거,제3종일반주거지역,50,% 이하,제52조제1항,300,% 이하,제59조제1항,2025.12.31,2293,2026-09-21
광양시,전남,도시지역-주거,준주거지역,70,% 이하,제52조제1항,500,% 이하,제59조제1항,2025.12.31,2293,2026-09-21
광양시,전남,도시지역-상업,중심상업지역,90,% 이하,제52조제1항,1500,% 이하,제59조제1항,2025.12.31,2293,2026-09-21
광양시,전남,도시지역-상업,일반상업지역,80,% 이하,제52조제1항,1300,% 이하,제59조제1항,2025.12.31,2293,2026-09-21
광양시,전남,도시지역-상업,근린상업지역,70,% 이하,제52조제1항,900,% 이하,제59조제1항,2025.12.31,2293,2026-09-21
광양시,전남,도시지역-상업,유통상업지역,80,% 이하,제52조제1항,1100,% 이하,제59조제1항,2025.12.31,2293,2026-09-21
광양시,전남,도시지역-공업,전용공업지역,70,% 이하,제52조제1항,300,% 이하,제59조제1항,2025.12.31,2293,2026-09-21
광양시,전남,도시지역-공업,일반공업지역,70,% 이하,제52조제1항,350,% 이하,제59조제1항,2025.12.31,2293,2026-09-21
광양시,전남,도시지역-공업,준공업지역,70,% 이하,제52조제1항,400,% 이하,제59조제1항,2025.12.31,2293,2026-09-21
광양시,전남,도시지역-녹지,보전녹지지역,20,% 이하,제52조제1항,80,% 이하,제59조제1항,2025.12.31,2293,2026-09-21
광양시,전남,도시지역-녹지,생산녹지지역,20,% 이하,제52조제1항,100,% 이하,제59조제1항,2025.12.31,2293,2026-09-21
광양시,전남,도시지역-녹지,자연녹지지역,20,% 이하,제52조제1항,100,% 이하,제59조제1항,2025.12.31,2293,2026-09-21
광양시,전남,관리지역,보전관리지역,20,% 이하,제52조제1항,80,% 이하,제59조제1항,2025.12.31,2293,2026-09-21
광양시,전남,관리지역,생산관리지역,20,% 이하,제52조제1항,80,% 이하,제59조제1항,2025.12.31,2293,2026-09-21
광양시,전남,관리지역,계획관리지역,40,% 이하,제52조제1항,100,% 이하,제59조제1항,2025.12.31,2293,2026-09-21
광양시,전남,농림지역,농림지역,20,% 이하,제52조제1항,80,% 이하,제59조제1항,2025.12.31,2293,2026-09-21
광양시,전남,자연환경보전지역,자연환경보전지역,20,% 이하,제52조제1항,80,% 이하,제59조제1항,2025.12.31,2293,2026-09-21
담양군,전남,도시지역-주거,제1종전용주거지역,50,% 이하,제53조제1항,100,% 이하,제58조제1항,2026.8.10,3094,2026-09-21
담양군,전남,도시지역-주거,제2종전용주거지역,50,% 이하,제53조제1항,150,% 이하,제58조제1항,2026.8.10,3094,2026-09-21
담양군,전남,도시지역-주거,제1종일반주거지역,60,% 이하,제53조제1항,200,% 이하,제58조제1항,2026.8.10,3094,2026-09-21
담양군,전남,도시지역-주거,제2종일반주거지역,60,% 이하,제53조제1항,250,% 이하,제58조제1항,2026.8.10,3094,2026-09-21
담양군,전남,도시지역-주거,제3종일반주거지역,50,% 이하,제53조제1항,300,% 이하,제58조제1항,2026.8.10,3094,2026-09-21
담양군,전남,도시지역-주거,준주거지역,70,% 이하,제53조제1항,500,% 이하,제58조제1항,2026.8.10,3094,2026-09-21
담양군,전남,도시지역-상업,중심상업지역,90,% 이하,제53조제1항,1500,% 이하,제58조제1항,2026.8.10,3094,2026-09-21
담양군,전남,도시지역-상업,일반상업지역,80,% 이하,제53조제1항,1300,% 이하,제58조제1항,2026.8.10,3094,2026-09-21
담양군,전남,도시지역-상업,근린상업지역,70,% 이하,제53조제1항,900,% 이하,제58조제1항,2026.8.10,3094,2026-09-21
담양군,전남,도시지역-상업,유통상업지역,80,% 이하,제53조제1항,1100,% 이하,제58조제1항,2026.8.10,3094,2026-09-21
담양군,전남,도시지역-공업,전용공업지역,70,% 이하,제53조제1항,300,% 이하,제58조제1항,2026.8.10,3094,2026-09-21
담양군,전남,도시지역-공업,일반공업지역,70,% 이하,제53조제1항,350,% 이하,제58조제1항,2026.8.10,3094,2026-09-21
담양군,전남,도시지역-공업,준공업지역,70,% 이하,제53조제1항,400,% 이하,제58조제1항,2026.8.10,3094,2026-09-21
담양군,전남,도시지역-녹지,보전녹지지역,20,% 이하,제53조제1항,80,% 이하,제58조제1항,2026.8.10,3094,2026-09-21
담양군,전남,도시지역-녹지,생산녹지지역,20,% 이하,제53조제1항,100,% 이하,제58조제1항,2026.8.10,3094,2026-09-21
담양군,전남,도시지역-녹지,자연녹지지역,20,% 이하,제53조제1항,100,% 이하,제58조제1항,2026.8.10,3094,2026-09-21
담양군,전남,관리지역,보전관리지역,20,% 이하,제53조제1항,80,% 이하,제58조제1항,2026.8.10,3094,2026-09-21
담양군,전남,관리지역,생산관리지역,20,% 이하,제53조제1항,80,% 이하,제58조제1항,2026.8.10,3094,2026-09-21
담양군,전남,관리지역,계획관리지역,40,% 이하,제53조제1항,100,% 이하,제58조제1항,2026.8.10,3094,2026-09-21
담양군,전남,농림지역,농림지역,20,% 이하,제53조제1항,80,% 이하,제58조제1항,2026.8.10,3094,2026-09-21
담양군,전남,자연환경보전지역,자연환경보전지역,20,% 이하,제53조제1항,80,% 이하,제58조제1항,2026.8.10,3094,2026-09-21
곡성군,전남,도시지역-주거,제1종전용주거지역,50,% 이하,제36조제1항,100,% 이하,제37조제1항,2026.8.12,2733,2026-09-21
곡성군,전남,도시지역-주거,제2종전용주거지역,50,% 이하,제36조제1항,150,% 이하,제37조제1항,2026.8.12,2733,2026-09-21
곡성군,전남,도시지역-주거,제1종일반주거지역,60,% 이하,제36조제1항,200,% 이하,제37조제1항,2026.8.12,2733,2026-09-21
곡성군,전남,도시지역-주거,제2종일반주거지역,60,% 이하,제36조제1항,250,% 이하,제37조제1항,2026.8.12,2733,2026-09-21
곡성군,전남,도시지역-주거,제3종일반주거지역,50,% 이하,제36조제1항,300,% 이하,제37조제1항,2026.8.12,2733,2026-09-21
곡성군,전남,도시지역-주거,준주거지역,70,% 이하,제36조제1항,500,% 이하,제37조제1항,2026.8.12,2733,2026-09-21
곡성군,전남,도시지역-상업,중심상업지역,90,% 이하,제36조제1항,1500,% 이하,제37조제1항,2026.8.12,2733,2026-09-21
곡성군,전남,도시지역-상업,일반상업지역,80,% 이하,제36조제1항,1300,% 이하,제37조제1항,2026.8.12,2733,2026-09-21
곡성군,전남,도시지역-상업,근린상업지역,70,% 이하,제36조제1항,900,% 이하,제37조제1항,2026.8.12,2733,2026-09-21
곡성군,전남,도시지역-상업,유통상업지역,80,% 이하,제36조제1항,1100,% 이하,제37조제1항,2026.8.12,2733,2026-09-21
곡성군,전남,도시지역-공업,전용공업지역,70,% 이하,제36조제1항,300,% 이하,제37조제1항,2026.8.12,2733,2026-09-21
곡성군,전남,도시지역-공업,일반공업지역,70,% 이하,제36조제1항,350,% 이하,제37조제1항,2026.8.12,2733,2026-09-21
곡성군,전남,도시지역-공업,준공업지역,70,% 이하,제36조제1항,400,% 이하,제37조제1항,2026.8.12,2733,2026-09-21
곡성군,전남,도시지역-녹지,보전녹지지역,20,% 이하,제36조제1항,80,% 이하,제37조제1항,2026.8.12,2733,2026-09-21
곡성군,전남,도시지역-녹지,생산녹지지역,20,% 이하,제36조제1항,100,% 이하,제37조제1항,2026.8.12,2733,2026-09-21
곡성군,전남,도시지역-녹지,자연녹지지역,20,% 이하,제36조제1항,100,% 이하,제37조제1항,2026.8.12,2733,2026-09-21
곡성군,전남,관리지역,보전관리지역,20,% 이하,제36조제1항,80,% 이하,제37조제1항,2026.8.12,2733,2026-09-21
곡성군,전남,관리지역,생산관리지역,20,% 이하,제36조제1항,80,% 이하,제37조제1항,2026.8.12,2733,2026-09-21
곡성군,전남,관리지역,계획관리지역,40,% 이하,제36조제1항,100,% 이하,제37조제1항,2026.8.12,2733,2026-09-21
곡성군,전남,농림지역,농림지역,20,% 이하,제36조제1항,80,% 이하,제37조제1항,2026.8.12,2733,2026-09-21
곡성군,전남,자연환경보전지역,자연환경보전지역,20,% 이하,제36조제1항,80,% 이하,제37조제1항,2026.8.12,2733,2026-09-21
구례군,전남,도시지역-주거,제1종전용주거지역,50,% 이하,제56조제1항,100,% 이하,제61조제1항,2025.4.23,2642,2026-09-21
구례군,전남,도시지역-주거,제2종전용주거지역,50,% 이하,제56조제1항,150,% 이하,제61조제1항,2025.4.23,2642,2026-09-21
구례군,전남,도시지역-주거,제1종일반주거지역,60,% 이하,제56조제1항,200,% 이하,제61조제1항,2025.4.23,2642,2026-09-21
구례군,전남,도시지역-주거,제2종일반주거지역,60,% 이하,제56조제1항,250,% 이하,제61조제1항,2025.4.23,2642,2026-09-21
구례군,전남,도시지역-주거,제3종일반주거지역,50,% 이하,제56조제1항,300,% 이하,제61조제1항,2025.4.23,2642,2026-09-21
구례군,전남,도시지역-주거,준주거지역,70,% 이하,제56조제1항,500,% 이하,제61조제1항,2025.4.23,2642,2026-09-21
구례군,전남,도시지역-상업,중심상업지역,90,% 이하,제56조제1항,1500,% 이하,제61조제1항,2025.4.23,2642,2026-09-21
구례군,전남,도시지역-상업,일반상업지역,80,% 이하,제56조제1항,1300,% 이하,제61조제1항,2025.4.23,2642,2026-09-21
구례군,전남,도시지역-상업,근린상업지역,70,% 이하,제56조제1항,900,% 이하,제61조제1항,2025.4.23,2642,2026-09-21
구례군,전남,도시지역-상업,유통상업지역,80,% 이하,제56조제1항,1100,% 이하,제61조제1항,2025.4.23,2642,2026-09-21
구례군,전남,도시지역-공업,전용공업지역,70,% 이하,제56조제1항,300,% 이하,제61조제1항,2025.4.23,2642,2026-09-21
구례군,전남,도시지역-공업,일반공업지역,70,% 이하,제56조제1항,350,% 이하,제61조제1항,2025.4.23,2642,2026-09-21
구례군,전남,도시지역-공업,준공업지역,70,% 이하,제56조제1항,400,% 이하,제61조제1항,2025.4.23,2642,2026-09-21
구례군,전남,도시지역-녹지,보전녹지지역,20,% 이하,제56조제1항,80,% 이하,제61조제1항,2025.4.23,2642,2026-09-21
구례군,전남,도시지역-녹지,생산녹지지역,20,% 이하,제56조제1항,100,% 이하,제61조제1항,2025.4.23,2642,2026-09-21
구례군,전남,도시지역-녹지,자연녹지지역,20,% 이하,제56조제1항,100,% 이하,제61조제1항,2025.4.23,2642,2026-09-21
구례군,전남,관리지역,보전관리지역,20,% 이하,제56조제1항,80,% 이하,제61조제1항,2025.4.23,2642,2026-09-21
구례군,전남,관리지역,생산관리지역,20,% 이하,제56조제1항,80,% 이하,제61조제1항,2025.4.23,2642,2026-09-21
구례군,전남,관리지역,계획관리지역,40,% 이하,제56조제1항,100,% 이하,제61조제1항,2025.4.23,2642,2026-09-21
구례군,전남,농림지역,농림지역,20,% 이하,제56조제1항,80,% 이하,제61조제1항,2025.4.23,2642,2026-09-21
구례군,전남,자연환경보전지역,자연환경보전지역,20,% 이하,제56조제1항,80,% 이하,제61조제1항,2025.4.23,2642,2026-09-21
고흥군,전남,도시지역-주거,제1종전용주거지역,50,% 이하,제49조제1항,100,% 이하,제53조제1항,2026.8.24,3256,2026-09-21
고흥군,전남,도시지역-주거,제2종전용주거지역,50,% 이하,제49조제1항,150,% 이하,제53조제1항,2026.8.24,3256,2026-09-21
고흥군,전남,도시지역-주거,제1종일반주거지역,60,% 이하,제49조제1항,200,% 이하,제53조제1항,2026.8.24,3256,2026-09-21
고흥군,전남,도시지역-주거,제2종일반주거지역,60,% 이하,제49조제1항,250,% 이하,제53조제1항,2026.8.24,3256,2026-09-21
고흥군,전남,도시지역-주거,제3종일반주거지역,50,% 이하,제49조제1항,300,% 이하,제53조제1항,2026.8.24,3256,2026-09-21
고흥군,전남,도시지역-주거,준주거지역,70,% 이하,제49조제1항,500,% 이하,제53조제1항,2026.8.24,3256,2026-09-21
고흥군,전남,도시지역-상업,중심상업지역,90,% 이하,제49조제1항,1500,% 이하,제53조제1항,2026.8.24,3256,2026-09-21
고흥군,전남,도시지역-상업,일반상업지역,80,% 이하,제49조제1항,1300,% 이하,제53조제1항,2026.8.24,3256,2026-09-21
고흥군,전남,도시지역-상업,근린상업지역,70,% 이하,제49조제1항,900,% 이하,제53조제1항,2026.8.24,3256,2026-09-21
고흥군,전남,도시지역-상업,유통상업지역,80,% 이하,제49조제1항,1100,% 이하,제53조제1항,2026.8.24,3256,2026-09-21
고흥군,전남,도시지역-공업,전용공업지역,70,% 이하,제49조제1항,300,% 이하,제53조제1항,2026.8.24,3256,2026-09-21
고흥군,전남,도시지역-공업,일반공업지역,70,% 이하,제49조제1항,350,% 이하,제53조제1항,2026.8.24,3256,2026-09-21
고흥군,전남,도시지역-공업,준공업지역,70,% 이하,제49조제1항,400,% 이하,제53조제1항,2026.8.24,3256,2026-09-21
고흥군,전남,도시지역-녹지,보전녹지지역,20,% 이하,제49조제1항,80,% 이하,제53조제1항,2026.8.24,3256,2026-09-21
고흥군,전남,도시지역-녹지,생산녹지지역,20,% 이하,제49조제1항,100,% 이하,제53조제1항,2026.8.24,3256,2026-09-21
고흥군,전남,도시지역-녹지,자연녹지지역,20,% 이하,제49조제1항,100,% 이하,제53조제1항,2026.8.24,3256,2026-09-21
고흥군,전남,관리지역,보전관리지역,20,% 이하,제49조제1항,80,% 이하,제53조제1항,2026.8.24,3256,2026-09-21
고흥군,전남,관리지역,생산관리지역,20,% 이하,제49조제1항,80,% 이하,제53조제1항,2026.8.24,3256,2026-09-21
고흥군,전남,관리지역,계획관리지역,40,% 이하,제49조제1항,100,% 이하,제53조제1항,2026.8.24,3256,2026-09-21
고흥군,전남,농림지역,농림지역,20,% 이하,제49조제1항,80,% 이하,제53조제1항,2026.8.24,3256,2026-09-21
고흥군,전남,자연환경보전지역,자연환경보전지역,20,% 이하,제49조제1항,80,% 이하,제53조제1항,2026.8.24,3256,2026-09-21
보성군,전남,도시지역-주거,제1종전용주거지역,50,% 이하,제45조제1항,100,% 이하,제55조제1항,2026.8.4,2962,2026-09-21
보성군,전남,도시지역-주거,제2종전용주거지역,50,% 이하,제45조제1항,150,% 이하,제55조제1항,2026.8.4,2962,2026-09-21
보성군,전남,도시지역-주거,제1종일반주거지역,60,% 이하,제45조제1항,200,% 이하,제55조제1항,2026.8.4,2962,2026-09-21
보성군,전남,도시지역-주거,제2종일반주거지역,60,% 이하,제45조제1항,250,% 이하,제55조제1항,2026.8.4,2962,2026-09-21
보성군,전남,도시지역-주거,제3종일반주거지역,50,% 이하,제45조제1항,300,% 이하,제55조제1항,2026.8.4,2962,2026-09-21
보성군,전남,도시지역-주거,준주거지역,70,% 이하,제45조제1항,500,% 이하,제55조제1항,2026.8.4,2962,2026-09-21
보성군,전남,도시지역-상업,중심상업지역,90,% 이하,제45조제1항,1500,% 이하,제55조제1항,2026.8.4,2962,2026-09-21
보성군,전남,도시지역-상업,일반상업지역,80,% 이하,제45조제1항,1300,% 이하,제55조제1항,2026.8.4,2962,2026-09-21
보성군,전남,도시지역-상업,근린상업지역,70,% 이하,제45조제1항,900,% 이하,제55조제1항,2026.8.4,2962,2026-09-21
보성군,전남,도시지역-상업,유통상업지역,80,% 이하,제45조제1항,1100,% 이하,제55조제1항,2026.8.4,2962,2026-09-21
보성군,전남,도시지역-공업,전용공업지역,70,% 이하,제45조제1항,300,% 이하,제55조제1항,2026.8.4,2962,2026-09-21
보성군,전남,도시지역-공업,일반공업지역,70,% 이하,제45조제1항,350,% 이하,제55조제1항,2026.8.4,2962,2026-09-21
보성군,전남,도시지역-공업,준공업지역,70,% 이하,제45조제1항,400,% 이하,제55조제1항,2026.8.4,2962,2026-09-21
보성군,전남,도시지역-녹지,보전녹지지역,20,% 이하,제45조제1항,80,% 이하,제55조제1항,2026.8.4,2962,2026-09-21
보성군,전남,도시지역-녹지,생산녹지지역,20,% 이하,제45조제1항,100,% 이하,제55조제1항,2026.8.4,2962,2026-09-21
보성군,전남,도시지역-녹지,자연녹지지역,20,% 이하,제45조제1항,100,% 이하,제55조제1항,2026.8.4,2962,2026-09-21
보성군,전남,관리지역,보전관리지역,20,% 이하,제45조제1항,80,% 이하,제55조제1항,2026.8.4,2962,2026-09-21
보성군,전남,관리지역,생산관리지역,20,% 이하,제45조제1항,80,% 이하,제55조제1항,2026.8.4,2962,2026-09-21
보성군,전남,관리지역,계획관리지역,40,% 이하,제45조제1항,100,% 이하,제55조제1항,2026.8.4,2962,2026-09-21
보성군,전남,농림지역,농림지역,20,% 이하,제45조제1항,80,% 이하,제55조제1항,2026.8.4,2962,2026-09-21
보성군,전남,자연환경보전지역,자연환경보전지역,20,% 이하,제45조제1항,80,% 이하,제55조제1항,2026.8.4,2962,2026-09-21
화순군,전남,도시지역-주거,제1종전용주거지역,50,% 이하,제53조제1항,100,% 이하,제58조제1항,2025.12.22,3240,2026-09-21
화순군,전남,도시지역-주거,제2종전용주거지역,50,% 이하,제53조제1항,150,% 이하,제58조제1항,2025.12.22,3240,2026-09-21
화순군,전남,도시지역-주거,제1종일반주거지역,60,% 이하,제53조제1항,200,% 이하,제58조제1항,2025.12.22,3240,2026-09-21
화순군,전남,도시지역-주거,제2종일반주거지역,60,% 이하,제53조제1항,250,% 이하,제58조제1항,2025.12.22,3240,2026-09-21
화순군,전남,도시지역-주거,제3종일반주거지역,50,% 이하,제53조제1항,300,% 이하,제58조제1항,2025.12.22,3240,2026-09-21
화순군,전남,도시지역-주거,준주거지역,70,% 이하,제53조제1항,500,% 이하,제58조제1항,2025.12.22,3240,2026-09-21
화순군,전남,도시지역-상업,중심상업지역,90,% 이하,제53조제1항,1500,% 이하,제58조제1항,2025.12.22,3240,2026-09-21
화순군,전남,도시지역-상업,일반상업지역,80,% 이하,제53조제1항,1300,% 이하,제58조제1항,2025.12.22,3240,2026-09-21
화순군,전남,도시지역-상업,근린상업지역,70,% 이하,제53조제1항,900,% 이하,제58조제1항,2025.12.22,3240,2026-09-21
화순군,전남,도시지역-상업,유통상업지역,80,% 이하,제53조제1항,1100,% 이하,제58조제1항,2025.12.22,3240,2026-09-21
화순군,전남,도시지역-공업,전용공업지역,70,% 이하,제53조제1항,300,% 이하,제58조제1항,2025.12.22,3240,2026-09-21
화순군,전남,도시지역-공업,일반공업지역,70,% 이하,제53조제1항,350,% 이하,제58조제1항,2025.12.22,3240,2026-09-21
화순군,전남,도시지역-공업,준공업지역,70,% 이하,제53조제1항,400,% 이하,제58조제1항,2025.12.22,3240,2026-09-21
화순군,전남,도시지역-녹지,보전녹지지역,20,% 이하,제53조제1항,80,% 이하,제58조제1항,2025.12.22,3240,2026-09-21
화순군,전남,도시지역-녹지,생산녹지지역,20,% 이하,제53조제1항,100,% 이하,제58조제1항,2025.12.22,3240,2026-09-21
화순군,전남,도시지역-녹지,자연녹지지역,20,% 이하,제53조제1항,100,% 이하,제58조제1항,2025.12.22,3240,2026-09-21
화순군,전남,관리지역,보전관리지역,20,% 이하,제53조제1항,80,% 이하,제58조제1항,2025.12.22,3240,2026-09-21
화순군,전남,관리지역,생산관리지역,20,% 이하,제53조제1항,80,% 이하,제58조제1항,2025.12.22,3240,2026-09-21
화순군,전남,관리지역,계획관리지역,40,% 이하,제53조제1항,100,% 이하,제58조제1항,2025.12.22,3240,2026-09-21
화순군,전남,농림지역,농림지역,20,% 이하,제53조제1항,80,% 이하,제58조제1항,2025.12.22,3240,2026-09-21
화순군,전남,자연환경보전지역,자연환경보전지역,20,% 이하,제53조제1항,80,% 이하,제58조제1항,2025.12.22,3240,2026-09-21
강진군,전남,도시지역-주거,제1종전용주거지역,50,% 이하,제37조제1항,100,% 이하,제47조제1항,2026.8.10,2895,2026-09-21
강진군,전남,도시지역-주거,제2종전용주거지역,50,% 이하,제37조제1항,150,% 이하,제47조제1항,2026.8.10,2895,2026-09-21
강진군,전남,도시지역-주거,제1종일반주거지역,60,% 이하,제37조제1항,200,% 이하,제47조제1항,2026.8.10,2895,2026-09-21
강진군,전남,도시지역-주거,제2종일반주거지역,60,% 이하,제37조제1항,250,% 이하,제47조제1항,2026.8.10,2895,2026-09-21
강진군,전남,도시지역-주거,제3종일반주거지역,50,% 이하,제37조제1항,300,% 이하,제47조제1항,2026.8.10,2895,2026-09-21
강진군,전남,도시지역-주거,준주거지역,70,% 이하,제37조제1항,500,% 이하,제47조제1항,2026.8.10,2895,2026-09-21
강진군,전남,도시지역-상업,중심상업지역,90,% 이하,제37조제1항,1500,% 이하,제47조제1항,2026.8.10,2895,2026-09-21
강진군,전남,도시지역-상업,일반상업지역,80,% 이하,제37조제1항,1300,% 이하,제47조제1항,2026.8.10,2895,2026-09-21
강진군,전남,도시지역-상업,근린상업지역,70,% 이하,제37조제1항,900,% 이하,제47조제1항,2026.8.10,2895,2026-09-21
강진군,전남,도시지역-상업,유통상업지역,80,% 이하,제37조제1항,1100,% 이하,제47조제1항,2026.8.10,2895,2026-09-21
강진군,전남,도시지역-공업,전용공업지역,70,% 이하,제37조제1항,300,% 이하,제47조제1항,2026.8.10,2895,2026-09-21
강진군,전남,도시지역-공업,일반공업지역,70,% 이하,제37조제1항,350,% 이하,제47조제1항,2026.8.10,2895,2026-09-21
강진군,전남,도시지역-공업,준공업지역,70,% 이하,제37조제1항,400,% 이하,제47조제1항,2026.8.10,2895,2026-09-21
강진군,전남,도시지역-녹지,보전녹지지역,20,% 이하,제37조제1항,80,% 이하,제47조제1항,2026.8.10,2895,2026-09-21
강진군,전남,도시지역-녹지,생산녹지지역,20,% 이하,제37조제1항,100,% 이하,제47조제1항,2026.8.10,2895,2026-09-21
강진군,전남,도시지역-녹지,자연녹지지역,20,% 이하,제37조제1항,100,% 이하,제47조제1항,2026.8.10,2895,2026-09-21
강진군,전남,관리지역,보전관리지역,20,% 이하,제37조제1항,80,% 이하,제47조제1항,2026.8.10,2895,2026-09-21
강진군,전남,관리지역,생산관리지역,20,% 이하,제37조제1항,80,% 이하,제47조제1항,2026.8.10,2895,2026-09-21
강진군,전남,관리지역,계획관리지역,40,% 이하,제37조제1항,100,% 이하,제47조제1항,2026.8.10,2895,2026-09-21
강진군,전남,농림지역,농림지역,20,% 이하,제37조제1항,80,% 이하,제47조제1항,2026.8.10,2895,2026-09-21
강진군,전남,자연환경보전지역,자연환경보전지역,20,% 이하,제37조제1항,80,% 이하,제47조제1항,2026.8.10,2895,2026-09-21
해남군,전남,도시지역-주거,제1종전용주거지역,50,% 이하,제55조제1항,100,% 이하,제60조제1항,2025.12.15,3447,2026-09-21
해남군,전남,도시지역-주거,제2종전용주거지역,50,% 이하,제55조제1항,150,% 이하,제60조제1항,2025.12.15,3447,2026-09-21
해남군,전남,도시지역-주거,제1종일반주거지역,60,% 이하,제55조제1항,200,% 이하,제60조제1항,2025.12.15,3447,2026-09-21
해남군,전남,도시지역-주거,제2종일반주거지역,60,% 이하,제55조제1항,250,% 이하,제60조제1항,2025.12.15,3447,2026-09-21
해남군,전남,도시지역-주거,제3종일반주거지역,50,% 이하,제55조제1항,300,% 이하,제60조제1항,2025.12.15,3447,2026-09-21
해남군,전남,도시지역-주거,준주거지역,70,% 이하,제55조제1항,500,% 이하,제60조제1항,2025.12.15,3447,2026-09-21
해남군,전남,도시지역-상업,중심상업지역,90,% 이하,제55조제1항,1500,% 이하,제60조제1항,2025.12.15,3447,2026-09-21
해남군,전남,도시지역-상업,일반상업지역,80,% 이하,제55조제1항,1300,% 이하,제60조제1항,2025.12.15,3447,2026-09-21
해남군,전남,도시지역-상업,근린상업지역,70,% 이하,제55조제1항,900,% 이하,제60조제1항,2025.12.15,3447,2026-09-21
해남군,전남,도시지역-상업,유통상업지역,80,% 이하,제55조제1항,1100,% 이하,제60조제1항,2025.12.15,3447,2026-09-21
해남군,전남,도시지역-공업,전용공업지역,70,% 이하,제55조제1항,300,% 이하,제60조제1항,2025.12.15,3447,2026-09-21
해남군,전남,도시지역-공업,일반공업지역,70,% 이하,제55조제1항,350,% 이하,제60조제1항,2025.12.15,3447,2026-09-21
해남군,전남,도시지역-공업,준공업지역,70,% 이하,제55조제1항,400,% 이하,제60조제1항,2025.12.15,3447,2026-09-21
해남군,전남,도시지역-녹지,보전녹지지역,20,% 이하,제55조제1항,80,% 이하,제60조제1항,2025.12.15,3447,2026-09-21
해남군,전남,도시지역-녹지,생산녹지지역,20,% 이하,제55조제1항,100,% 이하,제60조제1항,2025.12.15,3447,2026-09-21
해남군,전남,도시지역-녹지,자연녹지지역,20,% 이하,제55조제1항,100,% 이하,제60조제1항,2025.12.15,3447,2026-09-21
해남군,전남,관리지역,보전관리지역,20,% 이하,제55조제1항,80,% 이하,제60조제1항,2025.12.15,3447,2026-09-21
해남군,전남,관리지역,생산관리지역,20,% 이하,제55조제1항,80,% 이하,제60조제1항,2025.12.15,3447,2026-09-21
해남군,전남,관리지역,계획관리지역,40,% 이하,제55조제1항,100,% 이하,제60조제1항,2025.12.15,3447,2026-09-21
해남군,전남,농림지역,농림지역,20,% 이하,제55조제1항,80,% 이하,제60조제1항,2025.12.15,3447,2026-09-21
해남군,전남,자연환경보전지역,자연환경보전지역,20,% 이하,제55조제1항,80,% 이하,제60조제1항,2025.12.15,3447,2026-09-21
영암군,전남,도시지역-주거,제1종전용주거지역,50,% 이하,제57조제1항,100,% 이하,제62조제1항,2026.8.6,3022,2026-09-21
영암군,전남,도시지역-주거,제2종전용주거지역,50,% 이하,제57조제1항,150,% 이하,제62조제1항,2026.8.6,3022,2026-09-21
영암군,전남,도시지역-주거,제1종일반주거지역,60,% 이하,제57조제1항,200,% 이하,제62조제1항,2026.8.6,3022,2026-09-21
영암군,전남,도시지역-주거,제2종일반주거지역,60,% 이하,제57조제1항,250,% 이하,제62조제1항,2026.8.6,3022,2026-09-21
영암군,전남,도시지역-주거,제3종일반주거지역,50,% 이하,제57조제1항,300,% 이하,제62조제1항,2026.8.6,3022,2026-09-21
영암군,전남,도시지역-주거,준주거지역,70,% 이하,제57조제1항,500,% 이하,제62조제1항,2026.8.6,3022,2026-09-21
영암군,전남,도시지역-상업,중심상업지역,90,% 이하,제57조제1항,1500,% 이하,제62조제1항,2026.8.6,3022,2026-09-21
영암군,전남,도시지역-상업,일반상업지역,80,% 이하,제57조제1항,1300,% 이하,제62조제1항,2026.8.6,3022,2026-09-21
영암군,전남,도시지역-상업,근린상업지역,70,% 이하,제57조제1항,900,% 이하,제62조제1항,2026.8.6,3022,2026-09-21
영암군,전남,도시지역-상업,유통상업지역,80,% 이하,제57조제1항,1100,% 이하,제62조제1항,2026.8.6,3022,2026-09-21
영암군,전남,도시지역-공업,전용공업지역,70,% 이하,제57조제1항,300,% 이하,제62조제1항,2026.8.6,3022,2026-09-21
영암군,전남,도시지역-공업,일반공업지역,70,% 이하,제57조제1항,350,% 이하,제62조제1항,2026.8.6,3022,2026-09-21
영암군,전남,도시지역-공업,준공업지역,70,% 이하,제57조제1항,400,% 이하,제62조제1항,2026.8.6,3022,2026-09-21
영암군,전남,도시지역-녹지,보전녹지지역,20,% 이하,제57조제1항,80,% 이하,제62조제1항,2026.8.6,3022,2026-09-21
영암군,전남,도시지역-녹지,생산녹지지역,20,% 이하,제57조제1항,100,% 이하,제62조제1항,2026.8.6,3022,2026-09-21
영암군,전남,도시지역-녹지,자연녹지지역,20,% 이하,제57조제1항,100,% 이하,제62조제1항,2026.8.6,3022,2026-09-21
영암군,전남,관리지역,보전관리지역,20,% 이하,제57조제1항,80,% 이하,제62조제1항,2026.8.6,3022,2026-09-21
영암군,전남,관리지역,생산관리지역,20,% 이하,제57조제1항,80,% 이하,제62조제1항,2026.8.6,3022,2026-09-21
영암군,전남,관리지역,계획관리지역,40,% 이하,제57조제1항,100,% 이하,제62조제1항,2026.8.6,3022,2026-09-21
영암군,전남,농림지역,농림지역,20,% 이하,제57조제1항,80,% 이하,제62조제1항,2026.8.6,3022,2026-09-21
영암군,전남,자연환경보전지역,자연환경보전지역,20,% 이하,제57조제1항,80,% 이하,제62조제1항,2026.8.6,3022,2026-09-21
함평군,전남,도시지역-주거,제1종전용주거지역,50,% 이하,제38조제1항,100,% 이하,제44조제1항,2026.7.31,2991,2026-09-21
함평군,전남,도시지역-주거,제2종전용주거지역,50,% 이하,제38조제1항,150,% 이하,제44조제1항,2026.7.31,2991,2026-09-21
함평군,전남,도시지역-주거,제1종일반주거지역,60,% 이하,제38조제1항,200,% 이하,제44조제1항,2026.7.31,2991,2026-09-21
함평군,전남,도시지역-주거,제2종일반주거지역,60,% 이하,제38조제1항,250,% 이하,제44조제1항,2026.7.31,2991,2026-09-21
함평군,전남,도시지역-주거,제3종일반주거지역,50,% 이하,제38조제1항,300,% 이하,제44조제1항,2026.7.31,2991,2026-09-21
함평군,전남,도시지역-주거,준주거지역,70,% 이하,제38조제1항,500,% 이하,제44조제1항,2026.7.31,2991,2026-09-21
함평군,전남,도시지역-상업,중심상업지역,90,% 이하,제38조제1항,1500,% 이하,제44조제1항,2026.7.31,2991,2026-09-21
함평군,전남,도시지역-상업,일반상업지역,80,% 이하,제38조제1항,1300,% 이하,제44조제1항,2026.7.31,2991,2026-09-21
함평군,전남,도시지역-상업,근린상업지역,70,% 이하,제38조제1항,900,% 이하,제44조제1항,2026.7.31,2991,2026-09-21
함평군,전남,도시지역-상업,유통상업지역,80,% 이하,제38조제1항,1100,% 이하,제44조제1항,2026.7.31,2991,2026-09-21
함평군,전남,도시지역-공업,전용공업지역,70,% 이하,제38조제1항,300,% 이하,제44조제1항,2026.7.31,2991,2026-09-21
함평군,전남,도시지역-공업,일반공업지역,70,% 이하,제38조제1항,350,% 이하,제44조제1항,2026.7.31,2991,2026-09-21
함평군,전남,도시지역-공업,준공업지역,70,% 이하,제38조제1항,400,% 이하,제44조제1항,2026.7.31,2991,2026-09-21
함평군,전남,도시지역-녹지,보전녹지지역,20,% 이하,제38조제1항,80,% 이하,제44조제1항,2026.7.31,2991,2026-09-21
함평군,전남,도시지역-녹지,생산녹지지역,20,% 이하,제38조제1항,100,% 이하,제44조제1항,2026.7.31,2991,2026-09-21
함평군,전남,도시지역-녹지,자연녹지지역,20,% 이하,제38조제1항,100,% 이하,제44조제1항,2026.7.31,2991,2026-09-21
함평군,전남,관리지역,보전관리지역,20,% 이하,제38조제1항,80,% 이하,제44조제1항,2026.7.31,2991,2026-09-21
함평군,전남,관리지역,생산관리지역,20,% 이하,제38조제1항,80,% 이하,제44조제1항,2026.7.31,2991,2026-09-21
함평군,전남,관리지역,계획관리지역,40,% 이하,제38조제1항,100,% 이하,제44조제1항,2026.7.31,2991,2026-09-21
함평군,전남,농림지역,농림지역,20,% 이하,제38조제1항,80,% 이하,제44조제1항,2026.7.31,2991,2026-09-21
함평군,전남,자연환경보전지역,자연환경보전지역,20,% 이하,제38조제1항,80,% 이하,제44조제1항,2026.7.31,2991,2026-09-21
영광군,전남,도시지역-주거,제1종전용주거지역,50,% 이하,제52조제1항,100,% 이하,제63조제1항,2026.8.10,3116,2026-09-21
영광군,전남,도시지역-주거,제2종전용주거지역,50,% 이하,제52조제1항,150,% 이하,제63조제1항,2026.8.10,3116,2026-09-21
영광군,전남,도시지역-주거,제1종일반주거지역,60,% 이하,제52조제1항,200,% 이하,제63조제1항,2026.8.10,3116,2026-09-21
영광군,전남,도시지역-주거,제2종일반주거지역,60,% 이하,제52조제1항,250,% 이하,제63조제1항,2026.8.10,3116,2026-09-21
영광군,전남,도시지역-주거,제3종일반주거지역,50,% 이하,제52조제1항,300,% 이하,제63조제1항,2026.8.10,3116,2026-09-21
영광군,전남,도시지역-주거,준주거지역,70,% 이하,제52조제1항,500,% 이하,제63조제1항,2026.8.10,3116,2026-09-21
영광군,전남,도시지역-상업,중심상업지역,90,% 이하,제52조제1항,1500,% 이하,제63조제1항,2026.8.10,3116,2026-09-21
영광군,전남,도시지역-상업,일반상업지역,80,% 이하,제52조제1항,1300,% 이하,제63조제1항,2026.8.10,3116,2026-09-21
영광군,전남,도시지역-상업,근린상업지역,70,% 이하,제52조제1항,900,% 이하,제63조제1항,2026.8.10,3116,2026-09-21
영광군,전남,도시지역-상업,유통상업지역,80,% 이하,제52조제1항,1100,% 이하,제63조제1항,2026.8.10,3116,2026-09-21
영광군,전남,도시지역-공업,전용공업지역,70,% 이하,제52조제1항,300,% 이하,제63조제1항,2026.8.10,3116,2026-09-21
영광군,전남,도시지역-공업,일반공업지역,70,% 이하,제52조제1항,350,% 이하,제63조제1항,2026.8.10,3116,2026-09-21
영광군,전남,도시지역-공업,준공업지역,70,% 이하,제52조제1항,400,% 이하,제63조제1항,2026.8.10,3116,2026-09-21
영광군,전남,도시지역-녹지,보전녹지지역,20,% 이하,제52조제1항,80,% 이하,제63조제1항,2026.8.10,3116,2026-09-21
영광군,전남,도시지역-녹지,생산녹지지역,20,% 이하,제52조제1항,100,% 이하,제63조제1항,2026.8.10,3116,2026-09-21
영광군,전남,도시지역-녹지,자연녹지지역,20,% 이하,제52조제1항,100,% 이하,제63조제1항,2026.8.10,3116,2026-09-21
영광군,전남,관리지역,보전관리지역,20,% 이하,제52조제1항,80,% 이하,제63조제1항,2026.8.10,3116,2026-09-21
영광군,전남,관리지역,생산관리지역,20,% 이하,제52조제1항,80,% 이하,제63조제1항,2026.8.10,3116,2026-09-21
영광군,전남,관리지역,계획관리지역,40,% 이하,제52조제1항,100,% 이하,제63조제1항,2026.8.10,3116,2026-09-21
영광군,전남,농림지역,농림지역,20,% 이하,제52조제1항,80,% 이하,제63조제1항,2026.8.10,3116,2026-09-21
영광군,전남,자연환경보전지역,자연환경보전지역,20,% 이하,제52조제1항,80,% 이하,제63조제1항,2026.8.10,3116,2026-09-21
장성군,전남,도시지역-주거,제1종전용주거지역,50,% 이하,제55조제1항,100,% 이하,제60조제1항,2026.8.18,2843,2026-09-21
장성군,전남,도시지역-주거,제2종전용주거지역,50,% 이하,제55조제1항,150,% 이하,제60조제1항,2026.8.18,2843,2026-09-21
장성군,전남,도시지역-주거,제1종일반주거지역,60,% 이하,제55조제1항,200,% 이하,제60조제1항,2026.8.18,2843,2026-09-21
장성군,전남,도시지역-주거,제2종일반주거지역,60,% 이하,제55조제1항,250,% 이하,제60조제1항,2026.8.18,2843,2026-09-21
장성군,전남,도시지역-주거,제3종일반주거지역,50,% 이하,제55조제1항,300,% 이하,제60조제1항,2026.8.18,2843,2026-09-21
장성군,전남,도시지역-주거,준주거지역,70,% 이하,제55조제1항,500,% 이하,제60조제1항,2026.8.18,2843,2026-09-21
장성군,전남,도시지역-상업,중심상업지역,90,% 이하,제55조제1항,1500,% 이하,제60조제1항,2026.8.18,2843,2026-09-21
장성군,전남,도시지역-상업,일반상업지역,80,% 이하,제55조제1항,1300,% 이하,제60조제1항,2026.8.18,2843,2026-09-21
장성군,전남,도시지역-상업,근린상업지역,70,% 이하,제55조제1항,900,% 이하,제60조제1항,2026.8.18,2843,2026-09-21
장성군,전남,도시지역-상업,유통상업지역,80,% 이하,제55조제1항,1100,% 이하,제60조제1항,2026.8.18,2843,2026-09-21
장성군,전남,도시지역-공업,전용공업지역,70,% 이하,제55조제1항,250,% 이하,제60조제1항,2026.8.18,2843,2026-09-21
장성군,전남,도시지역-공업,일반공업지역,70,% 이하,제55조제1항,300,% 이하,제60조제1항,2026.8.18,2843,2026-09-21
장성군,전남,도시지역-공업,준공업지역,70,% 이하,제55조제1항,350,% 이하,제60조제1항,2026.8.18,2843,2026-09-21
장성군,전남,도시지역-녹지,보전녹지지역,20,% 이하,제55조제1항,80,% 이하,제60조제1항,2026.8.18,2843,2026-09-21
장성군,전남,도시지역-녹지,생산녹지지역,20,% 이하,제55조제1항,100,% 이하,제60조제1항,2026.8.18,2843,2026-09-21
장성군,전남,도시지역-녹지,자연녹지지역,20,% 이하,제55조제1항,100,% 이하,제60조제1항,2026.8.18,2843,2026-09-21
장성군,전남,관리지역,보전관리지역,20,% 이하,제55조제1항,80,% 이하,제60조제1항,2026.8.18,2843,2026-09-21
장성군,전남,관리지역,생산관리지역,20,% 이하,제55조제1항,80,% 이하,제60조제1항,2026.8.18,2843,2026-09-21
장성군,전남,관리지역,계획관리지역,40,% 이하,제55조제1항,100,% 이하,제60조제1항,2026.8.18,2843,2026-09-21
장성군,전남,농림지역,농림지역,20,% 이하,제55조제1항,80,% 이하,제60조제1항,2026.8.18,2843,2026-09-21
장성군,전남,자연환경보전지역,자연환경보전지역,20,% 이하,제55조제1항,80,% 이하,제60조제1항,2026.8.18,2843,2026-09-21
완도군,전남,도시지역-주거,제1종전용주거지역,50,% 이하,제55조제1항,100,% 이하,제60조제1항,2026.8.4,3230,2026-09-21
완도군,전남,도시지역-주거,제2종전용주거지역,50,% 이하,제55조제1항,150,% 이하,제60조제1항,2026.8.4,3230,2026-09-21
완도군,전남,도시지역-주거,제1종일반주거지역,60,% 이하,제55조제1항,200,% 이하,제60조제1항,2026.8.4,3230,2026-09-21
완도군,전남,도시지역-주거,제2종일반주거지역,60,% 이하,제55조제1항,250,% 이하,제60조제1항,2026.8.4,3230,2026-09-21
완도군,전남,도시지역-주거,제3종일반주거지역,50,% 이하,제55조제1항,300,% 이하,제60조제1항,2026.8.4,3230,2026-09-21
완도군,전남,도시지역-주거,준주거지역,70,% 이하,제55조제1항,500,% 이하,제60조제1항,2026.8.4,3230,2026-09-21
완도군,전남,도시지역-상업,중심상업지역,90,% 이하,제55조제1항,1500,% 이하,제60조제1항,2026.8.4,3230,2026-09-21
완도군,전남,도시지역-상업,일반상업지역,80,% 이하,제55조제1항,1300,% 이하,제60조제1항,2026.8.4,3230,2026-09-21
완도군,전남,도시지역-상업,근린상업지역,70,% 이하,제55조제1항,900,% 이하,제60조제1항,2026.8.4,3230,2026-09-21
완도군,전남,도시지역-상업,유통상업지역,80,% 이하,제55조제1항,1100,% 이하,제60조제1항,2026.8.4,3230,2026-09-21
완도군,전남,도시지역-공업,전용공업지역,70,% 이하,제55조제1항,300,% 이하,제60조제1항,2026.8.4,3230,2026-09-21
완도군,전남,도시지역-공업,일반공업지역,70,% 이하,제55조제1항,350,% 이하,제60조제1항,2026.8.4,3230,2026-09-21
완도군,전남,도시지역-공업,준공업지역,70,% 이하,제55조제1항,400,% 이하,제60조제1항,2026.8.4,3230,2026-09-21
완도군,전남,도시지역-녹지,보전녹지지역,20,% 이하,제55조제1항,80,% 이하,제60조제1항,2026.8.4,3230,2026-09-21
완도군,전남,도시지역-녹지,생산녹지지역,20,% 이하,제55조제1항,100,% 이하,제60조제1항,2026.8.4,3230,2026-09-21
완도군,전남,도시지역-녹지,자연녹지지역,20,% 이하,제55조제1항,100,% 이하,제60조제1항,2026.8.4,3230,2026-09-21
완도군,전남,관리지역,보전관리지역,20,% 이하,제55조제1항,80,% 이하,제60조제1항,2026.8.4,3230,2026-09-21
완도군,전남,관리지역,생산관리지역,20,% 이하,제55조제1항,80,% 이하,제60조제1항,2026.8.4,3230,2026-09-21
완도군,전남,관리지역,계획관리지역,40,% 이하,제55조제1항,100,% 이하,제60조제1항,2026.8.4,3230,2026-09-21
완도군,전남,농림지역,농림지역,20,% 이하,제55조제1항,80,% 이하,제60조제1항,2026.8.4,3230,2026-09-21
완도군,전남,자연환경보전지역,자연환경보전지역,20,% 이하,제55조제1항,80,% 이하,제60조제1항,2026.8.4,3230,2026-09-21
진도군,전남,도시지역-주거,제1종전용주거지역,50,% 이하,제50조제1항,100,% 이하,제57조제1항,2026.7.1,2817,2026-09-21
진도군,전남,도시지역-주거,제2종전용주거지역,50,% 이하,제50조제1항,150,% 이하,제57조제1항,2026.7.1,2817,2026-09-21
진도군,전남,도시지역-주거,제1종일반주거지역,60,% 이하,제50조제1항,200,% 이하,제57조제1항,2026.7.1,2817,2026-09-21
진도군,전남,도시지역-주거,제2종일반주거지역,60,% 이하,제50조제1항,250,% 이하,제57조제1항,2026.7.1,2817,2026-09-21
진도군,전남,도시지역-주거,제3종일반주거지역,50,% 이하,제50조제1항,300,% 이하,제57조제1항,2026.7.1,2817,2026-09-21
진도군,전남,도시지역-주거,준주거지역,70,% 이하,제50조제1항,500,% 이하,제57조제1항,2026.7.1,2817,2026-09-21
진도군,전남,도시지역-상업,중심상업지역,90,% 이하,제50조제1항,1500,% 이하,제57조제1항,2026.7.1,2817,2026-09-21
진도군,전남,도시지역-상업,일반상업지역,80,% 이하,제50조제1항,1300,% 이하,제57조제1항,2026.7.1,2817,2026-09-21
진도군,전남,도시지역-상업,근린상업지역,70,% 이하,제50조제1항,900,% 이하,제57조제1항,2026.7.1,2817,2026-09-21
진도군,전남,도시지역-상업,유통상업지역,80,% 이하,제50조제1항,1100,% 이하,제57조제1항,2026.7.1,2817,2026-09-21
진도군,전남,도시지역-공업,전용공업지역,70,% 이하,제50조제1항,250,% 이하,제57조제1항,2026.7.1,2817,2026-09-21
진도군,전남,도시지역-공업,일반공업지역,70,% 이하,제50조제1항,300,% 이하,제57조제1항,2026.7.1,2817,2026-09-21
진도군,전남,도시지역-공업,준공업지역,70,% 이하,제50조제1항,350,% 이하,제57조제1항,2026.7.1,2817,2026-09-21
진도군,전남,도시지역-녹지,보전녹지지역,20,% 이하,제50조제1항,80,% 이하,제57조제1항,2026.7.1,2817,2026-09-21
진도군,전남,도시지역-녹지,생산녹지지역,20,% 이하,제50조제1항,100,% 이하,제57조제1항,2026.7.1,2817,2026-09-21
진도군,전남,도시지역-녹지,자연녹지지역,20,% 이하,제50조제1항,100,% 이하,제57조제1항,2026.7.1,2817,2026-09-21
진도군,전남,관리지역,보전관리지역,20,% 이하,제50조제1항,80,% 이하,제57조제1항,2026.7.1,2817,2026-09-21
진도군,전남,관리지역,생산관리지역,20,% 이하,제50조제1항,80,% 이하,제57조제1항,2026.7.1,2817,2026-09-21
진도군,전남,관리지역,계획관리지역,40,% 이하,제50조제1항,100,% 이하,제57조제1항,2026.7.1,2817,2026-09-21
진도군,전남,농림지역,농림지역,20,% 이하,제50조제1항,80,% 이하,제57조제1항,2026.7.1,2817,2026-09-21
진도군,전남,자연환경보전지역,자연환경보전지역,20,% 이하,제50조제1항,80,% 이하,제57조제1항,2026.7.1,2817,2026-09-21
신안군,전남,도시지역-주거,제1종전용주거지역,50,% 이하,제50조제1항,100,% 이하,제55조제1항,2026.8.14,2884,2026-09-21
신안군,전남,도시지역-주거,제2종전용주거지역,50,% 이하,제50조제1항,150,% 이하,제55조제1항,2026.8.14,2884,2026-09-21
신안군,전남,도시지역-주거,제1종일반주거지역,60,% 이하,제50조제1항,200,% 이하,제55조제1항,2026.8.14,2884,2026-09-21
신안군,전남,도시지역-주거,제2종일반주거지역,60,% 이하,제50조제1항,250,% 이하,제55조제1항,2026.8.14,2884,2026-09-21
신안군,전남,도시지역-주거,제3종일반주거지역,50,% 이하,제50조제1항,300,% 이하,제55조제1항,2026.8.14,2884,2026-09-21
신안군,전남,도시지역-주거,준주거지역,70,% 이하,제50조제1항,500,% 이하,제55조제1항,2026.8.14,2884,2026-09-21
신안군,전남,도시지역-상업,중심상업지역,90,% 이하,제50조제1항,1500,% 이하,제55조제1항,2026.8.14,2884,2026-09-21
신안군,전남,도시지역-상업,일반상업지역,80,% 이하,제50조제1항,1300,% 이하,제55조제1항,2026.8.14,2884,2026-09-21
신안군,전남,도시지역-상업,근린상업지역,70,% 이하,제50조제1항,900,% 이하,제55조제1항,2026.8.14,2884,2026-09-21
신안군,전남,도시지역-상업,유통상업지역,80,% 이하,제50조제1항,1100,% 이하,제55조제1항,2026.8.14,2884,2026-09-21
신안군,전남,도시지역-공업,전용공업지역,70,% 이하,제50조제1항,300,% 이하,제55조제1항,2026.8.14,2884,2026-09-21
신안군,전남,도시지역-공업,일반공업지역,70,% 이하,제50조제1항,350,% 이하,제55조제1항,2026.8.14,2884,2026-09-21
신안군,전남,도시지역-공업,준공업지역,70,% 이하,제50조제1항,400,% 이하,제55조제1항,2026.8.14,2884,2026-09-21
신안군,전남,도시지역-녹지,보전녹지지역,20,% 이하,제50조제1항,80,% 이하,제55조제1항,2026.8.14,2884,2026-09-21
신안군,전남,도시지역-녹지,생산녹지지역,20,% 이하,제50조제1항,100,% 이하,제55조제1항,2026.8.14,2884,2026-09-21
신안군,전남,도시지역-녹지,자연녹지지역,20,% 이하,제50조제1항,100,% 이하,제55조제1항,2026.8.14,2884,2026-09-21
신안군,전남,관리지역,보전관리지역,20,% 이하,제50조제1항,80,% 이하,제55조제1항,2026.8.14,2884,2026-09-21
신안군,전남,관리지역,생산관리지역,20,% 이하,제50조제1항,80,% 이하,제55조제1항,2026.8.14,2884,2026-09-21
신안군,전남,관리지역,계획관리지역,40,% 이하,제50조제1항,100,% 이하,제55조제1항,2026.8.14,2884,2026-09-21
신안군,전남,농림지역,농림지역,20,% 이하,제50조제1항,80,% 이하,제55조제1항,2026.8.14,2884,2026-09-21
신안군,전남,자연환경보전지역,자연환경보전지역,20,% 이하,제50조제1항,80,% 이하,제55조제1항,2026.8.14,2884,2026-09-21
포항시,경북,도시지역-주거,제1종전용주거지역,50,% 이하,제25조제1항,100,% 이하,제26조제1항,2026.1.7,2332,2026-09-21
포항시,경북,도시지역-주거,제2종전용주거지역,50,% 이하,제25조제1항,150,% 이하,제26조제1항,2026.1.7,2332,2026-09-21
포항시,경북,도시지역-주거,제1종일반주거지역,60,% 이하,제25조제1항,200,% 이하,제26조제1항,2026.1.7,2332,2026-09-21
포항시,경북,도시지역-주거,제2종일반주거지역,60,% 이하,제25조제1항,250,% 이하,제26조제1항,2026.1.7,2332,2026-09-21
포항시,경북,도시지역-주거,제3종일반주거지역,50,% 이하,제25조제1항,300,% 이하,제26조제1항,2026.1.7,2332,2026-09-21
포항시,경북,도시지역-주거,준주거지역,70,% 이하,제25조제1항,500,% 이하,제26조제1항,2026.1.7,2332,2026-09-21
포항시,경북,도시지역-상업,중심상업지역,90,% 이하,제25조제1항,1500,% 이하,제26조제1항,2026.1.7,2332,2026-09-21
포항시,경북,도시지역-상업,일반상업지역,80,% 이하,제25조제1항,1300,% 이하,제26조제1항,2026.1.7,2332,2026-09-21
포항시,경북,도시지역-상업,근린상업지역,70,% 이하,제25조제1항,900,% 이하,제26조제1항,2026.1.7,2332,2026-09-21
포항시,경북,도시지역-상업,유통상업지역,80,% 이하,제25조제1항,1100,% 이하,제26조제1항,2026.1.7,2332,2026-09-21
포항시,경북,도시지역-공업,전용공업지역,70,% 이하,제25조제1항,300,% 이하,제26조제1항,2026.1.7,2332,2026-09-21
포항시,경북,도시지역-공업,일반공업지역,70,% 이하,제25조제1항,350,% 이하,제26조제1항,2026.1.7,2332,2026-09-21
포항시,경북,도시지역-공업,준공업지역,70,% 이하,제25조제1항,400,% 이하,제26조제1항,2026.1.7,2332,2026-09-21
포항시,경북,도시지역-녹지,보전녹지지역,20,% 이하,제25조제1항,80,% 이하,제26조제1항,2026.1.7,2332,2026-09-21
포항시,경북,도시지역-녹지,생산녹지지역,20,% 이하,제25조제1항,100,% 이하,제26조제1항,2026.1.7,2332,2026-09-21
포항시,경북,도시지역-녹지,자연녹지지역,20,% 이하,제25조제1항,100,% 이하,제26조제1항,2026.1.7,2332,2026-09-21
포항시,경북,관리지역,보전관리지역,20,% 이하,제25조제1항,80,% 이하,제26조제1항,2026.1.7,2332,2026-09-21
포항시,경북,관리지역,생산관리지역,20,% 이하,제25조제1항,80,% 이하,제26조제1항,2026.1.7,2332,2026-09-21
포항시,경북,관리지역,계획관리지역,40,% 이하,제25조제1항,100,% 이하,제26조제1항,2026.1.7,2332,2026-09-21
포항시,경북,농림지역,농림지역,20,% 이하,제25조제1항,80,% 이하,제26조제1항,2026.1.7,2332,2026-09-21
포항시,경북,자연환경보전지역,자연환경보전지역,20,% 이하,제25조제1항,80,% 이하,제26조제1항,2026.1.7,2332,2026-09-21
경주시,경북,도시지역-주거,제1종전용주거지역,40,% 이하,제81조제1항,80,% 이하,제86조제1항,2025.7.15,1912,2026-09-21
경주시,경북,도시지역-주거,제2종전용주거지역,50,% 이하,제81조제1항,130,% 이하,제86조제1항,2025.7.15,1912,2026-09-21
경주시,경북,도시지역-주거,제1종일반주거지역,60,% 이하,제81조제1항,200,% 이하,제86조제1항,2025.7.15,1912,2026-09-21
경주시,경북,도시지역-주거,제2종일반주거지역,60,% 이하,제81조제1항,250,% 이하,제86조제1항,2025.7.15,1912,2026-09-21
경주시,경북,도시지역-주거,제3종일반주거지역,50,% 이하,제81조제1항,300,% 이하,제86조제1항,2025.7.15,1912,2026-09-21
경주시,경북,도시지역-주거,준주거지역,70,% 이하,제81조제1항,400,% 이하,제86조제1항,2025.7.15,1912,2026-09-21
경주시,경북,도시지역-상업,중심상업지역,90,% 이하,제81조제1항,1200,% 이하,제86조제1항,2025.7.15,1912,2026-09-21
경주시,경북,도시지역-상업,일반상업지역,80,% 이하,제81조제1항,1000,% 이하,제86조제1항,2025.7.15,1912,2026-09-21
경주시,경북,도시지역-상업,근린상업지역,70,% 이하,제81조제1항,600,% 이하,제86조제1항,2025.7.15,1912,2026-09-21
경주시,경북,도시지역-상업,유통상업지역,80,% 이하,제81조제1항,700,% 이하,제86조제1항,2025.7.15,1912,2026-09-21
경주시,경북,도시지역-공업,전용공업지역,70,% 이하,제81조제1항,250,% 이하,제86조제1항,2025.7.15,1912,2026-09-21
경주시,경북,도시지역-공업,일반공업지역,70,% 이하,제81조제1항,350,% 이하,제86조제1항,2025.7.15,1912,2026-09-21
경주시,경북,도시지역-공업,준공업지역,70,% 이하,제81조제1항,300,% 이하,제86조제1항,2025.7.15,1912,2026-09-21
경주시,경북,도시지역-녹지,보전녹지지역,20,% 이하,제81조제1항,60,% 이하,제86조제1항,2025.7.15,1912,2026-09-21
경주시,경북,도시지역-녹지,생산녹지지역,20,% 이하,제81조제1항,60,% 이하,제86조제1항,2025.7.15,1912,2026-09-21
경주시,경북,도시지역-녹지,자연녹지지역,20,% 이하,제81조제1항,100,% 이하,제86조제1항,2025.7.15,1912,2026-09-21
경주시,경북,관리지역,보전관리지역,20,% 이하,제81조제1항,60,% 이하,제86조제1항,2025.7.15,1912,2026-09-21
경주시,경북,관리지역,생산관리지역,20,% 이하,제81조제1항,60,% 이하,제86조제1항,2025.7.15,1912,2026-09-21
경주시,경북,관리지역,계획관리지역,40,% 이하,제81조제1항,100,% 이하,제86조제1항,2025.7.15,1912,2026-09-21
경주시,경북,농림지역,농림지역,20,% 이하,제81조제1항,60,% 이하,제86조제1항,2025.7.15,1912,2026-09-21
경주시,경북,자연환경보전지역,자연환경보전지역,20,% 이하,제81조제1항,60,% 이하,제86조제1항,2025.7.15,1912,2026-09-21
김천시,경북,도시지역-주거,제1종전용주거지역,30,% 이하,제59조제1항,80,% 이하,제64조제1항,2026.2.26,1696,2026-09-21
김천시,경북,도시지역-주거,제2종전용주거지역,40,% 이하,제59조제1항,120,% 이하,제64조제1항,2026.2.26,1696,2026-09-21
김천시,경북,도시지역-주거,제1종일반주거지역,60,% 이하,제59조제1항,200,% 이하,제64조제1항,2026.2.26,1696,2026-09-21
김천시,경북,도시지역-주거,제2종일반주거지역,60,% 이하,제59조제1항,250,% 이하,제64조제1항,2026.2.26,1696,2026-09-21
김천시,경북,도시지역-주거,제3종일반주거지역,50,% 이하,제59조제1항,300,% 이하,제64조제1항,2026.2.26,1696,2026-09-21
김천시,경북,도시지역-주거,준주거지역,70,% 이하,제59조제1항,500,% 이하,제64조제1항,2026.2.26,1696,2026-09-21
김천시,경북,도시지역-상업,중심상업지역,90,% 이하,제59조제1항,1300,% 이하,제64조제1항,2026.2.26,1696,2026-09-21
김천시,경북,도시지역-상업,일반상업지역,80,% 이하,제59조제1항,1300,% 이하,제64조제1항,2026.2.26,1696,2026-09-21
김천시,경북,도시지역-상업,근린상업지역,70,% 이하,제59조제1항,700,% 이하,제64조제1항,2026.2.26,1696,2026-09-21
김천시,경북,도시지역-상업,유통상업지역,70,% 이하,제59조제1항,700,% 이하,제64조제1항,2026.2.26,1696,2026-09-21
김천시,경북,도시지역-공업,전용공업지역,70,% 이하,제59조제1항,300,% 이하,제64조제1항,2026.2.26,1696,2026-09-21
김천시,경북,도시지역-공업,일반공업지역,70,% 이하,제59조제1항,350,% 이하,제64조제1항,2026.2.26,1696,2026-09-21
김천시,경북,도시지역-공업,준공업지역,70,% 이하,제59조제1항,400,% 이하,제64조제1항,2026.2.26,1696,2026-09-21
김천시,경북,도시지역-녹지,보전녹지지역,20,% 이하,제59조제1항,80,% 이하,제64조제1항,2026.2.26,1696,2026-09-21
김천시,경북,도시지역-녹지,생산녹지지역,20,% 이하,제59조제1항,100,% 이하,제64조제1항,2026.2.26,1696,2026-09-21
김천시,경북,도시지역-녹지,자연녹지지역,20,% 이하,제59조제1항,100,% 이하,제64조제1항,2026.2.26,1696,2026-09-21
김천시,경북,관리지역,보전관리지역,20,% 이하,제59조제1항,80,% 이하,제64조제1항,2026.2.26,1696,2026-09-21
김천시,경북,관리지역,생산관리지역,20,% 이하,제59조제1항,80,% 이하,제64조제1항,2026.2.26,1696,2026-09-21
김천시,경북,관리지역,계획관리지역,40,% 이하,제59조제1항,100,% 이하,제64조제1항,2026.2.26,1696,2026-09-21
김천시,경북,농림지역,농림지역,20,% 이하,제59조제1항,80,% 이하,제64조제1항,2026.2.26,1696,2026-09-21
김천시,경북,자연환경보전지역,자연환경보전지역,20,% 이하,제59조제1항,80,% 이하,제64조제1항,2026.2.26,1696,2026-09-21
안동시,경북,도시지역-주거,제1종전용주거지역,50,% 이하,제52조제1항,100,% 이하,제58조제1항,2026.1.20,2298,2026-09-21
안동시,경북,도시지역-주거,제2종전용주거지역,50,% 이하,제52조제1항,150,% 이하,제58조제1항,2026.1.20,2298,2026-09-21
안동시,경북,도시지역-주거,제1종일반주거지역,60,% 이하,제52조제1항,200,% 이하,제58조제1항,2026.1.20,2298,2026-09-21
안동시,경북,도시지역-주거,제2종일반주거지역,60,% 이하,제52조제1항,250,% 이하,제58조제1항,2026.1.20,2298,2026-09-21
안동시,경북,도시지역-주거,제3종일반주거지역,50,% 이하,제52조제1항,300,% 이하,제58조제1항,2026.1.20,2298,2026-09-21
안동시,경북,도시지역-주거,준주거지역,70,% 이하,제52조제1항,500,% 이하,제58조제1항,2026.1.20,2298,2026-09-21
안동시,경북,도시지역-상업,중심상업지역,90,% 이하,제52조제1항,1500,% 이하,제58조제1항,2026.1.20,2298,2026-09-21
안동시,경북,도시지역-상업,일반상업지역,80,% 이하,제52조제1항,1300,% 이하,제58조제1항,2026.1.20,2298,2026-09-21
안동시,경북,도시지역-상업,근린상업지역,70,% 이하,제52조제1항,900,% 이하,제58조제1항,2026.1.20,2298,2026-09-21
안동시,경북,도시지역-상업,유통상업지역,80,% 이하,제52조제1항,1100,% 이하,제58조제1항,2026.1.20,2298,2026-09-21
안동시,경북,도시지역-공업,전용공업지역,70,% 이하,제52조제1항,300,% 이하,제58조제1항,2026.1.20,2298,2026-09-21
안동시,경북,도시지역-공업,일반공업지역,70,% 이하,제52조제1항,350,% 이하,제58조제1항,2026.1.20,2298,2026-09-21
안동시,경북,도시지역-공업,준공업지역,70,% 이하,제52조제1항,400,% 이하,제58조제1항,2026.1.20,2298,2026-09-21
안동시,경북,도시지역-녹지,보전녹지지역,20,% 이하,제52조제1항,80,% 이하,제58조제1항,2026.1.20,2298,2026-09-21
안동시,경북,도시지역-녹지,생산녹지지역,20,% 이하,제52조제1항,100,% 이하,제58조제1항,2026.1.20,2298,2026-09-21
안동시,경북,도시지역-녹지,자연녹지지역,20,% 이하,제52조제1항,100,% 이하,제58조제1항,2026.1.20,2298,2026-09-21
안동시,경북,관리지역,보전관리지역,20,% 이하,제52조제1항,80,% 이하,제58조제1항,2026.1.20,2298,2026-09-21
안동시,경북,관리지역,생산관리지역,20,% 이하,제52조제1항,80,% 이하,제58조제1항,2026.1.20,2298,2026-09-21
안동시,경북,관리지역,계획관리지역,40,% 이하,제52조제1항,100,% 이하,제58조제1항,2026.1.20,2298,2026-09-21
안동시,경북,농림지역,농림지역,20,% 이하,제52조제1항,80,% 이하,제58조제1항,2026.1.20,2298,2026-09-21
안동시,경북,자연환경보전지역,자연환경보전지역,20,% 이하,제52조제1항,80,% 이하,제58조제1항,2026.1.20,2298,2026-09-21
구미시,경북,도시지역-주거,제1종전용주거지역,50,% 이하,제59조제1항,90,% 이하,제64조제1항,2026.7.8,2117,2026-09-21
구미시,경북,도시지역-주거,제2종전용주거지역,50,% 이하,제59조제1항,150,% 이하,제64조제1항,2026.7.8,2117,2026-09-21
구미시,경북,도시지역-주거,제1종일반주거지역,60,% 이하,제59조제1항,200,% 이하,제64조제1항,2026.7.8,2117,2026-09-21
구미시,경북,도시지역-주거,제2종일반주거지역,60,% 이하,제59조제1항,250,% 이하,제64조제1항,2026.7.8,2117,2026-09-21
구미시,경북,도시지역-주거,제3종일반주거지역,50,% 이하,제59조제1항,300,% 이하,제64조제1항,2026.7.8,2117,2026-09-21
구미시,경북,도시지역-주거,준주거지역,70,% 이하,제59조제1항,500,% 이하,제64조제1항,2026.7.8,2117,2026-09-21
구미시,경북,도시지역-상업,중심상업지역,90,% 이하,제59조제1항,1000,% 이하,제64조제1항,2026.7.8,2117,2026-09-21
구미시,경북,도시지역-상업,일반상업지역,80,% 이하,제59조제1항,1000,% 이하,제64조제1항,2026.7.8,2117,2026-09-21
구미시,경북,도시지역-상업,근린상업지역,70,% 이하,제59조제1항,600,% 이하,제64조제1항,2026.7.8,2117,2026-09-21
구미시,경북,도시지역-상업,유통상업지역,70,% 이하,제59조제1항,600,% 이하,제64조제1항,2026.7.8,2117,2026-09-21
구미시,경북,도시지역-공업,전용공업지역,70,% 이하,제59조제1항,300,% 이하,제64조제1항,2026.7.8,2117,2026-09-21
구미시,경북,도시지역-공업,일반공업지역,70,% 이하,제59조제1항,350,% 이하,제64조제1항,2026.7.8,2117,2026-09-21
구미시,경북,도시지역-공업,준공업지역,70,% 이하,제59조제1항,400,% 이하,제64조제1항,2026.7.8,2117,2026-09-21
구미시,경북,도시지역-녹지,보전녹지지역,20,% 이하,제59조제1항,80,% 이하,제64조제1항,2026.7.8,2117,2026-09-21
구미시,경북,도시지역-녹지,생산녹지지역,20,% 이하,제59조제1항,100,% 이하,제64조제1항,2026.7.8,2117,2026-09-21
구미시,경북,도시지역-녹지,자연녹지지역,20,% 이하,제59조제1항,100,% 이하,제64조제1항,2026.7.8,2117,2026-09-21
구미시,경북,관리지역,보전관리지역,20,% 이하,제59조제1항,80,% 이하,제64조제1항,2026.7.8,2117,2026-09-21
구미시,경북,관리지역,생산관리지역,20,% 이하,제59조제1항,80,% 이하,제64조제1항,2026.7.8,2117,2026-09-21
구미시,경북,관리지역,계획관리지역,40,% 이하,제59조제1항,100,% 이하,제64조제1항,2026.7.8,2117,2026-09-21
구미시,경북,농림지역,농림지역,20,% 이하,제59조제1항,80,% 이하,제64조제1항,2026.7.8,2117,2026-09-21
구미시,경북,자연환경보전지역,자연환경보전지역,20,% 이하,제59조제1항,80,% 이하,제64조제1항,2026.7.8,2117,2026-09-21
영주시,경북,도시지역-주거,제1종전용주거지역,50,% 이하,제53조제1항,80,% 이하,제58조제1항,2025.12.29,1701,2026-09-21
영주시,경북,도시지역-주거,제2종전용주거지역,50,% 이하,제53조제1항,150,% 이하,제58조제1항,2025.12.29,1701,2026-09-21
영주시,경북,도시지역-주거,제1종일반주거지역,60,% 이하,제53조제1항,200,% 이하,제58조제1항,2025.12.29,1701,2026-09-21
영주시,경북,도시지역-주거,제2종일반주거지역,60,% 이하,제53조제1항,250,% 이하,제58조제1항,2025.12.29,1701,2026-09-21
영주시,경북,도시지역-주거,제3종일반주거지역,50,% 이하,제53조제1항,300,% 이하,제58조제1항,2025.12.29,1701,2026-09-21
영주시,경북,도시지역-주거,준주거지역,70,% 이하,제53조제1항,500,% 이하,제58조제1항,2025.12.29,1701,2026-09-21
영주시,경북,도시지역-상업,중심상업지역,90,% 이하,제53조제1항,700,% 이하,제58조제1항,2025.12.29,1701,2026-09-21
영주시,경북,도시지역-상업,일반상업지역,80,% 이하,제53조제1항,700,% 이하,제58조제1항,2025.12.29,1701,2026-09-21
영주시,경북,도시지역-상업,근린상업지역,70,% 이하,제53조제1항,400,% 이하,제58조제1항,2025.12.29,1701,2026-09-21
영주시,경북,도시지역-상업,유통상업지역,80,% 이하,제53조제1항,500,% 이하,제58조제1항,2025.12.29,1701,2026-09-21
영주시,경북,도시지역-공업,전용공업지역,70,% 이하,제53조제1항,300,% 이하,제58조제1항,2025.12.29,1701,2026-09-21
영주시,경북,도시지역-공업,일반공업지역,70,% 이하,제53조제1항,350,% 이하,제58조제1항,2025.12.29,1701,2026-09-21
영주시,경북,도시지역-공업,준공업지역,70,% 이하,제53조제1항,400,% 이하,제58조제1항,2025.12.29,1701,2026-09-21
영주시,경북,도시지역-녹지,보전녹지지역,20,% 이하,제53조제1항,80,% 이하,제58조제1항,2025.12.29,1701,2026-09-21
영주시,경북,도시지역-녹지,생산녹지지역,20,% 이하,제53조제1항,100,% 이하,제58조제1항,2025.12.29,1701,2026-09-21
영주시,경북,도시지역-녹지,자연녹지지역,20,% 이하,제53조제1항,100,% 이하,제58조제1항,2025.12.29,1701,2026-09-21
영주시,경북,관리지역,보전관리지역,20,% 이하,제53조제1항,80,% 이하,제58조제1항,2025.12.29,1701,2026-09-21
영주시,경북,관리지역,생산관리지역,20,% 이하,제53조제1항,80,% 이하,제58조제1항,2025.12.29,1701,2026-09-21
영주시,경북,관리지역,계획관리지역,40,% 이하,제53조제1항,100,% 이하,제58조제1항,2025.12.29,1701,2026-09-21
영주시,경북,농림지역,농림지역,20,% 이하,제53조제1항,80,% 이하,제58조제1항,2025.12.29,1701,2026-09-21
영주시,경북,자연환경보전지역,자연환경보전지역,20,% 이하,제53조제1항,80,% 이하,제58조제1항,2025.12.29,1701,2026-09-21
영천시,경북,도시지역-주거,제1종전용주거지역,50,% 이하,제56조제1항,100,% 이하,제62조제1항,2024.12.27,1342,2026-09-21
영천시,경북,도시지역-주거,제2종전용주거지역,50,% 이하,제56조제1항,150,% 이하,제62조제1항,2024.12.27,1342,2026-09-21
영천시,경북,도시지역-주거,제1종일반주거지역,60,% 이하,제56조제1항,200,% 이하,제62조제1항,2024.12.27,1342,2026-09-21
영천시,경북,도시지역-주거,제2종일반주거지역,60,% 이하,제56조제1항,250,% 이하,제62조제1항,2024.12.27,1342,2026-09-21
영천시,경북,도시지역-주거,제3종일반주거지역,50,% 이하,제56조제1항,300,% 이하,제62조제1항,2024.12.27,1342,2026-09-21
영천시,경북,도시지역-주거,준주거지역,70,% 이하,제56조제1항,500,% 이하,제62조제1항,2024.12.27,1342,2026-09-21
영천시,경북,도시지역-상업,중심상업지역,90,% 이하,제56조제1항,1500,% 이하,제62조제1항,2024.12.27,1342,2026-09-21
영천시,경북,도시지역-상업,일반상업지역,80,% 이하,제56조제1항,1300,% 이하,제62조제1항,2024.12.27,1342,2026-09-21
영천시,경북,도시지역-상업,근린상업지역,70,% 이하,제56조제1항,900,% 이하,제62조제1항,2024.12.27,1342,2026-09-21
영천시,경북,도시지역-상업,유통상업지역,80,% 이하,제56조제1항,1100,% 이하,제62조제1항,2024.12.27,1342,2026-09-21
영천시,경북,도시지역-공업,전용공업지역,70,% 이하,제56조제1항,300,% 이하,제62조제1항,2024.12.27,1342,2026-09-21
영천시,경북,도시지역-공업,일반공업지역,70,% 이하,제56조제1항,350,% 이하,제62조제1항,2024.12.27,1342,2026-09-21
영천시,경북,도시지역-공업,준공업지역,70,% 이하,제56조제1항,400,% 이하,제62조제1항,2024.12.27,1342,2026-09-21
영천시,경북,도시지역-녹지,보전녹지지역,20,% 이하,제56조제1항,80,% 이하,제62조제1항,2024.12.27,1342,2026-09-21
영천시,경북,도시지역-녹지,생산녹지지역,20,% 이하,제56조제1항,100,% 이하,제62조제1항,2024.12.27,1342,2026-09-21
영천시,경북,도시지역-녹지,자연녹지지역,20,% 이하,제56조제1항,100,% 이하,제62조제1항,2024.12.27,1342,2026-09-21
영천시,경북,관리지역,보전관리지역,20,% 이하,제56조제1항,80,% 이하,제62조제1항,2024.12.27,1342,2026-09-21
영천시,경북,관리지역,생산관리지역,20,% 이하,제56조제1항,80,% 이하,제62조제1항,2024.12.27,1342,2026-09-21
영천시,경북,관리지역,계획관리지역,40,% 이하,제56조제1항,100,% 이하,제62조제1항,2024.12.27,1342,2026-09-21
영천시,경북,농림지역,농림지역,20,% 이하,제56조제1항,80,% 이하,제62조제1항,2024.12.27,1342,2026-09-21
영천시,경북,자연환경보전지역,자연환경보전지역,20,% 이하,제56조제1항,80,% 이하,제62조제1항,2024.12.27,1342,2026-09-21
상주시,경북,도시지역-주거,제1종전용주거지역,50,% 이하,제52조제1항,100,% 이하,제57조제1항,2026.3.24,1771,2026-09-21
상주시,경북,도시지역-주거,제2종전용주거지역,50,% 이하,제52조제1항,150,% 이하,제57조제1항,2026.3.24,1771,2026-09-21
상주시,경북,도시지역-주거,제1종일반주거지역,60,% 이하,제52조제1항,200,% 이하,제57조제1항,2026.3.24,1771,2026-09-21
상주시,경북,도시지역-주거,제2종일반주거지역,60,% 이하,제52조제1항,250,% 이하,제57조제1항,2026.3.24,1771,2026-09-21
상주시,경북,도시지역-주거,제3종일반주거지역,50,% 이하,제52조제1항,300,% 이하,제57조제1항,2026.3.24,1771,2026-09-21
상주시,경북,도시지역-주거,준주거지역,70,% 이하,제52조제1항,500,% 이하,제57조제1항,2026.3.24,1771,2026-09-21
상주시,경북,도시지역-상업,중심상업지역,90,% 이하,제52조제1항,1500,% 이하,제57조제1항,2026.3.24,1771,2026-09-21
상주시,경북,도시지역-상업,일반상업지역,80,% 이하,제52조제1항,1300,% 이하,제57조제1항,2026.3.24,1771,2026-09-21
상주시,경북,도시지역-상업,근린상업지역,70,% 이하,제52조제1항,900,% 이하,제57조제1항,2026.3.24,1771,2026-09-21
상주시,경북,도시지역-상업,유통상업지역,80,% 이하,제52조제1항,1100,% 이하,제57조제1항,2026.3.24,1771,2026-09-21
상주시,경북,도시지역-공업,전용공업지역,70,% 이하,제52조제1항,300,% 이하,제57조제1항,2026.3.24,1771,2026-09-21
상주시,경북,도시지역-공업,일반공업지역,70,% 이하,제52조제1항,350,% 이하,제57조제1항,2026.3.24,1771,2026-09-21
상주시,경북,도시지역-공업,준공업지역,70,% 이하,제52조제1항,400,% 이하,제57조제1항,2026.3.24,1771,2026-09-21
상주시,경북,도시지역-녹지,보전녹지지역,20,% 이하,제52조제1항,80,% 이하,제57조제1항,2026.3.24,1771,2026-09-21
상주시,경북,도시지역-녹지,생산녹지지역,20,% 이하,제52조제1항,100,% 이하,제57조제1항,2026.3.24,1771,2026-09-21
상주시,경북,도시지역-녹지,자연녹지지역,20,% 이하,제52조제1항,100,% 이하,제57조제1항,2026.3.24,1771,2026-09-21
상주시,경북,관리지역,보전관리지역,20,% 이하,제52조제1항,80,% 이하,제57조제1항,2026.3.24,1771,2026-09-21
상주시,경북,관리지역,생산관리지역,20,% 이하,제52조제1항,80,% 이하,제57조제1항,2026.3.24,1771,2026-09-21
상주시,경북,관리지역,계획관리지역,40,% 이하,제52조제1항,100,% 이하,제57조제1항,2026.3.24,1771,2026-09-21
상주시,경북,농림지역,농림지역,20,% 이하,제52조제1항,80,% 이하,제57조제1항,2026.3.24,1771,2026-09-21
상주시,경북,자연환경보전지역,자연환경보전지역,20,% 이하,제52조제1항,80,% 이하,제57조제1항,2026.3.24,1771,2026-09-21
문경시,경북,도시지역-주거,제1종전용주거지역,50,% 이하,제55조제1항,100,% 이하,제60조제1항,2025.12.30,1822,2026-09-21
문경시,경북,도시지역-주거,제2종전용주거지역,50,% 이하,제55조제1항,150,% 이하,제60조제1항,2025.12.30,1822,2026-09-21
문경시,경북,도시지역-주거,제1종일반주거지역,60,% 이하,제55조제1항,200,% 이하,제60조제1항,2025.12.30,1822,2026-09-21
문경시,경북,도시지역-주거,제2종일반주거지역,60,% 이하,제55조제1항,250,% 이하,제60조제1항,2025.12.30,1822,2026-09-21
문경시,경북,도시지역-주거,제3종일반주거지역,50,% 이하,제55조제1항,300,% 이하,제60조제1항,2025.12.30,1822,2026-09-21
문경시,경북,도시지역-주거,준주거지역,70,% 이하,제55조제1항,500,% 이하,제60조제1항,2025.12.30,1822,2026-09-21
문경시,경북,도시지역-상업,중심상업지역,90,% 이하,제55조제1항,1500,% 이하,제60조제1항,2025.12.30,1822,2026-09-21
문경시,경북,도시지역-상업,일반상업지역,80,% 이하,제55조제1항,1300,% 이하,제60조제1항,2025.12.30,1822,2026-09-21
문경시,경북,도시지역-상업,근린상업지역,70,% 이하,제55조제1항,900,% 이하,제60조제1항,2025.12.30,1822,2026-09-21
문경시,경북,도시지역-상업,유통상업지역,80,% 이하,제55조제1항,1100,% 이하,제60조제1항,2025.12.30,1822,2026-09-21
문경시,경북,도시지역-공업,전용공업지역,70,% 이하,제55조제1항,300,% 이하,제60조제1항,2025.12.30,1822,2026-09-21
문경시,경북,도시지역-공업,일반공업지역,70,% 이하,제55조제1항,350,% 이하,제60조제1항,2025.12.30,1822,2026-09-21
문경시,경북,도시지역-공업,준공업지역,70,% 이하,제55조제1항,400,% 이하,제60조제1항,2025.12.30,1822,2026-09-21
문경시,경북,도시지역-녹지,보전녹지지역,20,% 이하,제55조제1항,80,% 이하,제60조제1항,2025.12.30,1822,2026-09-21
문경시,경북,도시지역-녹지,생산녹지지역,20,% 이하,제55조제1항,100,% 이하,제60조제1항,2025.12.30,1822,2026-09-21
문경시,경북,도시지역-녹지,자연녹지지역,20,% 이하,제55조제1항,100,% 이하,제60조제1항,2025.12.30,1822,2026-09-21
문경시,경북,관리지역,보전관리지역,20,% 이하,제55조제1항,80,% 이하,제60조제1항,2025.12.30,1822,2026-09-21
문경시,경북,관리지역,생산관리지역,20,% 이하,제55조제1항,80,% 이하,제60조제1항,2025.12.30,1822,2026-09-21
문경시,경북,관리지역,계획관리지역,40,% 이하,제55조제1항,100,% 이하,제60조제1항,2025.12.30,1822,2026-09-21
문경시,경북,농림지역,농림지역,20,% 이하,제55조제1항,80,% 이하,제60조제1항,2025.12.30,1822,2026-09-21
문경시,경북,자연환경보전지역,자연환경보전지역,20,% 이하,제55조제1항,80,% 이하,제60조제1항,2025.12.30,1822,2026-09-21
경산시,경북,도시지역-주거,제1종전용주거지역,50,% 이하,제79조제1항,100,% 이하,제84조제1항,2026.1.7,1636,2026-09-21
경산시,경북,도시지역-주거,제2종전용주거지역,50,% 이하,제79조제1항,150,% 이하,제84조제1항,2026.1.7,1636,2026-09-21
경산시,경북,도시지역-주거,제1종일반주거지역,60,% 이하,제79조제1항,200,% 이하,제84조제1항,2026.1.7,1636,2026-09-21
경산시,경북,도시지역-주거,제2종일반주거지역,60,% 이하,제79조제1항,250,% 이하,제84조제1항,2026.1.7,1636,2026-09-21
경산시,경북,도시지역-주거,제3종일반주거지역,50,% 이하,제79조제1항,300,% 이하,제84조제1항,2026.1.7,1636,2026-09-21
경산시,경북,도시지역-주거,준주거지역,60,% 이하,제79조제1항,400,% 이하,제84조제1항,2026.1.7,1636,2026-09-21
경산시,경북,도시지역-상업,중심상업지역,70,% 이하,제79조제1항,1000,% 이하,제84조제1항,2026.1.7,1636,2026-09-21
경산시,경북,도시지역-상업,일반상업지역,70,% 이하,제79조제1항,800,% 이하,제84조제1항,2026.1.7,1636,2026-09-21
경산시,경북,도시지역-상업,근린상업지역,70,% 이하,제79조제1항,600,% 이하,제84조제1항,2026.1.7,1636,2026-09-21
경산시,경북,도시지역-상업,유통상업지역,70,% 이하,제79조제1항,700,% 이하,제84조제1항,2026.1.7,1636,2026-09-21
경산시,경북,도시지역-공업,전용공업지역,70,% 이하,제79조제1항,300,% 이하,제84조제1항,2026.1.7,1636,2026-09-21
경산시,경북,도시지역-공업,일반공업지역,70,% 이하,제79조제1항,350,% 이하,제84조제1항,2026.1.7,1636,2026-09-21
경산시,경북,도시지역-공업,준공업지역,70,% 이하,제79조제1항,400,% 이하,제84조제1항,2026.1.7,1636,2026-09-21
경산시,경북,도시지역-녹지,보전녹지지역,20,% 이하,제79조제1항,80,% 이하,제84조제1항,2026.1.7,1636,2026-09-21
경산시,경북,도시지역-녹지,생산녹지지역,20,% 이하,제79조제1항,100,% 이하,제84조제1항,2026.1.7,1636,2026-09-21
경산시,경북,도시지역-녹지,자연녹지지역,20,% 이하,제79조제1항,100,% 이하,제84조제1항,2026.1.7,1636,2026-09-21
경산시,경북,관리지역,보전관리지역,20,% 이하,제79조제1항,80,% 이하,제84조제1항,2026.1.7,1636,2026-09-21
경산시,경북,관리지역,생산관리지역,20,% 이하,제79조제1항,80,% 이하,제84조제1항,2026.1.7,1636,2026-09-21
경산시,경북,관리지역,계획관리지역,40,% 이하,제79조제1항,100,% 이하,제84조제1항,2026.1.7,1636,2026-09-21
경산시,경북,농림지역,농림지역,20,% 이하,제79조제1항,80,% 이하,제84조제1항,2026.1.7,1636,2026-09-21
경산시,경북,자연환경보전지역,자연환경보전지역,20,% 이하,제79조제1항,80,% 이하,제84조제1항,2026.1.7,1636,2026-09-21
의성군,경북,도시지역-주거,제1종전용주거지역,50,% 이하,제43조제1항,100,% 이하,제51조제1항,2026.4.17,3015,2026-09-21
의성군,경북,도시지역-주거,제2종전용주거지역,50,% 이하,제43조제1항,150,% 이하,제51조제1항,2026.4.17,3015,2026-09-21
의성군,경북,도시지역-주거,제1종일반주거지역,60,% 이하,제43조제1항,200,% 이하,제51조제1항,2026.4.17,3015,2026-09-21
의성군,경북,도시지역-주거,제2종일반주거지역,60,% 이하,제43조제1항,250,% 이하,제51조제1항,2026.4.17,3015,2026-09-21
의성군,경북,도시지역-주거,제3종일반주거지역,50,% 이하,제43조제1항,300,% 이하,제51조제1항,2026.4.17,3015,2026-09-21
의성군,경북,도시지역-주거,준주거지역,70,% 이하,제43조제1항,500,% 이하,제51조제1항,2026.4.17,3015,2026-09-21
의성군,경북,도시지역-상업,중심상업지역,90,% 이하,제43조제1항,1500,% 이하,제51조제1항,2026.4.17,3015,2026-09-21
의성군,경북,도시지역-상업,일반상업지역,80,% 이하,제43조제1항,1300,% 이하,제51조제1항,2026.4.17,3015,2026-09-21
의성군,경북,도시지역-상업,근린상업지역,70,% 이하,제43조제1항,900,% 이하,제51조제1항,2026.4.17,3015,2026-09-21
의성군,경북,도시지역-상업,유통상업지역,80,% 이하,제43조제1항,1100,% 이하,제51조제1항,2026.4.17,3015,2026-09-21
의성군,경북,도시지역-공업,전용공업지역,70,% 이하,제43조제1항,300,% 이하,제51조제1항,2026.4.17,3015,2026-09-21
의성군,경북,도시지역-공업,일반공업지역,70,% 이하,제43조제1항,350,% 이하,제51조제1항,2026.4.17,3015,2026-09-21
의성군,경북,도시지역-공업,준공업지역,70,% 이하,제43조제1항,400,% 이하,제51조제1항,2026.4.17,3015,2026-09-21
의성군,경북,도시지역-녹지,보전녹지지역,20,% 이하,제43조제1항,80,% 이하,제51조제1항,2026.4.17,3015,2026-09-21
의성군,경북,도시지역-녹지,생산녹지지역,20,% 이하,제43조제1항,100,% 이하,제51조제1항,2026.4.17,3015,2026-09-21
의성군,경북,도시지역-녹지,자연녹지지역,20,% 이하,제43조제1항,100,% 이하,제51조제1항,2026.4.17,3015,2026-09-21
의성군,경북,관리지역,보전관리지역,20,% 이하,제43조제1항,80,% 이하,제51조제1항,2026.4.17,3015,2026-09-21
의성군,경북,관리지역,생산관리지역,20,% 이하,제43조제1항,80,% 이하,제51조제1항,2026.4.17,3015,2026-09-21
의성군,경북,관리지역,계획관리지역,40,% 이하,제43조제1항,100,% 이하,제51조제1항,2026.4.17,3015,2026-09-21
의성군,경북,농림지역,농림지역,20,% 이하,제43조제1항,80,% 이하,제51조제1항,2026.4.17,3015,2026-09-21
의성군,경북,자연환경보전지역,자연환경보전지역,20,% 이하,제43조제1항,80,% 이하,제51조제1항,2026.4.17,3015,2026-09-21
청송군,경북,도시지역-주거,제1종전용주거지역,50,% 이하,제53조제1항,100,% 이하,제57조제1항,2025.7.1,2402,2026-09-21
청송군,경북,도시지역-주거,제2종전용주거지역,50,% 이하,제53조제1항,150,% 이하,제57조제1항,2025.7.1,2402,2026-09-21
청송군,경북,도시지역-주거,제1종일반주거지역,60,% 이하,제53조제1항,200,% 이하,제57조제1항,2025.7.1,2402,2026-09-21
청송군,경북,도시지역-주거,제2종일반주거지역,60,% 이하,제53조제1항,250,% 이하,제57조제1항,2025.7.1,2402,2026-09-21
청송군,경북,도시지역-주거,제3종일반주거지역,50,% 이하,제53조제1항,300,% 이하,제57조제1항,2025.7.1,2402,2026-09-21
청송군,경북,도시지역-주거,준주거지역,70,% 이하,제53조제1항,500,% 이하,제57조제1항,2025.7.1,2402,2026-09-21
청송군,경북,도시지역-상업,중심상업지역,90,% 이하,제53조제1항,1500,% 이하,제57조제1항,2025.7.1,2402,2026-09-21
청송군,경북,도시지역-상업,일반상업지역,80,% 이하,제53조제1항,1300,% 이하,제57조제1항,2025.7.1,2402,2026-09-21
청송군,경북,도시지역-상업,근린상업지역,70,% 이하,제53조제1항,900,% 이하,제57조제1항,2025.7.1,2402,2026-09-21
청송군,경북,도시지역-상업,유통상업지역,80,% 이하,제53조제1항,1100,% 이하,제57조제1항,2025.7.1,2402,2026-09-21
청송군,경북,도시지역-공업,전용공업지역,70,% 이하,제53조제1항,300,% 이하,제57조제1항,2025.7.1,2402,2026-09-21
청송군,경북,도시지역-공업,일반공업지역,70,% 이하,제53조제1항,350,% 이하,제57조제1항,2025.7.1,2402,2026-09-21
청송군,경북,도시지역-공업,준공업지역,70,% 이하,제53조제1항,400,% 이하,제57조제1항,2025.7.1,2402,2026-09-21
청송군,경북,도시지역-녹지,보전녹지지역,20,% 이하,제53조제1항,80,% 이하,제57조제1항,2025.7.1,2402,2026-09-21
청송군,경북,도시지역-녹지,생산녹지지역,20,% 이하,제53조제1항,100,% 이하,제57조제1항,2025.7.1,2402,2026-09-21
청송군,경북,도시지역-녹지,자연녹지지역,20,% 이하,제53조제1항,100,% 이하,제57조제1항,2025.7.1,2402,2026-09-21
청송군,경북,관리지역,보전관리지역,20,% 이하,제53조제1항,80,% 이하,제57조제1항,2025.7.1,2402,2026-09-21
청송군,경북,관리지역,생산관리지역,20,% 이하,제53조제1항,80,% 이하,제57조제1항,2025.7.1,2402,2026-09-21
청송군,경북,관리지역,계획관리지역,40,% 이하,제53조제1항,100,% 이하,제57조제1항,2025.7.1,2402,2026-09-21
청송군,경북,농림지역,농림지역,20,% 이하,제53조제1항,80,% 이하,제57조제1항,2025.7.1,2402,2026-09-21
청송군,경북,자연환경보전지역,자연환경보전지역,20,% 이하,제53조제1항,80,% 이하,제57조제1항,2025.7.1,2402,2026-09-21
영양군,경북,도시지역-주거,제1종전용주거지역,50,% 이하,제56조제1항,100,% 이하,제61조제1항,2025.12.19,2482,2026-09-21
영양군,경북,도시지역-주거,제2종전용주거지역,50,% 이하,제56조제1항,150,% 이하,제61조제1항,2025.12.19,2482,2026-09-21
영양군,경북,도시지역-주거,제1종일반주거지역,60,% 이하,제56조제1항,200,% 이하,제61조제1항,2025.12.19,2482,2026-09-21
영양군,경북,도시지역-주거,제2종일반주거지역,60,% 이하,제56조제1항,250,% 이하,제61조제1항,2025.12.19,2482,2026-09-21
영양군,경북,도시지역-주거,제3종일반주거지역,50,% 이하,제56조제1항,300,% 이하,제61조제1항,2025.12.19,2482,2026-09-21
영양군,경북,도시지역-주거,준주거지역,70,% 이하,제56조제1항,500,% 이하,제61조제1항,2025.12.19,2482,2026-09-21
영양군,경북,도시지역-상업,중심상업지역,90,% 이하,제56조제1항,1500,% 이하,제61조제1항,2025.12.19,2482,2026-09-21
영양군,경북,도시지역-상업,일반상업지역,80,% 이하,제56조제1항,1300,% 이하,제61조제1항,2025.12.19,2482,2026-09-21
영양군,경북,도시지역-상업,근린상업지역,70,% 이하,제56조제1항,900,% 이하,제61조제1항,2025.12.19,2482,2026-09-21
영양군,경북,도시지역-상업,유통상업지역,80,% 이하,제56조제1항,1100,% 이하,제61조제1항,2025.12.19,2482,2026-09-21
영양군,경북,도시지역-공업,전용공업지역,70,% 이하,제56조제1항,300,% 이하,제61조제1항,2025.12.19,2482,2026-09-21
영양군,경북,도시지역-공업,일반공업지역,70,% 이하,제56조제1항,350,% 이하,제61조제1항,2025.12.19,2482,2026-09-21
영양군,경북,도시지역-공업,준공업지역,70,% 이하,제56조제1항,400,% 이하,제61조제1항,2025.12.19,2482,2026-09-21
영양군,경북,도시지역-녹지,보전녹지지역,20,% 이하,제56조제1항,80,% 이하,제61조제1항,2025.12.19,2482,2026-09-21
영양군,경북,도시지역-녹지,생산녹지지역,20,% 이하,제56조제1항,100,% 이하,제61조제1항,2025.12.19,2482,2026-09-21
영양군,경북,도시지역-녹지,자연녹지지역,20,% 이하,제56조제1항,100,% 이하,제61조제1항,2025.12.19,2482,2026-09-21
영양군,경북,관리지역,보전관리지역,20,% 이하,제56조제1항,80,% 이하,제61조제1항,2025.12.19,2482,2026-09-21
영양군,경북,관리지역,생산관리지역,20,% 이하,제56조제1항,80,% 이하,제61조제1항,2025.12.19,2482,2026-09-21
영양군,경북,관리지역,계획관리지역,40,% 이하,제56조제1항,100,% 이하,제61조제1항,2025.12.19,2482,2026-09-21
영양군,경북,농림지역,농림지역,20,% 이하,제56조제1항,80,% 이하,제61조제1항,2025.12.19,2482,2026-09-21
영양군,경북,자연환경보전지역,자연환경보전지역,20,% 이하,제56조제1항,80,% 이하,제61조제1항,2025.12.19,2482,2026-09-21
영덕군,경북,도시지역-주거,제1종전용주거지역,40,% 이하,제57조제1항,80,% 이하,제62조제1항,2025.12.22,2446,2026-09-21
영덕군,경북,도시지역-주거,제2종전용주거지역,40,% 이하,제57조제1항,100,% 이하,제62조제1항,2025.12.22,2446,2026-09-21
영덕군,경북,도시지역-주거,제1종일반주거지역,60,% 이하,제57조제1항,200,% 이하,제62조제1항,2025.12.22,2446,2026-09-21
영덕군,경북,도시지역-주거,제2종일반주거지역,60,% 이하,제57조제1항,250,% 이하,제62조제1항,2025.12.22,2446,2026-09-21
영덕군,경북,도시지역-주거,제3종일반주거지역,50,% 이하,제57조제1항,300,% 이하,제62조제1항,2025.12.22,2446,2026-09-21
영덕군,경북,도시지역-주거,준주거지역,70,% 이하,제57조제1항,500,% 이하,제62조제1항,2025.12.22,2446,2026-09-21
영덕군,경북,도시지역-상업,중심상업지역,80,% 이하,제57조제1항,1000,% 이하,제62조제1항,2025.12.22,2446,2026-09-21
영덕군,경북,도시지역-상업,일반상업지역,80,% 이하,제57조제1항,1000,% 이하,제62조제1항,2025.12.22,2446,2026-09-21
영덕군,경북,도시지역-상업,근린상업지역,70,% 이하,제57조제1항,700,% 이하,제62조제1항,2025.12.22,2446,2026-09-21
영덕군,경북,도시지역-상업,유통상업지역,80,% 이하,제57조제1항,700,% 이하,제62조제1항,2025.12.22,2446,2026-09-21
영덕군,경북,도시지역-공업,전용공업지역,70,% 이하,제57조제1항,250,% 이하,제62조제1항,2025.12.22,2446,2026-09-21
영덕군,경북,도시지역-공업,일반공업지역,70,% 이하,제57조제1항,350,% 이하,제62조제1항,2025.12.22,2446,2026-09-21
영덕군,경북,도시지역-공업,준공업지역,70,% 이하,제57조제1항,400,% 이하,제62조제1항,2025.12.22,2446,2026-09-21
영덕군,경북,도시지역-녹지,보전녹지지역,20,% 이하,제57조제1항,80,% 이하,제62조제1항,2025.12.22,2446,2026-09-21
영덕군,경북,도시지역-녹지,생산녹지지역,20,% 이하,제57조제1항,100,% 이하,제62조제1항,2025.12.22,2446,2026-09-21
영덕군,경북,도시지역-녹지,자연녹지지역,20,% 이하,제57조제1항,100,% 이하,제62조제1항,2025.12.22,2446,2026-09-21
영덕군,경북,관리지역,보전관리지역,20,% 이하,제57조제1항,80,% 이하,제62조제1항,2025.12.22,2446,2026-09-21
영덕군,경북,관리지역,생산관리지역,20,% 이하,제57조제1항,80,% 이하,제62조제1항,2025.12.22,2446,2026-09-21
영덕군,경북,관리지역,계획관리지역,40,% 이하,제57조제1항,100,% 이하,제62조제1항,2025.12.22,2446,2026-09-21
영덕군,경북,농림지역,농림지역,20,% 이하,제57조제1항,80,% 이하,제62조제1항,2025.12.22,2446,2026-09-21
영덕군,경북,자연환경보전지역,자연환경보전지역,20,% 이하,제57조제1항,80,% 이하,제62조제1항,2025.12.22,2446,2026-09-21
고령군,경북,도시지역-주거,제1종전용주거지역,50,% 이하,제57조제1항,100,% 이하,제62조제1항,2026.4.14,2593,2026-09-21
고령군,경북,도시지역-주거,제2종전용주거지역,50,% 이하,제57조제1항,150,% 이하,제62조제1항,2026.4.14,2593,2026-09-21
고령군,경북,도시지역-주거,제1종일반주거지역,60,% 이하,제57조제1항,200,% 이하,제62조제1항,2026.4.14,2593,2026-09-21
고령군,경북,도시지역-주거,제2종일반주거지역,60,% 이하,제57조제1항,250,% 이하,제62조제1항,2026.4.14,2593,2026-09-21
고령군,경북,도시지역-주거,제3종일반주거지역,50,% 이하,제57조제1항,300,% 이하,제62조제1항,2026.4.14,2593,2026-09-21
고령군,경북,도시지역-주거,준주거지역,70,% 이하,제57조제1항,500,% 이하,제62조제1항,2026.4.14,2593,2026-09-21
고령군,경북,도시지역-상업,중심상업지역,90,% 이하,제57조제1항,1500,% 이하,제62조제1항,2026.4.14,2593,2026-09-21
고령군,경북,도시지역-상업,일반상업지역,80,% 이하,제57조제1항,1300,% 이하,제62조제1항,2026.4.14,2593,2026-09-21
고령군,경북,도시지역-상업,근린상업지역,70,% 이하,제57조제1항,900,% 이하,제62조제1항,2026.4.14,2593,2026-09-21
고령군,경북,도시지역-상업,유통상업지역,80,% 이하,제57조제1항,1100,% 이하,제62조제1항,2026.4.14,2593,2026-09-21
고령군,경북,도시지역-공업,전용공업지역,70,% 이하,제57조제1항,300,% 이하,제62조제1항,2026.4.14,2593,2026-09-21
고령군,경북,도시지역-공업,일반공업지역,70,% 이하,제57조제1항,350,% 이하,제62조제1항,2026.4.14,2593,2026-09-21
고령군,경북,도시지역-공업,준공업지역,70,% 이하,제57조제1항,400,% 이하,제62조제1항,2026.4.14,2593,2026-09-21
고령군,경북,도시지역-녹지,보전녹지지역,20,% 이하,제57조제1항,80,% 이하,제62조제1항,2026.4.14,2593,2026-09-21
고령군,경북,도시지역-녹지,생산녹지지역,20,% 이하,제57조제1항,100,% 이하,제62조제1항,2026.4.14,2593,2026-09-21
고령군,경북,도시지역-녹지,자연녹지지역,20,% 이하,제57조제1항,100,% 이하,제62조제1항,2026.4.14,2593,2026-09-21
고령군,경북,관리지역,보전관리지역,20,% 이하,제57조제1항,80,% 이하,제62조제1항,2026.4.14,2593,2026-09-21
고령군,경북,관리지역,생산관리지역,20,% 이하,제57조제1항,80,% 이하,제62조제1항,2026.4.14,2593,2026-09-21
고령군,경북,관리지역,계획관리지역,40,% 이하,제57조제1항,100,% 이하,제62조제1항,2026.4.14,2593,2026-09-21
고령군,경북,농림지역,농림지역,20,% 이하,제57조제1항,80,% 이하,제62조제1항,2026.4.14,2593,2026-09-21
고령군,경북,자연환경보전지역,자연환경보전지역,20,% 이하,제57조제1항,80,% 이하,제62조제1항,2026.4.14,2593,2026-09-21
성주군,경북,도시지역-주거,제1종전용주거지역,50,% 이하,제49조제1항,100,% 이하,제54조제1항,2026.9.17,2644,2026-09-21
성주군,경북,도시지역-주거,제2종전용주거지역,50,% 이하,제49조제1항,150,% 이하,제54조제1항,2026.9.17,2644,2026-09-21
성주군,경북,도시지역-주거,제1종일반주거지역,60,% 이하,제49조제1항,200,% 이하,제54조제1항,2026.9.17,2644,2026-09-21
성주군,경북,도시지역-주거,제2종일반주거지역,60,% 이하,제49조제1항,250,% 이하,제54조제1항,2026.9.17,2644,2026-09-21
성주군,경북,도시지역-주거,제3종일반주거지역,50,% 이하,제49조제1항,300,% 이하,제54조제1항,2026.9.17,2644,2026-09-21
성주군,경북,도시지역-주거,준주거지역,70,% 이하,제49조제1항,500,% 이하,제54조제1항,2026.9.17,2644,2026-09-21
성주군,경북,도시지역-상업,중심상업지역,90,% 이하,제49조제1항,1500,% 이하,제54조제1항,2026.9.17,2644,2026-09-21
성주군,경북,도시지역-상업,일반상업지역,80,% 이하,제49조제1항,1300,% 이하,제54조제1항,2026.9.17,2644,2026-09-21
성주군,경북,도시지역-상업,근린상업지역,70,% 이하,제49조제1항,900,% 이하,제54조제1항,2026.9.17,2644,2026-09-21
성주군,경북,도시지역-상업,유통상업지역,80,% 이하,제49조제1항,1100,% 이하,제54조제1항,2026.9.17,2644,2026-09-21
성주군,경북,도시지역-공업,전용공업지역,70,% 이하,제49조제1항,300,% 이하,제54조제1항,2026.9.17,2644,2026-09-21
성주군,경북,도시지역-공업,일반공업지역,70,% 이하,제49조제1항,350,% 이하,제54조제1항,2026.9.17,2644,2026-09-21
성주군,경북,도시지역-공업,준공업지역,70,% 이하,제49조제1항,400,% 이하,제54조제1항,2026.9.17,2644,2026-09-21
성주군,경북,도시지역-녹지,보전녹지지역,20,% 이하,제49조제1항,80,% 이하,제54조제1항,2026.9.17,2644,2026-09-21
성주군,경북,도시지역-녹지,생산녹지지역,20,% 이하,제49조제1항,100,% 이하,제54조제1항,2026.9.17,2644,2026-09-21
성주군,경북,도시지역-녹지,자연녹지지역,20,% 이하,제49조제1항,100,% 이하,제54조제1항,2026.9.17,2644,2026-09-21
성주군,경북,관리지역,보전관리지역,20,% 이하,제49조제1항,80,% 이하,제54조제1항,2026.9.17,2644,2026-09-21
성주군,경북,관리지역,생산관리지역,20,% 이하,제49조제1항,80,% 이하,제54조제1항,2026.9.17,2644,2026-09-21
성주군,경북,관리지역,계획관리지역,40,% 이하,제49조제1항,100,% 이하,제54조제1항,2026.9.17,2644,2026-09-21
성주군,경북,농림지역,농림지역,20,% 이하,제49조제1항,80,% 이하,제54조제1항,2026.9.17,2644,2026-09-21
성주군,경북,자연환경보전지역,자연환경보전지역,20,% 이하,제49조제1항,80,% 이하,제54조제1항,2026.9.17,2644,2026-09-21
칠곡군,경북,도시지역-주거,제1종전용주거지역,50,% 이하,제81조제1항,100,% 이하,제85조제1항,2025.12.26,2839,2026-09-21
칠곡군,경북,도시지역-주거,제2종전용주거지역,50,% 이하,제81조제1항,150,% 이하,제85조제1항,2025.12.26,2839,2026-09-21
칠곡군,경북,도시지역-주거,제1종일반주거지역,60,% 이하,제81조제1항,200,% 이하,제85조제1항,2025.12.26,2839,2026-09-21
칠곡군,경북,도시지역-주거,제2종일반주거지역,60,% 이하,제81조제1항,250,% 이하,제85조제1항,2025.12.26,2839,2026-09-21
칠곡군,경북,도시지역-주거,제3종일반주거지역,50,% 이하,제81조제1항,300,% 이하,제85조제1항,2025.12.26,2839,2026-09-21
칠곡군,경북,도시지역-주거,준주거지역,70,% 이하,제81조제1항,500,% 이하,제85조제1항,2025.12.26,2839,2026-09-21
칠곡군,경북,도시지역-상업,중심상업지역,80,% 이하,제81조제1항,1300,% 이하,제85조제1항,2025.12.26,2839,2026-09-21
칠곡군,경북,도시지역-상업,일반상업지역,80,% 이하,제81조제1항,1100,% 이하,제85조제1항,2025.12.26,2839,2026-09-21
칠곡군,경북,도시지역-상업,근린상업지역,70,% 이하,제81조제1항,900,% 이하,제85조제1항,2025.12.26,2839,2026-09-21
칠곡군,경북,도시지역-상업,유통상업지역,80,% 이하,제81조제1항,900,% 이하,제85조제1항,2025.12.26,2839,2026-09-21
칠곡군,경북,도시지역-공업,전용공업지역,70,% 이하,제81조제1항,300,% 이하,제85조제1항,2025.12.26,2839,2026-09-21
칠곡군,경북,도시지역-공업,일반공업지역,70,% 이하,제81조제1항,350,% 이하,제85조제1항,2025.12.26,2839,2026-09-21
칠곡군,경북,도시지역-공업,준공업지역,70,% 이하,제81조제1항,400,% 이하,제85조제1항,2025.12.26,2839,2026-09-21
칠곡군,경북,도시지역-녹지,보전녹지지역,20,% 이하,제81조제1항,80,% 이하,제85조제1항,2025.12.26,2839,2026-09-21
칠곡군,경북,도시지역-녹지,생산녹지지역,20,% 이하,제81조제1항,100,% 이하,제85조제1항,2025.12.26,2839,2026-09-21
칠곡군,경북,도시지역-녹지,자연녹지지역,20,% 이하,제81조제1항,100,% 이하,제85조제1항,2025.12.26,2839,2026-09-21
칠곡군,경북,관리지역,보전관리지역,20,% 이하,제81조제1항,80,% 이하,제85조제1항,2025.12.26,2839,2026-09-21
칠곡군,경북,관리지역,생산관리지역,20,% 이하,제81조제1항,80,% 이하,제85조제1항,2025.12.26,2839,2026-09-21
칠곡군,경북,관리지역,계획관리지역,40,% 이하,제81조제1항,100,% 이하,제85조제1항,2025.12.26,2839,2026-09-21
칠곡군,경북,농림지역,농림지역,20,% 이하,제81조제1항,80,% 이하,제85조제1항,2025.12.26,2839,2026-09-21
칠곡군,경북,자연환경보전지역,자연환경보전지역,20,% 이하,제81조제1항,80,% 이하,제85조제1항,2025.12.26,2839,2026-09-21
예천군,경북,도시지역-주거,제1종전용주거지역,50,% 이하,제53조제1항,100,% 이하,제61조제1항,2025.12.24,2723,2026-09-21
예천군,경북,도시지역-주거,제2종전용주거지역,50,% 이하,제53조제1항,150,% 이하,제61조제1항,2025.12.24,2723,2026-09-21
예천군,경북,도시지역-주거,제1종일반주거지역,60,% 이하,제53조제1항,200,% 이하,제61조제1항,2025.12.24,2723,2026-09-21
예천군,경북,도시지역-주거,제2종일반주거지역,60,% 이하,제53조제1항,250,% 이하,제61조제1항,2025.12.24,2723,2026-09-21
예천군,경북,도시지역-주거,제3종일반주거지역,50,% 이하,제53조제1항,300,% 이하,제61조제1항,2025.12.24,2723,2026-09-21
예천군,경북,도시지역-주거,준주거지역,70,% 이하,제53조제1항,500,% 이하,제61조제1항,2025.12.24,2723,2026-09-21
예천군,경북,도시지역-상업,중심상업지역,90,% 이하,제53조제1항,1500,% 이하,제61조제1항,2025.12.24,2723,2026-09-21
예천군,경북,도시지역-상업,일반상업지역,80,% 이하,제53조제1항,1300,% 이하,제61조제1항,2025.12.24,2723,2026-09-21
예천군,경북,도시지역-상업,근린상업지역,70,% 이하,제53조제1항,900,% 이하,제61조제1항,2025.12.24,2723,2026-09-21
예천군,경북,도시지역-상업,유통상업지역,80,% 이하,제53조제1항,1100,% 이하,제61조제1항,2025.12.24,2723,2026-09-21
예천군,경북,도시지역-공업,전용공업지역,70,% 이하,제53조제1항,300,% 이하,제61조제1항,2025.12.24,2723,2026-09-21
예천군,경북,도시지역-공업,일반공업지역,70,% 이하,제53조제1항,350,% 이하,제61조제1항,2025.12.24,2723,2026-09-21
예천군,경북,도시지역-공업,준공업지역,70,% 이하,제53조제1항,400,% 이하,제61조제1항,2025.12.24,2723,2026-09-21
예천군,경북,도시지역-녹지,보전녹지지역,20,% 이하,제53조제1항,80,% 이하,제61조제1항,2025.12.24,2723,2026-09-21
예천군,경북,도시지역-녹지,생산녹지지역,20,% 이하,제53조제1항,100,% 이하,제61조제1항,2025.12.24,2723,2026-09-21
예천군,경북,도시지역-녹지,자연녹지지역,20,% 이하,제53조제1항,100,% 이하,제61조제1항,2025.12.24,2723,2026-09-21
예천군,경북,관리지역,보전관리지역,20,% 이하,제53조제1항,80,% 이하,제61조제1항,2025.12.24,2723,2026-09-21
예천군,경북,관리지역,생산관리지역,20,% 이하,제53조제1항,80,% 이하,제61조제1항,2025.12.24,2723,2026-09-21
예천군,경북,관리지역,계획관리지역,40,% 이하,제53조제1항,100,% 이하,제61조제1항,2025.12.24,2723,2026-09-21
예천군,경북,농림지역,농림지역,20,% 이하,제53조제1항,80,% 이하,제61조제1항,2025.12.24,2723,2026-09-21
예천군,경북,자연환경보전지역,자연환경보전지역,20,% 이하,제53조제1항,80,% 이하,제61조제1항,2025.12.24,2723,2026-09-21
봉화군,경북,도시지역-주거,제1종전용주거지역,50,% 이하,제30조제1항,100,% 이하,제33조제1항,2025.12.15,3553,2026-09-21
봉화군,경북,도시지역-주거,제2종전용주거지역,50,% 이하,제30조제1항,150,% 이하,제33조제1항,2025.12.15,3553,2026-09-21
봉화군,경북,도시지역-주거,제1종일반주거지역,60,% 이하,제30조제1항,200,% 이하,제33조제1항,2025.12.15,3553,2026-09-21
봉화군,경북,도시지역-주거,제2종일반주거지역,60,% 이하,제30조제1항,250,% 이하,제33조제1항,2025.12.15,3553,2026-09-21
봉화군,경북,도시지역-주거,제3종일반주거지역,50,% 이하,제30조제1항,300,% 이하,제33조제1항,2025.12.15,3553,2026-09-21
봉화군,경북,도시지역-주거,준주거지역,70,% 이하,제30조제1항,500,% 이하,제33조제1항,2025.12.15,3553,2026-09-21
봉화군,경북,도시지역-상업,중심상업지역,90,% 이하,제30조제1항,1500,% 이하,제33조제1항,2025.12.15,3553,2026-09-21
봉화군,경북,도시지역-상업,일반상업지역,80,% 이하,제30조제1항,1300,% 이하,제33조제1항,2025.12.15,3553,2026-09-21
봉화군,경북,도시지역-상업,근린상업지역,70,% 이하,제30조제1항,900,% 이하,제33조제1항,2025.12.15,3553,2026-09-21
봉화군,경북,도시지역-상업,유통상업지역,80,% 이하,제30조제1항,1100,% 이하,제33조제1항,2025.12.15,3553,2026-09-21
봉화군,경북,도시지역-공업,전용공업지역,70,% 이하,제30조제1항,200,% 이하,제33조제1항,2025.12.15,3553,2026-09-21
봉화군,경북,도시지역-공업,일반공업지역,70,% 이하,제30조제1항,250,% 이하,제33조제1항,2025.12.15,3553,2026-09-21
봉화군,경북,도시지역-공업,준공업지역,70,% 이하,제30조제1항,300,% 이하,제33조제1항,2025.12.15,3553,2026-09-21
봉화군,경북,도시지역-녹지,보전녹지지역,20,% 이하,제30조제1항,80,% 이하,제33조제1항,2025.12.15,3553,2026-09-21
봉화군,경북,도시지역-녹지,생산녹지지역,20,% 이하,제30조제1항,100,% 이하,제33조제1항,2025.12.15,3553,2026-09-21
봉화군,경북,도시지역-녹지,자연녹지지역,20,% 이하,제30조제1항,100,% 이하,제33조제1항,2025.12.15,3553,2026-09-21
봉화군,경북,관리지역,보전관리지역,20,% 이하,제30조제1항,80,% 이하,제33조제1항,2025.12.15,3553,2026-09-21
봉화군,경북,관리지역,생산관리지역,20,% 이하,제30조제1항,80,% 이하,제33조제1항,2025.12.15,3553,2026-09-21
봉화군,경북,관리지역,계획관리지역,40,% 이하,제30조제1항,100,% 이하,제33조제1항,2025.12.15,3553,2026-09-21
봉화군,경북,농림지역,농림지역,20,% 이하,제30조제1항,80,% 이하,제33조제1항,2025.12.15,3553,2026-09-21
봉화군,경북,자연환경보전지역,자연환경보전지역,20,% 이하,제30조제1항,80,% 이하,제33조제1항,2025.12.15,3553,2026-09-21
울진군,경북,도시지역-주거,제1종전용주거지역,50,% 이하,제57조제1항,100,% 이하,제62조제1항,2023.5.1,2631,2026-09-21
울진군,경북,도시지역-주거,제2종전용주거지역,50,% 이하,제57조제1항,150,% 이하,제62조제1항,2023.5.1,2631,2026-09-21
울진군,경북,도시지역-주거,제1종일반주거지역,60,% 이하,제57조제1항,200,% 이하,제62조제1항,2023.5.1,2631,2026-09-21
울진군,경북,도시지역-주거,제2종일반주거지역,60,% 이하,제57조제1항,250,% 이하,제62조제1항,2023.5.1,2631,2026-09-21
울진군,경북,도시지역-주거,제3종일반주거지역,50,% 이하,제57조제1항,300,% 이하,제62조제1항,2023.5.1,2631,2026-09-21
울진군,경북,도시지역-주거,준주거지역,70,% 이하,제57조제1항,500,% 이하,제62조제1항,2023.5.1,2631,2026-09-21
울진군,경북,도시지역-상업,중심상업지역,90,% 이하,제57조제1항,1500,% 이하,제62조제1항,2023.5.1,2631,2026-09-21
울진군,경북,도시지역-상업,일반상업지역,80,% 이하,제57조제1항,1300,% 이하,제62조제1항,2023.5.1,2631,2026-09-21
울진군,경북,도시지역-상업,근린상업지역,70,% 이하,제57조제1항,900,% 이하,제62조제1항,2023.5.1,2631,2026-09-21
울진군,경북,도시지역-상업,유통상업지역,80,% 이하,제57조제1항,1100,% 이하,제62조제1항,2023.5.1,2631,2026-09-21
울진군,경북,도시지역-공업,전용공업지역,70,% 이하,제57조제1항,300,% 이하,제62조제1항,2023.5.1,2631,2026-09-21
울진군,경북,도시지역-공업,일반공업지역,70,% 이하,제57조제1항,350,% 이하,제62조제1항,2023.5.1,2631,2026-09-21
울진군,경북,도시지역-공업,준공업지역,70,% 이하,제57조제1항,400,% 이하,제62조제1항,2023.5.1,2631,2026-09-21
울진군,경북,도시지역-녹지,보전녹지지역,20,% 이하,제57조제1항,80,% 이하,제62조제1항,2023.5.1,2631,2026-09-21
울진군,경북,도시지역-녹지,생산녹지지역,20,% 이하,제57조제1항,100,% 이하,제62조제1항,2023.5.1,2631,2026-09-21
울진군,경북,도시지역-녹지,자연녹지지역,20,% 이하,제57조제1항,100,% 이하,제62조제1항,2023.5.1,2631,2026-09-21
울진군,경북,관리지역,보전관리지역,20,% 이하,제57조제1항,80,% 이하,제62조제1항,2023.5.1,2631,2026-09-21
울진군,경북,관리지역,생산관리지역,20,% 이하,제57조제1항,80,% 이하,제62조제1항,2023.5.1,2631,2026-09-21
울진군,경북,관리지역,계획관리지역,40,% 이하,제57조제1항,100,% 이하,제62조제1항,2023.5.1,2631,2026-09-21
울진군,경북,농림지역,농림지역,20,% 이하,제57조제1항,80,% 이하,제62조제1항,2023.5.1,2631,2026-09-21
울진군,경북,자연환경보전지역,자연환경보전지역,20,% 이하,제57조제1항,80,% 이하,제62조제1항,2023.5.1,2631,2026-09-21
울릉군,경북,도시지역-주거,제1종일반주거지역,60,% 이하,제31조제1항,200,% 이하,제35조제1항,2026.4.20,2248,2026-09-21
울릉군,경북,도시지역-주거,제2종일반주거지역,60,% 이하,제31조제1항,250,% 이하,제35조제1항,2026.4.20,2248,2026-09-21
울릉군,경북,도시지역-주거,제3종일반주거지역,50,% 이하,제31조제1항,300,% 이하,제35조제1항,2026.4.20,2248,2026-09-21
울릉군,경북,도시지역-주거,준주거지역,70,% 이하,제31조제1항,500,% 이하,제35조제1항,2026.4.20,2248,2026-09-21
울릉군,경북,도시지역-상업,일반상업지역,80,% 이하,제31조제1항,1300,% 이하,제35조제1항,2026.4.20,2248,2026-09-21
울릉군,경북,도시지역-공업,일반공업지역,70,% 이하,제31조제1항,350,% 이하,제35조제1항,2026.4.20,2248,2026-09-21
울릉군,경북,도시지역-녹지,보전녹지지역,20,% 이하,제31조제1항,80,% 이하,제35조제1항,2026.4.20,2248,2026-09-21
울릉군,경북,도시지역-녹지,자연녹지지역,20,% 이하,제31조제1항,100,% 이하,제35조제1항,2026.4.20,2248,2026-09-21
울릉군,경북,관리지역,보전관리지역,20,% 이하,제31조제1항,80,% 이하,제35조제1항,2026.4.20,2248,2026-09-21
울릉군,경북,관리지역,생산관리지역,20,% 이하,제31조제1항,80,% 이하,제35조제1항,2026.4.20,2248,2026-09-21
울릉군,경북,관리지역,계획관리지역,40,% 이하,제31조제1항,100,% 이하,제35조제1항,2026.4.20,2248,2026-09-21
울릉군,경북,농림지역,농림지역,20,% 이하,제31조제1항,80,% 이하,제35조제1항,2026.4.20,2248,2026-09-21
울릉군,경북,자연환경보전지역,자연환경보전지역,20,% 이하,제31조제1항,80,% 이하,제35조제1항,2026.4.20,2248,2026-09-21
진주시,경남,도시지역-주거,제1종전용주거지역,,,제51조제1항,80,% 이하,제58조제1항,2026.5.4,2209,2026-09-21
진주시,경남,도시지역-주거,제2종전용주거지역,,,제51조제1항,120,% 이하,제58조제1항,2026.5.4,2209,2026-09-21
진주시,경남,도시지역-주거,제1종일반주거지역,,,제51조제1항,180,% 이하,제58조제1항,2026.5.4,2209,2026-09-21
진주시,경남,도시지역-주거,제2종일반주거지역,,,제51조제1항,230,% 이하,제58조제1항,2026.5.4,2209,2026-09-21
진주시,경남,도시지역-주거,제3종일반주거지역,,,제51조제1항,270,% 이하,제58조제1항,2026.5.4,2209,2026-09-21
진주시,경남,도시지역-주거,준주거지역,,,제51조제1항,300,% 이하,제58조제1항,2026.5.4,2209,2026-09-21
진주시,경남,도시지역-상업,중심상업지역,,,제51조제1항,800,% 이하,제58조제1항,2026.5.4,2209,2026-09-21
진주시,경남,도시지역-상업,일반상업지역,,,제51조제1항,900,% 이하,제58조제1항,2026.5.4,2209,2026-09-21
진주시,경남,도시지역-상업,근린상업지역,,,제51조제1항,400,% 이하,제58조제1항,2026.5.4,2209,2026-09-21
진주시,경남,도시지역-상업,유통상업지역,,,제51조제1항,400,% 이하,제58조제1항,2026.5.4,2209,2026-09-21
진주시,경남,도시지역-공업,전용공업지역,,,제51조제1항,300,% 이하,제58조제1항,2026.5.4,2209,2026-09-21
진주시,경남,도시지역-공업,일반공업지역,,,제51조제1항,350,% 이하,제58조제1항,2026.5.4,2209,2026-09-21
진주시,경남,도시지역-공업,준공업지역,,,제51조제1항,400,% 이하,제58조제1항,2026.5.4,2209,2026-09-21
진주시,경남,도시지역-녹지,보전녹지지역,,,제51조제1항,60,% 이하,제58조제1항,2026.5.4,2209,2026-09-21
진주시,경남,도시지역-녹지,생산녹지지역,,,제51조제1항,60,% 이하,제58조제1항,2026.5.4,2209,2026-09-21
진주시,경남,도시지역-녹지,자연녹지지역,,,제51조제1항,80,% 이하,제58조제1항,2026.5.4,2209,2026-09-21
진주시,경남,관리지역,보전관리지역,,,제51조제1항,60,% 이하,제58조제1항,2026.5.4,2209,2026-09-21
진주시,경남,관리지역,생산관리지역,,,제51조제1항,60,% 이하,제58조제1항,2026.5.4,2209,2026-09-21
진주시,경남,관리지역,계획관리지역,,,제51조제1항,100,% 이하,제58조제1항,2026.5.4,2209,2026-09-21
진주시,경남,농림지역,농림지역,,,제51조제1항,60,% 이하,제58조제1항,2026.5.4,2209,2026-09-21
진주시,경남,자연환경보전지역,자연환경보전지역,,,제51조제1항,50,% 이하,제58조제1항,2026.5.4,2209,2026-09-21
통영시,경남,도시지역-주거,제1종전용주거지역,40,% 이하,제61조제1항,80,% 이하,제62조제1항,2026.1.2,2028,2026-09-21
통영시,경남,도시지역-주거,제2종전용주거지역,50,% 이하,제61조제1항,150,% 이하,제62조제1항,2026.1.2,2028,2026-09-21
통영시,경남,도시지역-주거,제1종일반주거지역,60,% 이하,제61조제1항,200,% 이하,제62조제1항,2026.1.2,2028,2026-09-21
통영시,경남,도시지역-주거,제2종일반주거지역,60,% 이하,제61조제1항,250,% 이하,제62조제1항,2026.1.2,2028,2026-09-21
통영시,경남,도시지역-주거,제3종일반주거지역,50,% 이하,제61조제1항,300,% 이하,제62조제1항,2026.1.2,2028,2026-09-21
통영시,경남,도시지역-주거,준주거지역,70,% 이하,제61조제1항,350,% 이하,제62조제1항,2026.1.2,2028,2026-09-21
통영시,경남,도시지역-상업,중심상업지역,90,% 이하,제61조제1항,1000,% 이하,제62조제1항,2026.1.2,2028,2026-09-21
통영시,경남,도시지역-상업,일반상업지역,80,% 이하,제61조제1항,800,% 이하,제62조제1항,2026.1.2,2028,2026-09-21
통영시,경남,도시지역-상업,근린상업지역,70,% 이하,제61조제1항,600,% 이하,제62조제1항,2026.1.2,2028,2026-09-21
통영시,경남,도시지역-상업,유통상업지역,80,% 이하,제61조제1항,700,% 이하,제62조제1항,2026.1.2,2028,2026-09-21
통영시,경남,도시지역-공업,전용공업지역,70,% 이하,제61조제1항,250,% 이하,제62조제1항,2026.1.2,2028,2026-09-21
통영시,경남,도시지역-공업,일반공업지역,70,% 이하,제61조제1항,300,% 이하,제62조제1항,2026.1.2,2028,2026-09-21
통영시,경남,도시지역-공업,준공업지역,70,% 이하,제61조제1항,300,% 이하,제62조제1항,2026.1.2,2028,2026-09-21
통영시,경남,도시지역-녹지,보전녹지지역,20,% 이하,제61조제1항,80,% 이하,제62조제1항,2026.1.2,2028,2026-09-21
통영시,경남,도시지역-녹지,생산녹지지역,20,% 이하,제61조제1항,100,% 이하,제62조제1항,2026.1.2,2028,2026-09-21
통영시,경남,도시지역-녹지,자연녹지지역,20,% 이하,제61조제1항,100,% 이하,제62조제1항,2026.1.2,2028,2026-09-21
통영시,경남,관리지역,보전관리지역,20,% 이하,제61조제1항,80,% 이하,제62조제1항,2026.1.2,2028,2026-09-21
통영시,경남,관리지역,생산관리지역,20,% 이하,제61조제1항,80,% 이하,제62조제1항,2026.1.2,2028,2026-09-21
통영시,경남,관리지역,계획관리지역,40,% 이하,제61조제1항,100,% 이하,제62조제1항,2026.1.2,2028,2026-09-21
통영시,경남,농림지역,농림지역,20,% 이하,제61조제1항,80,% 이하,제62조제1항,2026.1.2,2028,2026-09-21
통영시,경남,자연환경보전지역,자연환경보전지역,20,% 이하,제61조제1항,80,% 이하,제62조제1항,2026.1.2,2028,2026-09-21
사천시,경남,도시지역-주거,제1종전용주거지역,50,% 이하,제45조제1항,100,% 이하,제49조제1항,2026.7.2,2333,2026-09-21
사천시,경남,도시지역-주거,제2종전용주거지역,50,% 이하,제45조제1항,150,% 이하,제49조제1항,2026.7.2,2333,2026-09-21
사천시,경남,도시지역-주거,제1종일반주거지역,60,% 이하,제45조제1항,200,% 이하,제49조제1항,2026.7.2,2333,2026-09-21
사천시,경남,도시지역-주거,제2종일반주거지역,60,% 이하,제45조제1항,250,% 이하,제49조제1항,2026.7.2,2333,2026-09-21
사천시,경남,도시지역-주거,제3종일반주거지역,50,% 이하,제45조제1항,300,% 이하,제49조제1항,2026.7.2,2333,2026-09-21
사천시,경남,도시지역-주거,준주거지역,70,% 이하,제45조제1항,400,% 이하,제49조제1항,2026.7.2,2333,2026-09-21
사천시,경남,도시지역-상업,중심상업지역,90,% 이하,제45조제1항,1000,% 이하,제49조제1항,2026.7.2,2333,2026-09-21
사천시,경남,도시지역-상업,일반상업지역,80,% 이하,제45조제1항,800,% 이하,제49조제1항,2026.7.2,2333,2026-09-21
사천시,경남,도시지역-상업,근린상업지역,70,% 이하,제45조제1항,700,% 이하,제49조제1항,2026.7.2,2333,2026-09-21
사천시,경남,도시지역-상업,유통상업지역,80,% 이하,제45조제1항,700,% 이하,제49조제1항,2026.7.2,2333,2026-09-21
사천시,경남,도시지역-공업,전용공업지역,70,% 이하,제45조제1항,300,% 이하,제49조제1항,2026.7.2,2333,2026-09-21
사천시,경남,도시지역-공업,일반공업지역,70,% 이하,제45조제1항,350,% 이하,제49조제1항,2026.7.2,2333,2026-09-21
사천시,경남,도시지역-공업,준공업지역,70,% 이하,제45조제1항,400,% 이하,제49조제1항,2026.7.2,2333,2026-09-21
사천시,경남,도시지역-녹지,보전녹지지역,20,% 이하,제45조제1항,80,% 이하,제49조제1항,2026.7.2,2333,2026-09-21
사천시,경남,도시지역-녹지,생산녹지지역,20,% 이하,제45조제1항,80,% 이하,제49조제1항,2026.7.2,2333,2026-09-21
사천시,경남,도시지역-녹지,자연녹지지역,20,% 이하,제45조제1항,80,% 이하,제49조제1항,2026.7.2,2333,2026-09-21
사천시,경남,관리지역,보전관리지역,20,% 이하,제45조제1항,80,% 이하,제49조제1항,2026.7.2,2333,2026-09-21
사천시,경남,관리지역,생산관리지역,20,% 이하,제45조제1항,80,% 이하,제49조제1항,2026.7.2,2333,2026-09-21
사천시,경남,관리지역,계획관리지역,40,% 이하,제45조제1항,100,% 이하,제49조제1항,2026.7.2,2333,2026-09-21
사천시,경남,농림지역,농림지역,20,% 이하,제45조제1항,80,% 이하,제49조제1항,2026.7.2,2333,2026-09-21
사천시,경남,자연환경보전지역,자연환경보전지역,20,% 이하,제45조제1항,80,% 이하,제49조제1항,2026.7.2,2333,2026-09-21
김해시,경남,도시지역-주거,제1종전용주거지역,50,% 이하,제57조제1항,100,% 이하,제62조제1항,2026.4.1,2265,2026-09-21
김해시,경남,도시지역-주거,제2종전용주거지역,50,% 이하,제57조제1항,120,% 이하,제62조제1항,2026.4.1,2265,2026-09-21
김해시,경남,도시지역-주거,제1종일반주거지역,60,% 이하,제57조제1항,180,% 이하,제62조제1항,2026.4.1,2265,2026-09-21
김해시,경남,도시지역-주거,제2종일반주거지역,60,% 이하,제57조제1항,220,% 이하,제62조제1항,2026.4.1,2265,2026-09-21
김해시,경남,도시지역-주거,제3종일반주거지역,50,% 이하,제57조제1항,270,% 이하,제62조제1항,2026.4.1,2265,2026-09-21
김해시,경남,도시지역-주거,준주거지역,70,% 이하,제57조제1항,400,% 이하,제62조제1항,2026.4.1,2265,2026-09-21
김해시,경남,도시지역-상업,중심상업지역,80,% 이하,제57조제1항,1000,% 이하,제62조제1항,2026.4.1,2265,2026-09-21
김해시,경남,도시지역-상업,일반상업지역,80,% 이하,제57조제1항,900,% 이하,제62조제1항,2026.4.1,2265,2026-09-21
김해시,경남,도시지역-상업,근린상업지역,70,% 이하,제57조제1항,700,% 이하,제62조제1항,2026.4.1,2265,2026-09-21
김해시,경남,도시지역-상업,유통상업지역,70,% 이하,제57조제1항,800,% 이하,제62조제1항,2026.4.1,2265,2026-09-21
김해시,경남,도시지역-공업,전용공업지역,70,% 이하,제57조제1항,300,% 이하,제62조제1항,2026.4.1,2265,2026-09-21
김해시,경남,도시지역-공업,일반공업지역,70,% 이하,제57조제1항,350,% 이하,제62조제1항,2026.4.1,2265,2026-09-21
김해시,경남,도시지역-공업,준공업지역,70,% 이하,제57조제1항,350,% 이하,제62조제1항,2026.4.1,2265,2026-09-21
김해시,경남,도시지역-녹지,보전녹지지역,20,% 이하,제57조제1항,70,% 이하,제62조제1항,2026.4.1,2265,2026-09-21
김해시,경남,도시지역-녹지,생산녹지지역,20,% 이하,제57조제1항,100,% 이하,제62조제1항,2026.4.1,2265,2026-09-21
김해시,경남,도시지역-녹지,자연녹지지역,20,% 이하,제57조제1항,100,% 이하,제62조제1항,2026.4.1,2265,2026-09-21
김해시,경남,관리지역,보전관리지역,20,% 이하,제57조제1항,80,% 이하,제62조제1항,2026.4.1,2265,2026-09-21
김해시,경남,관리지역,생산관리지역,20,% 이하,제57조제1항,80,% 이하,제62조제1항,2026.4.1,2265,2026-09-21
김해시,경남,관리지역,계획관리지역,40,% 이하,제57조제1항,100,% 이하,제62조제1항,2026.4.1,2265,2026-09-21
김해시,경남,농림지역,농림지역,20,% 이하,제57조제1항,80,% 이하,제62조제1항,2026.4.1,2265,2026-09-21
김해시,경남,자연환경보전지역,자연환경보전지역,20,% 이하,제57조제1항,80,% 이하,제62조제1항,2026.4.1,2265,2026-09-21
밀양시,경남,도시지역-주거,제1종전용주거지역,50,% 이하,제53조제1항,100,% 이하,제58조제1항,2025.5.8,1807,2026-09-21
밀양시,경남,도시지역-주거,제2종전용주거지역,50,% 이하,제53조제1항,150,% 이하,제58조제1항,2025.5.8,1807,2026-09-21
밀양시,경남,도시지역-주거,제1종일반주거지역,60,% 이하,제53조제1항,200,% 이하,제58조제1항,2025.5.8,1807,2026-09-21
밀양시,경남,도시지역-주거,제2종일반주거지역,60,% 이하,제53조제1항,230,% 이하,제58조제1항,2025.5.8,1807,2026-09-21
밀양시,경남,도시지역-주거,제3종일반주거지역,50,% 이하,제53조제1항,270,% 이하,제58조제1항,2025.5.8,1807,2026-09-21
밀양시,경남,도시지역-주거,준주거지역,70,% 이하,제53조제1항,400,% 이하,제58조제1항,2025.5.8,1807,2026-09-21
밀양시,경남,도시지역-상업,중심상업지역,90,% 이하,제53조제1항,1200,% 이하,제58조제1항,2025.5.8,1807,2026-09-21
밀양시,경남,도시지역-상업,일반상업지역,80,% 이하,제53조제1항,1000,% 이하,제58조제1항,2025.5.8,1807,2026-09-21
밀양시,경남,도시지역-상업,근린상업지역,70,% 이하,제53조제1항,800,% 이하,제58조제1항,2025.5.8,1807,2026-09-21
밀양시,경남,도시지역-상업,유통상업지역,80,% 이하,제53조제1항,900,% 이하,제58조제1항,2025.5.8,1807,2026-09-21
밀양시,경남,도시지역-공업,전용공업지역,70,% 이하,제53조제1항,250,% 이하,제58조제1항,2025.5.8,1807,2026-09-21
밀양시,경남,도시지역-공업,일반공업지역,70,% 이하,제53조제1항,330,% 이하,제58조제1항,2025.5.8,1807,2026-09-21
밀양시,경남,도시지역-공업,준공업지역,70,% 이하,제53조제1항,300,% 이하,제58조제1항,2025.5.8,1807,2026-09-21
밀양시,경남,도시지역-녹지,보전녹지지역,20,% 이하,제53조제1항,80,% 이하,제58조제1항,2025.5.8,1807,2026-09-21
밀양시,경남,도시지역-녹지,생산녹지지역,20,% 이하,제53조제1항,100,% 이하,제58조제1항,2025.5.8,1807,2026-09-21
밀양시,경남,도시지역-녹지,자연녹지지역,20,% 이하,제53조제1항,100,% 이하,제58조제1항,2025.5.8,1807,2026-09-21
밀양시,경남,관리지역,보전관리지역,20,% 이하,제53조제1항,80,% 이하,제58조제1항,2025.5.8,1807,2026-09-21
밀양시,경남,관리지역,생산관리지역,20,% 이하,제53조제1항,80,% 이하,제58조제1항,2025.5.8,1807,2026-09-21
밀양시,경남,관리지역,계획관리지역,40,% 이하,제53조제1항,100,% 이하,제58조제1항,2025.5.8,1807,2026-09-21
밀양시,경남,농림지역,농림지역,20,% 이하,제53조제1항,80,% 이하,제58조제1항,2025.5.8,1807,2026-09-21
밀양시,경남,자연환경보전지역,자연환경보전지역,20,% 이하,제53조제1항,80,% 이하,제58조제1항,2025.5.8,1807,2026-09-21
거제시,경남,도시지역-주거,제1종전용주거지역,40,% 이하,제57조제1항,100,% 이하,제62조제1항,2026.4.9,2392,2026-09-21
거제시,경남,도시지역-주거,제2종전용주거지역,50,% 이하,제57조제1항,150,% 이하,제62조제1항,2026.4.9,2392,2026-09-21
거제시,경남,도시지역-주거,제1종일반주거지역,60,% 이하,제57조제1항,200,% 이하,제62조제1항,2026.4.9,2392,2026-09-21
거제시,경남,도시지역-주거,제2종일반주거지역,60,% 이하,제57조제1항,250,% 이하,제62조제1항,2026.4.9,2392,2026-09-21
거제시,경남,도시지역-주거,제3종일반주거지역,50,% 이하,제57조제1항,300,% 이하,제62조제1항,2026.4.9,2392,2026-09-21
거제시,경남,도시지역-주거,준주거지역,70,% 이하,제57조제1항,400,% 이하,제62조제1항,2026.4.9,2392,2026-09-21
거제시,경남,도시지역-상업,중심상업지역,80,% 이하,제57조제1항,1200,% 이하,제62조제1항,2026.4.9,2392,2026-09-21
거제시,경남,도시지역-상업,일반상업지역,80,% 이하,제57조제1항,900,% 이하,제62조제1항,2026.4.9,2392,2026-09-21
거제시,경남,도시지역-상업,근린상업지역,70,% 이하,제57조제1항,600,% 이하,제62조제1항,2026.4.9,2392,2026-09-21
거제시,경남,도시지역-상업,유통상업지역,60,% 이하,제57조제1항,600,% 이하,제62조제1항,2026.4.9,2392,2026-09-21
거제시,경남,도시지역-공업,전용공업지역,70,% 이하,제57조제1항,250,% 이하,제62조제1항,2026.4.9,2392,2026-09-21
거제시,경남,도시지역-공업,일반공업지역,70,% 이하,제57조제1항,300,% 이하,제62조제1항,2026.4.9,2392,2026-09-21
거제시,경남,도시지역-공업,준공업지역,70,% 이하,제57조제1항,300,% 이하,제62조제1항,2026.4.9,2392,2026-09-21
거제시,경남,도시지역-녹지,보전녹지지역,20,% 이하,제57조제1항,60,% 이하,제62조제1항,2026.4.9,2392,2026-09-21
거제시,경남,도시지역-녹지,생산녹지지역,20,% 이하,제57조제1항,80,% 이하,제62조제1항,2026.4.9,2392,2026-09-21
거제시,경남,도시지역-녹지,자연녹지지역,20,% 이하,제57조제1항,100,% 이하,제62조제1항,2026.4.9,2392,2026-09-21
거제시,경남,관리지역,보전관리지역,20,% 이하,제57조제1항,80,% 이하,제62조제1항,2026.4.9,2392,2026-09-21
거제시,경남,관리지역,생산관리지역,20,% 이하,제57조제1항,80,% 이하,제62조제1항,2026.4.9,2392,2026-09-21
거제시,경남,관리지역,계획관리지역,40,% 이하,제57조제1항,100,% 이하,제62조제1항,2026.4.9,2392,2026-09-21
거제시,경남,농림지역,농림지역,20,% 이하,제57조제1항,80,% 이하,제62조제1항,2026.4.9,2392,2026-09-21
거제시,경남,자연환경보전지역,자연환경보전지역,20,% 이하,제57조제1항,80,% 이하,제62조제1항,2026.4.9,2392,2026-09-21
양산시,경남,도시지역-주거,제1종전용주거지역,50,% 이하,제55조제1항,100,% 이하,제60조제1항,2025.12.11,2293,2026-09-21
양산시,경남,도시지역-주거,제2종전용주거지역,40,% 이하,제55조제1항,150,% 이하,제60조제1항,2025.12.11,2293,2026-09-21
양산시,경남,도시지역-주거,제1종일반주거지역,60,% 이하,제55조제1항,200,% 이하,제60조제1항,2025.12.11,2293,2026-09-21
양산시,경남,도시지역-주거,제2종일반주거지역,60,% 이하,제55조제1항,220,% 이하,제60조제1항,2025.12.11,2293,2026-09-21
양산시,경남,도시지역-주거,제3종일반주거지역,50,% 이하,제55조제1항,250,% 이하,제60조제1항,2025.12.11,2293,2026-09-21
양산시,경남,도시지역-주거,준주거지역,70,% 이하,제55조제1항,400,% 이하,제60조제1항,2025.12.11,2293,2026-09-21
양산시,경남,도시지역-상업,중심상업지역,80,% 이하,제55조제1항,1300,% 이하,제60조제1항,2025.12.11,2293,2026-09-21
양산시,경남,도시지역-상업,일반상업지역,80,% 이하,제55조제1항,1000,% 이하,제60조제1항,2025.12.11,2293,2026-09-21
양산시,경남,도시지역-상업,근린상업지역,70,% 이하,제55조제1항,800,% 이하,제60조제1항,2025.12.11,2293,2026-09-21
양산시,경남,도시지역-상업,유통상업지역,70,% 이하,제55조제1항,700,% 이하,제60조제1항,2025.12.11,2293,2026-09-21
양산시,경남,도시지역-공업,전용공업지역,70,% 이하,제55조제1항,250,% 이하,제60조제1항,2025.12.11,2293,2026-09-21
양산시,경남,도시지역-공업,일반공업지역,70,% 이하,제55조제1항,300,% 이하,제60조제1항,2025.12.11,2293,2026-09-21
양산시,경남,도시지역-공업,준공업지역,70,% 이하,제55조제1항,350,% 이하,제60조제1항,2025.12.11,2293,2026-09-21
양산시,경남,도시지역-녹지,보전녹지지역,20,% 이하,제55조제1항,80,% 이하,제60조제1항,2025.12.11,2293,2026-09-21
양산시,경남,도시지역-녹지,생산녹지지역,20,% 이하,제55조제1항,100,% 이하,제60조제1항,2025.12.11,2293,2026-09-21
양산시,경남,도시지역-녹지,자연녹지지역,20,% 이하,제55조제1항,100,% 이하,제60조제1항,2025.12.11,2293,2026-09-21
양산시,경남,관리지역,보전관리지역,20,% 이하,제55조제1항,80,% 이하,제60조제1항,2025.12.11,2293,2026-09-21
양산시,경남,관리지역,생산관리지역,20,% 이하,제55조제1항,80,% 이하,제60조제1항,2025.12.11,2293,2026-09-21
양산시,경남,관리지역,계획관리지역,40,% 이하,제55조제1항,100,% 이하,제60조제1항,2025.12.11,2293,2026-09-21
양산시,경남,농림지역,농림지역,20,% 이하,제55조제1항,80,% 이하,제60조제1항,2025.12.11,2293,2026-09-21
양산시,경남,자연환경보전지역,자연환경보전지역,20,% 이하,제55조제1항,80,% 이하,제60조제1항,2025.12.11,2293,2026-09-21
의령군,경남,도시지역-주거,제1종전용주거지역,50,% 이하,제37조제1항,100,% 이하,제42조제1항,2026.3.25,2791,2026-09-21
의령군,경남,도시지역-주거,제2종전용주거지역,50,% 이하,제37조제1항,150,% 이하,제42조제1항,2026.3.25,2791,2026-09-21
의령군,경남,도시지역-주거,제1종일반주거지역,60,% 이하,제37조제1항,200,% 이하,제42조제1항,2026.3.25,2791,2026-09-21
의령군,경남,도시지역-주거,제2종일반주거지역,60,% 이하,제37조제1항,250,% 이하,제42조제1항,2026.3.25,2791,2026-09-21
의령군,경남,도시지역-주거,제3종일반주거지역,50,% 이하,제37조제1항,300,% 이하,제42조제1항,2026.3.25,2791,2026-09-21
의령군,경남,도시지역-주거,준주거지역,70,% 이하,제37조제1항,500,% 이하,제42조제1항,2026.3.25,2791,2026-09-21
의령군,경남,도시지역-상업,중심상업지역,90,% 이하,제37조제1항,1500,% 이하,제42조제1항,2026.3.25,2791,2026-09-21
의령군,경남,도시지역-상업,일반상업지역,80,% 이하,제37조제1항,1300,% 이하,제42조제1항,2026.3.25,2791,2026-09-21
의령군,경남,도시지역-상업,근린상업지역,70,% 이하,제37조제1항,900,% 이하,제42조제1항,2026.3.25,2791,2026-09-21
의령군,경남,도시지역-상업,유통상업지역,80,% 이하,제37조제1항,1100,% 이하,제42조제1항,2026.3.25,2791,2026-09-21
의령군,경남,도시지역-공업,전용공업지역,70,% 이하,제37조제1항,300,% 이하,제42조제1항,2026.3.25,2791,2026-09-21
의령군,경남,도시지역-공업,일반공업지역,70,% 이하,제37조제1항,350,% 이하,제42조제1항,2026.3.25,2791,2026-09-21
의령군,경남,도시지역-공업,준공업지역,70,% 이하,제37조제1항,400,% 이하,제42조제1항,2026.3.25,2791,2026-09-21
의령군,경남,도시지역-녹지,보전녹지지역,20,% 이하,제37조제1항,80,% 이하,제42조제1항,2026.3.25,2791,2026-09-21
의령군,경남,도시지역-녹지,생산녹지지역,20,% 이하,제37조제1항,100,% 이하,제42조제1항,2026.3.25,2791,2026-09-21
의령군,경남,도시지역-녹지,자연녹지지역,20,% 이하,제37조제1항,100,% 이하,제42조제1항,2026.3.25,2791,2026-09-21
의령군,경남,관리지역,보전관리지역,20,% 이하,제37조제1항,80,% 이하,제42조제1항,2026.3.25,2791,2026-09-21
의령군,경남,관리지역,생산관리지역,20,% 이하,제37조제1항,80,% 이하,제42조제1항,2026.3.25,2791,2026-09-21
의령군,경남,관리지역,계획관리지역,40,% 이하,제37조제1항,100,% 이하,제42조제1항,2026.3.25,2791,2026-09-21
의령군,경남,농림지역,농림지역,20,% 이하,제37조제1항,80,% 이하,제42조제1항,2026.3.25,2791,2026-09-21
의령군,경남,자연환경보전지역,자연환경보전지역,20,% 이하,제37조제1항,80,% 이하,제42조제1항,2026.3.25,2791,2026-09-21
함안군,경남,도시지역-주거,제1종전용주거지역,50,% 이하,제52조제1항,100,% 이하,제57조제1항,2026.6.30,3034,2026-09-21
함안군,경남,도시지역-주거,제2종전용주거지역,50,% 이하,제52조제1항,150,% 이하,제57조제1항,2026.6.30,3034,2026-09-21
함안군,경남,도시지역-주거,제1종일반주거지역,60,% 이하,제52조제1항,200,% 이하,제57조제1항,2026.6.30,3034,2026-09-21
함안군,경남,도시지역-주거,제2종일반주거지역,60,% 이하,제52조제1항,250,% 이하,제57조제1항,2026.6.30,3034,2026-09-21
함안군,경남,도시지역-주거,제3종일반주거지역,50,% 이하,제52조제1항,300,% 이하,제57조제1항,2026.6.30,3034,2026-09-21
함안군,경남,도시지역-주거,준주거지역,70,% 이하,제52조제1항,400,% 이하,제57조제1항,2026.6.30,3034,2026-09-21
함안군,경남,도시지역-상업,중심상업지역,90,% 이하,제52조제1항,1000,% 이하,제57조제1항,2026.6.30,3034,2026-09-21
함안군,경남,도시지역-상업,일반상업지역,80,% 이하,제52조제1항,800,% 이하,제57조제1항,2026.6.30,3034,2026-09-21
함안군,경남,도시지역-상업,근린상업지역,70,% 이하,제52조제1항,600,% 이하,제57조제1항,2026.6.30,3034,2026-09-21
함안군,경남,도시지역-상업,유통상업지역,80,% 이하,제52조제1항,600,% 이하,제57조제1항,2026.6.30,3034,2026-09-21
함안군,경남,도시지역-공업,전용공업지역,70,% 이하,제52조제1항,300,% 이하,제57조제1항,2026.6.30,3034,2026-09-21
함안군,경남,도시지역-공업,일반공업지역,70,% 이하,제52조제1항,350,% 이하,제57조제1항,2026.6.30,3034,2026-09-21
함안군,경남,도시지역-공업,준공업지역,70,% 이하,제52조제1항,250,% 이하,제57조제1항,2026.6.30,3034,2026-09-21
함안군,경남,도시지역-녹지,보전녹지지역,20,% 이하,제52조제1항,80,% 이하,제57조제1항,2026.6.30,3034,2026-09-21
함안군,경남,도시지역-녹지,생산녹지지역,20,% 이하,제52조제1항,100,% 이하,제57조제1항,2026.6.30,3034,2026-09-21
함안군,경남,도시지역-녹지,자연녹지지역,20,% 이하,제52조제1항,100,% 이하,제57조제1항,2026.6.30,3034,2026-09-21
함안군,경남,관리지역,보전관리지역,20,% 이하,제52조제1항,80,% 이하,제57조제1항,2026.6.30,3034,2026-09-21
함안군,경남,관리지역,생산관리지역,20,% 이하,제52조제1항,80,% 이하,제57조제1항,2026.6.30,3034,2026-09-21
함안군,경남,관리지역,계획관리지역,40,% 이하,제52조제1항,100,% 이하,제57조제1항,2026.6.30,3034,2026-09-21
함안군,경남,농림지역,농림지역,20,% 이하,제52조제1항,80,% 이하,제57조제1항,2026.6.30,3034,2026-09-21
함안군,경남,자연환경보전지역,자연환경보전지역,20,% 이하,제52조제1항,80,% 이하,제57조제1항,2026.6.30,3034,2026-09-21
창녕군,경남,도시지역-주거,제1종전용주거지역,50,% 이하,제42조제1항,100,% 이하,제47조제1항,2025.12.18,2914,2026-09-21
창녕군,경남,도시지역-주거,제2종전용주거지역,50,% 이하,제42조제1항,150,% 이하,제47조제1항,2025.12.18,2914,2026-09-21
창녕군,경남,도시지역-주거,제1종일반주거지역,60,% 이하,제42조제1항,200,% 이하,제47조제1항,2025.12.18,2914,2026-09-21
창녕군,경남,도시지역-주거,제2종일반주거지역,60,% 이하,제42조제1항,250,% 이하,제47조제1항,2025.12.18,2914,2026-09-21
창녕군,경남,도시지역-주거,제3종일반주거지역,50,% 이하,제42조제1항,300,% 이하,제47조제1항,2025.12.18,2914,2026-09-21
창녕군,경남,도시지역-주거,준주거지역,70,% 이하,제42조제1항,500,% 이하,제47조제1항,2025.12.18,2914,2026-09-21
창녕군,경남,도시지역-상업,중심상업지역,90,% 이하,제42조제1항,1500,% 이하,제47조제1항,2025.12.18,2914,2026-09-21
창녕군,경남,도시지역-상업,일반상업지역,80,% 이하,제42조제1항,1300,% 이하,제47조제1항,2025.12.18,2914,2026-09-21
창녕군,경남,도시지역-상업,근린상업지역,70,% 이하,제42조제1항,900,% 이하,제47조제1항,2025.12.18,2914,2026-09-21
창녕군,경남,도시지역-상업,유통상업지역,80,% 이하,제42조제1항,1100,% 이하,제47조제1항,2025.12.18,2914,2026-09-21
창녕군,경남,도시지역-공업,전용공업지역,70,% 이하,제42조제1항,300,% 이하,제47조제1항,2025.12.18,2914,2026-09-21
창녕군,경남,도시지역-공업,일반공업지역,70,% 이하,제42조제1항,350,% 이하,제47조제1항,2025.12.18,2914,2026-09-21
창녕군,경남,도시지역-공업,준공업지역,70,% 이하,제42조제1항,400,% 이하,제47조제1항,2025.12.18,2914,2026-09-21
창녕군,경남,도시지역-녹지,보전녹지지역,20,% 이하,제42조제1항,80,% 이하,제47조제1항,2025.12.18,2914,2026-09-21
창녕군,경남,도시지역-녹지,생산녹지지역,20,% 이하,제42조제1항,100,% 이하,제47조제1항,2025.12.18,2914,2026-09-21
창녕군,경남,도시지역-녹지,자연녹지지역,20,% 이하,제42조제1항,100,% 이하,제47조제1항,2025.12.18,2914,2026-09-21
창녕군,경남,관리지역,보전관리지역,20,% 이하,제42조제1항,80,% 이하,제47조제1항,2025.12.18,2914,2026-09-21
창녕군,경남,관리지역,생산관리지역,20,% 이하,제42조제1항,80,% 이하,제47조제1항,2025.12.18,2914,2026-09-21
창녕군,경남,관리지역,계획관리지역,40,% 이하,제42조제1항,100,% 이하,제47조제1항,2025.12.18,2914,2026-09-21
창녕군,경남,농림지역,농림지역,20,% 이하,제42조제1항,80,% 이하,제47조제1항,2025.12.18,2914,2026-09-21
창녕군,경남,자연환경보전지역,자연환경보전지역,20,% 이하,제42조제1항,80,% 이하,제47조제1항,2025.12.18,2914,2026-09-21
